StintID,RaceID,Driver,Compound,NumLaps,Slope_s_per_lap,Intercept
2022_Abu Dhabi Grand Prix__ALB__1,2022_Abu Dhabi Grand Prix,ALB,MEDIUM,10,0.008122653794216833,92.59870006824744
2022_Abu Dhabi Grand Prix__ALB__2,2022_Abu Dhabi Grand Prix,ALB,HARD,20,-0.0005990363416523166,91.88134314284754
2022_Abu Dhabi Grand Prix__ALB__4,2022_Abu Dhabi Grand Prix,ALB,MEDIUM,18,0.23565370211886932,88.95651727321189
2022_Abu Dhabi Grand Prix__ALO__1,2022_Abu Dhabi Grand Prix,ALO,MEDIUM,16,0.06135287567938421,91.6499729388889
2022_Abu Dhabi Grand Prix__ALO__2,2022_Abu Dhabi Grand Prix,ALO,HARD,6,-0.10523944493320414,91.7224614288644
2022_Abu Dhabi Grand Prix__BOT__1,2022_Abu Dhabi Grand Prix,BOT,HARD,28,0.019804139718965327,92.83189187631565
2022_Abu Dhabi Grand Prix__BOT__2,2022_Abu Dhabi Grand Prix,BOT,MEDIUM,6,-0.02315693107849199,91.79085397240706
2022_Abu Dhabi Grand Prix__BOT__3,2022_Abu Dhabi Grand Prix,BOT,MEDIUM,17,-0.01439758134890726,91.91385518958378
2022_Abu Dhabi Grand Prix__GAS__1,2022_Abu Dhabi Grand Prix,GAS,SOFT,11,0.08557012032374513,92.15679238440464
2022_Abu Dhabi Grand Prix__GAS__2,2022_Abu Dhabi Grand Prix,GAS,HARD,22,0.01878883971508319,91.70367963449048
2022_Abu Dhabi Grand Prix__GAS__3,2022_Abu Dhabi Grand Prix,GAS,HARD,19,0.13227663008735616,88.17959074715291
2022_Abu Dhabi Grand Prix__HAM__1,2022_Abu Dhabi Grand Prix,HAM,MEDIUM,14,0.11743674205232574,90.53920079178299
2022_Abu Dhabi Grand Prix__HAM__2,2022_Abu Dhabi Grand Prix,HAM,HARD,19,-0.018028109023356133,90.70981684459711
2022_Abu Dhabi Grand Prix__HAM__3,2022_Abu Dhabi Grand Prix,HAM,HARD,14,0.055689639252583086,89.1394030071867
2022_Abu Dhabi Grand Prix__LAT__1,2022_Abu Dhabi Grand Prix,LAT,MEDIUM,13,0.038954527156134705,93.18490124100067
2022_Abu Dhabi Grand Prix__LAT__2,2022_Abu Dhabi Grand Prix,LAT,HARD,21,0.028179432557869116,92.02412395590052
2022_Abu Dhabi Grand Prix__LAT__3,2022_Abu Dhabi Grand Prix,LAT,MEDIUM,14,0.18899911287754925,90.30752453110512
2022_Abu Dhabi Grand Prix__LEC__1,2022_Abu Dhabi Grand Prix,LEC,MEDIUM,19,0.05586838220471364,90.67495614035087
2022_Abu Dhabi Grand Prix__LEC__2,2022_Abu Dhabi Grand Prix,LEC,HARD,16,0.009055043711422066,90.33106032970456
2022_Abu Dhabi Grand Prix__LEC__3,2022_Abu Dhabi Grand Prix,LEC,HARD,19,0.00909469799418728,90.19615357015864
2022_Abu Dhabi Grand Prix__MAG__1,2022_Abu Dhabi Grand Prix,MAG,HARD,26,0.05039111089341568,92.71402871586747
2022_Abu Dhabi Grand Prix__MAG__2,2022_Abu Dhabi Grand Prix,MAG,MEDIUM,8,-0.04059026441182719,92.5306749774212
2022_Abu Dhabi Grand Prix__MAG__3,2022_Abu Dhabi Grand Prix,MAG,MEDIUM,18,0.11375515065255108,90.18078383257436
2022_Abu Dhabi Grand Prix__MSC__1,2022_Abu Dhabi Grand Prix,MSC,MEDIUM,12,-0.05452444193511473,93.34640175873898
2022_Abu Dhabi Grand Prix__MSC__2,2022_Abu Dhabi Grand Prix,MSC,HARD,17,0.037062237712657355,91.47540970312815
2022_Abu Dhabi Grand Prix__MSC__4,2022_Abu Dhabi Grand Prix,MSC,MEDIUM,19,0.23604226293293312,88.99519199756921
2022_Abu Dhabi Grand Prix__NOR__1,2022_Abu Dhabi Grand Prix,NOR,MEDIUM,13,0.11524512047984206,91.11696398197728
2022_Abu Dhabi Grand Prix__NOR__2,2022_Abu Dhabi Grand Prix,NOR,HARD,21,0.030884249997963718,90.83542449534683
2022_Abu Dhabi Grand Prix__NOR__4,2022_Abu Dhabi Grand Prix,NOR,MEDIUM,15,0.22158235463579107,88.20924103756039
2022_Abu Dhabi Grand Prix__OCO__1,2022_Abu Dhabi Grand Prix,OCO,MEDIUM,12,0.12836262552329847,91.27842164252783
2022_Abu Dhabi Grand Prix__OCO__2,2022_Abu Dhabi Grand Prix,OCO,HARD,22,-0.0018283257281692417,91.37989759692765
2022_Abu Dhabi Grand Prix__OCO__4,2022_Abu Dhabi Grand Prix,OCO,HARD,15,0.03655178541186531,89.65710595363524
2022_Abu Dhabi Grand Prix__PER__1,2022_Abu Dhabi Grand Prix,PER,MEDIUM,13,0.11179801397645062,90.1553186813187
2022_Abu Dhabi Grand Prix__PER__2,2022_Abu Dhabi Grand Prix,PER,HARD,16,0.006669102645871127,90.67647137979351
2022_Abu Dhabi Grand Prix__PER__4,2022_Abu Dhabi Grand Prix,PER,HARD,19,0.013672349517927415,89.5618330650394
2022_Abu Dhabi Grand Prix__RIC__1,2022_Abu Dhabi Grand Prix,RIC,MEDIUM,17,0.08925476282588858,91.74289547493042
2022_Abu Dhabi Grand Prix__RIC__2,2022_Abu Dhabi Grand Prix,RIC,HARD,16,0.021595194559361913,91.287232346573
2022_Abu Dhabi Grand Prix__RIC__3,2022_Abu Dhabi Grand Prix,RIC,HARD,17,0.010701592979415038,91.20742601921692
2022_Abu Dhabi Grand Prix__RUS__1,2022_Abu Dhabi Grand Prix,RUS,MEDIUM,13,0.06055363341086934,90.90386900518703
2022_Abu Dhabi Grand Prix__RUS__2,2022_Abu Dhabi Grand Prix,RUS,HARD,20,-0.00854539917348765,90.87316491531648
2022_Abu Dhabi Grand Prix__RUS__3,2022_Abu Dhabi Grand Prix,RUS,MEDIUM,18,0.15710316032648874,88.35190904564672
2022_Abu Dhabi Grand Prix__SAI__1,2022_Abu Dhabi Grand Prix,SAI,MEDIUM,14,0.04005330591934809,90.89301185300918
2022_Abu Dhabi Grand Prix__SAI__2,2022_Abu Dhabi Grand Prix,SAI,HARD,20,-0.019154198182141664,90.99732030501086
2022_Abu Dhabi Grand Prix__SAI__3,2022_Abu Dhabi Grand Prix,SAI,HARD,18,0.05207220057416688,89.33134523415723
2022_Abu Dhabi Grand Prix__STR__1,2022_Abu Dhabi Grand Prix,STR,MEDIUM,10,0.08017513795701223,91.6924419122259
2022_Abu Dhabi Grand Prix__STR__2,2022_Abu Dhabi Grand Prix,STR,HARD,23,-0.01818876689810856,91.69684748047636
2022_Abu Dhabi Grand Prix__STR__4,2022_Abu Dhabi Grand Prix,STR,MEDIUM,15,0.056557255145282787,90.09802569561438
2022_Abu Dhabi Grand Prix__TSU__1,2022_Abu Dhabi Grand Prix,TSU,MEDIUM,12,0.104576826112571,91.54872869324481
2022_Abu Dhabi Grand Prix__TSU__2,2022_Abu Dhabi Grand Prix,TSU,HARD,21,-0.015385162697031893,91.89336790990326
2022_Abu Dhabi Grand Prix__TSU__3,2022_Abu Dhabi Grand Prix,TSU,SOFT,19,0.1560332289795176,89.46401264705881
2022_Abu Dhabi Grand Prix__VER__1,2022_Abu Dhabi Grand Prix,VER,MEDIUM,18,0.09090088994465224,89.99364843481253
2022_Abu Dhabi Grand Prix__VER__2,2022_Abu Dhabi Grand Prix,VER,HARD,17,-0.05293025040622526,91.1166449918755
2022_Abu Dhabi Grand Prix__VER__3,2022_Abu Dhabi Grand Prix,VER,HARD,17,0.0010445246496853492,90.31487026752954
2022_Abu Dhabi Grand Prix__VET__1,2022_Abu Dhabi Grand Prix,VET,MEDIUM,23,0.09066068259587953,91.44662769891728
2022_Abu Dhabi Grand Prix__VET__2,2022_Abu Dhabi Grand Prix,VET,HARD,9,-0.022771579455891013,91.61247897106628
2022_Abu Dhabi Grand Prix__VET__3,2022_Abu Dhabi Grand Prix,VET,HARD,20,0.008639050740286067,91.27554573563991
2022_Abu Dhabi Grand Prix__ZHO__1,2022_Abu Dhabi Grand Prix,ZHO,MEDIUM,12,0.0671053203553922,91.9884622587993
2022_Abu Dhabi Grand Prix__ZHO__2,2022_Abu Dhabi Grand Prix,ZHO,HARD,20,0.021471922765800844,91.5061285296994
2022_Abu Dhabi Grand Prix__ZHO__3,2022_Abu Dhabi Grand Prix,ZHO,HARD,5,0.5555859260643657,77.75938889096537
2022_Abu Dhabi Grand Prix__ZHO__4,2022_Abu Dhabi Grand Prix,ZHO,SOFT,12,0.0634637630172717,90.9475480787011
2022_Australian Grand Prix__ALB__1,2022_Australian Grand Prix,ALB,HARD,15,-0.12300335964992319,87.9355459949716
2022_Australian Grand Prix__ALB__2,2022_Australian Grand Prix,ALB,HARD,12,-0.13575043757200014,89.58681114648674
2022_Australian Grand Prix__ALB__3,2022_Australian Grand Prix,ALB,HARD,15,-0.03552802173335342,85.00830238431365
2022_Australian Grand Prix__ALO__1,2022_Australian Grand Prix,ALO,HARD,16,-0.06557142687681343,86.46478177928533
2022_Australian Grand Prix__ALO__2,2022_Australian Grand Prix,ALO,HARD,12,-0.14883785015941345,89.72256872224435
2022_Australian Grand Prix__ALO__3,2022_Australian Grand Prix,ALO,MEDIUM,11,0.14857683515527267,83.36476832360297
2022_Australian Grand Prix__BOT__1,2022_Australian Grand Prix,BOT,MEDIUM,15,-0.030674788221351144,86.20407932830494
2022_Australian Grand Prix__BOT__2,2022_Australian Grand Prix,BOT,HARD,12,-0.14715952848109204,86.79918030778153
2022_Australian Grand Prix__BOT__3,2022_Australian Grand Prix,BOT,HARD,18,-0.10444689127309847,86.37985551183445
2022_Australian Grand Prix__GAS__1,2022_Australian Grand Prix,GAS,MEDIUM,13,-0.012451090510222276,85.84106210915209
2022_Australian Grand Prix__GAS__2,2022_Australian Grand Prix,GAS,HARD,12,-0.15429938862095172,86.97428156120436
2022_Australian Grand Prix__GAS__3,2022_Australian Grand Prix,GAS,HARD,17,-0.04790461784781263,85.27028779262264
2022_Australian Grand Prix__HAM__1,2022_Australian Grand Prix,HAM,MEDIUM,13,-0.0458441415032042,85.3364559048815
2022_Australian Grand Prix__HAM__2,2022_Australian Grand Prix,HAM,HARD,12,-0.2630930949146575,86.75373275533397
2022_Australian Grand Prix__HAM__3,2022_Australian Grand Prix,HAM,HARD,18,0.01174712317478598,82.19563122562874
2022_Australian Grand Prix__LAT__1,2022_Australian Grand Prix,LAT,MEDIUM,6,-0.055756931078493395,87.52548647116207
2022_Australian Grand Prix__LAT__2,2022_Australian Grand Prix,LAT,HARD,8,-0.013125978697541459,85.52254615536302
2022_Australian Grand Prix__LAT__3,2022_Australian Grand Prix,LAT,HARD,12,-0.22798819980976331,87.73347649025614
2022_Australian Grand Prix__LAT__4,2022_Australian Grand Prix,LAT,HARD,15,0.008555322788294701,84.26114539339986
2022_Australian Grand Prix__LEC__1,2022_Australian Grand Prix,LEC,MEDIUM,15,0.05169306892150607,82.99852932830494
2022_Australian Grand Prix__LEC__2,2022_Australian Grand Prix,LEC,HARD,12,-0.22093575225731527,85.06883065743187
2022_Australian Grand Prix__LEC__3,2022_Australian Grand Prix,LEC,HARD,17,0.019809945672205703,81.41065156446604
2022_Australian Grand Prix__MAG__1,2022_Australian Grand Prix,MAG,HARD,14,-0.02921151311617468,86.06023871797629
2022_Australian Grand Prix__MAG__2,2022_Australian Grand Prix,MAG,HARD,12,-0.09806512288668574,88.41053841921403
2022_Australian Grand Prix__MAG__3,2022_Australian Grand Prix,MAG,MEDIUM,16,0.06059470569561779,83.38201541153332
2022_Australian Grand Prix__MSC__1,2022_Australian Grand Prix,MSC,MEDIUM,7,0.13663592606436226,84.96847652379529
2022_Australian Grand Prix__MSC__2,2022_Australian Grand Prix,MSC,HARD,7,0.04745735463579236,84.59386562653935
2022_Australian Grand Prix__MSC__3,2022_Australian Grand Prix,MSC,HARD,12,-0.17809659141815415,88.50012553329925
2022_Australian Grand Prix__MSC__4,2022_Australian Grand Prix,MSC,HARD,16,-0.0046384941475861785,84.37328130769433
2022_Australian Grand Prix__NOR__1,2022_Australian Grand Prix,NOR,MEDIUM,12,0.02566564634408265,84.84018643786204
2022_Australian Grand Prix__NOR__3,2022_Australian Grand Prix,NOR,HARD,12,-0.22345323477479825,87.49883736008171
2022_Australian Grand Prix__NOR__4,2022_Australian Grand Prix,NOR,HARD,18,0.061286854856932665,81.51915933910028
2022_Australian Grand Prix__OCO__1,2022_Australian Grand Prix,OCO,MEDIUM,10,0.04572532000375651,85.13905963133524
2022_Australian Grand Prix__OCO__3,2022_Australian Grand Prix,OCO,HARD,12,-0.1297539340754971,87.17519123690028
2022_Australian Grand Prix__OCO__4,2022_Australian Grand Prix,OCO,HARD,18,-0.011225013048124292,83.74471225922163
2022_Australian Grand Prix__PER__1,2022_Australian Grand Prix,PER,MEDIUM,13,0.043792519470956144,84.23883079350641
2022_Australian Grand Prix__PER__3,2022_Australian Grand Prix,PER,HARD,12,-0.2550441438657062,86.78664039038473
2022_Australian Grand Prix__PER__4,2022_Australian Grand Prix,PER,HARD,15,-0.012219441728877607,82.6192491087042
2022_Australian Grand Prix__RIC__1,2022_Australian Grand Prix,RIC,MEDIUM,13,0.0424573546357915,84.64450112317672
2022_Australian Grand Prix__RIC__2,2022_Australian Grand Prix,RIC,HARD,12,-0.22899519281675573,87.3960333094561
2022_Australian Grand Prix__RIC__3,2022_Australian Grand Prix,RIC,HARD,17,-0.031270936680735294,84.1001651482056
2022_Australian Grand Prix__RUS__1,2022_Australian Grand Prix,RUS,MEDIUM,16,-0.048284662170931116,85.63581119105004
2022_Australian Grand Prix__RUS__2,2022_Australian Grand Prix,RUS,HARD,12,-0.13505463337619586,85.2491909424706
2022_Australian Grand Prix__RUS__3,2022_Australian Grand Prix,RUS,HARD,18,-0.010861751954212667,82.72451353972198
2022_Australian Grand Prix__STR__1,2022_Australian Grand Prix,STR,HARD,16,-0.08562436805328419,87.19180195413104
2022_Australian Grand Prix__STR__2,2022_Australian Grand Prix,STR,HARD,12,-0.10127491309647596,86.54213325219915
2022_Australian Grand Prix__STR__3,2022_Australian Grand Prix,STR,HARD,18,0.030911209862092677,83.54110743436375
2022_Australian Grand Prix__TSU__1,2022_Australian Grand Prix,TSU,MEDIUM,11,0.03576774424618158,85.63910811618373
2022_Australian Grand Prix__TSU__3,2022_Australian Grand Prix,TSU,HARD,12,-0.1637329550545178,87.95946644035392
2022_Australian Grand Prix__TSU__4,2022_Australian Grand Prix,TSU,HARD,13,-0.009911931411184518,84.46061263773676
2022_Australian Grand Prix__VER__1,2022_Australian Grand Prix,VER,MEDIUM,11,0.08232228970072687,83.3247262980019
2022_Australian Grand Prix__VER__3,2022_Australian Grand Prix,VER,HARD,10,-0.19209286181442434,85.80315175503922
2022_Australian Grand Prix__VET__1,2022_Australian Grand Prix,VET,HARD,14,-0.10483472610955061,87.5209495616609
2022_Australian Grand Prix__ZHO__1,2022_Australian Grand Prix,ZHO,MEDIUM,14,-0.0029195684411316043,86.14244398031957
2022_Australian Grand Prix__ZHO__2,2022_Australian Grand Prix,ZHO,HARD,12,-0.24130987813144142,87.95598552390832
2022_Australian Grand Prix__ZHO__3,2022_Australian Grand Prix,ZHO,HARD,18,0.0010123450530107275,84.12126972336898
2022_Azerbaijan Grand Prix__ALB__1,2022_Azerbaijan Grand Prix,ALB,MEDIUM,7,0.004524782668464616,111.81041656981229
2022_Azerbaijan Grand Prix__ALB__3,2022_Azerbaijan Grand Prix,ALB,HARD,14,0.0970101018885382,109.46497225995383
2022_Azerbaijan Grand Prix__ALB__5,2022_Azerbaijan Grand Prix,ALB,HARD,15,0.007242573698946808,108.38552299221931
2022_Azerbaijan Grand Prix__ALO__1,2022_Azerbaijan Grand Prix,ALO,MEDIUM,7,-0.138475217331535,111.49141656981229
2022_Azerbaijan Grand Prix__ALO__4,2022_Azerbaijan Grand Prix,ALO,HARD,11,-0.04695483826684723,110.0497532798414
2022_Azerbaijan Grand Prix__ALO__5,2022_Azerbaijan Grand Prix,ALO,HARD,15,-0.031156931078494262,109.59641409270155
2022_Azerbaijan Grand Prix__BOT__1,2022_Azerbaijan Grand Prix,BOT,HARD,7,-0.3691895030458214,113.88355942695516
2022_Azerbaijan Grand Prix__BOT__3,2022_Azerbaijan Grand Prix,BOT,HARD,16,-0.09513734225079605,112.96344476884147
2022_Azerbaijan Grand Prix__BOT__4,2022_Azerbaijan Grand Prix,BOT,MEDIUM,15,-0.06619761664920486,109.59066681472709
2022_Azerbaijan Grand Prix__GAS__1,2022_Azerbaijan Grand Prix,GAS,MEDIUM,6,0.021917639811323084,109.97397698263043
2022_Azerbaijan Grand Prix__GAS__3,2022_Azerbaijan Grand Prix,GAS,HARD,15,-0.12638059635892648,111.77929594901063
2022_Azerbaijan Grand Prix__GAS__4,2022_Azerbaijan Grand Prix,GAS,HARD,15,0.007341185091050521,108.92457806843105
2022_Azerbaijan Grand Prix__HAM__1,2022_Azerbaijan Grand Prix,HAM,MEDIUM,6,0.15231049695417856,109.76701269691615
2022_Azerbaijan Grand Prix__HAM__3,2022_Azerbaijan Grand Prix,HAM,HARD,19,-0.12955267042686516,111.62731318920001
2022_Azerbaijan Grand Prix__HAM__4,2022_Azerbaijan Grand Prix,HAM,HARD,16,0.0739668084173041,107.42156964863906
2022_Azerbaijan Grand Prix__LAT__5,2022_Azerbaijan Grand Prix,LAT,HARD,11,-0.014658505881644393,111.07097784792705
2022_Azerbaijan Grand Prix__LAT__6,2022_Azerbaijan Grand Prix,LAT,HARD,14,0.0724262645692994,109.1631722058608
2022_Azerbaijan Grand Prix__LEC__1,2022_Azerbaijan Grand Prix,LEC,MEDIUM,7,0.007346211239892454,108.54473799838375
2022_Azerbaijan Grand Prix__LEC__3,2022_Azerbaijan Grand Prix,LEC,HARD,6,0.04087164035007617,107.88029313907468
2022_Azerbaijan Grand Prix__MAG__1,2022_Azerbaijan Grand Prix,MAG,MEDIUM,7,-0.14068950304582115,112.23843843304678
2022_Azerbaijan Grand Prix__MAG__3,2022_Azerbaijan Grand Prix,MAG,HARD,18,0.012228031327521198,110.34184535294267
2022_Azerbaijan Grand Prix__MSC__1,2022_Azerbaijan Grand Prix,MSC,HARD,7,-0.25333236018867766,113.44327371266944
2022_Azerbaijan Grand Prix__MSC__3,2022_Azerbaijan Grand Prix,MSC,MEDIUM,9,0.20010259273102926,108.96844747742216
2022_Azerbaijan Grand Prix__MSC__4,2022_Azerbaijan Grand Prix,MSC,HARD,5,-0.20515253547409715,111.02473126881092
2022_Azerbaijan Grand Prix__MSC__5,2022_Azerbaijan Grand Prix,MSC,HARD,12,0.0656752508474633,107.84963790491342
2022_Azerbaijan Grand Prix__NOR__1,2022_Azerbaijan Grand Prix,NOR,MEDIUM,7,-0.19086807447439255,111.77223799838373
2022_Azerbaijan Grand Prix__NOR__3,2022_Azerbaijan Grand Prix,NOR,MEDIUM,6,0.23727164035007808,107.207848375924
2022_Azerbaijan Grand Prix__NOR__4,2022_Azerbaijan Grand Prix,NOR,HARD,10,-0.1923898315113941,111.30152360716797
2022_Azerbaijan Grand Prix__NOR__5,2022_Azerbaijan Grand Prix,NOR,HARD,15,0.006999077723130891,108.37027991910246
2022_Azerbaijan Grand Prix__OCO__1,2022_Azerbaijan Grand Prix,OCO,HARD,7,-0.17193950304582167,112.1511665698123
2022_Azerbaijan Grand Prix__OCO__3,2022_Azerbaijan Grand Prix,OCO,HARD,15,-0.008998184722809622,111.13893583948084
2022_Azerbaijan Grand Prix__OCO__4,2022_Azerbaijan Grand Prix,OCO,MEDIUM,15,0.06240735463579183,108.39695060271463
2022_Azerbaijan Grand Prix__PER__1,2022_Azerbaijan Grand Prix,PER,MEDIUM,7,0.09377478266846392,108.00002371266945
2022_Azerbaijan Grand Prix__PER__4,2022_Azerbaijan Grand Prix,PER,HARD,14,0.050962610002186375,107.58986493980798
2022_Azerbaijan Grand Prix__PER__5,2022_Azerbaijan Grand Prix,PER,HARD,14,0.016076035954472722,107.43619052945459
2022_Azerbaijan Grand Prix__RIC__1,2022_Azerbaijan Grand Prix,RIC,HARD,7,-0.05911807447439442,111.2686308555266
2022_Azerbaijan Grand Prix__RIC__3,2022_Azerbaijan Grand Prix,RIC,HARD,19,-0.04744038972511072,111.6896521353225
2022_Azerbaijan Grand Prix__RIC__4,2022_Azerbaijan Grand Prix,RIC,MEDIUM,16,0.0020800437114210546,108.92335410411519
2022_Azerbaijan Grand Prix__RUS__1,2022_Azerbaijan Grand Prix,RUS,MEDIUM,7,0.0009176398113207717,109.63759514124088
2022_Azerbaijan Grand Prix__RUS__3,2022_Azerbaijan Grand Prix,RUS,HARD,17,-0.02465233098603021,109.55344443357308
2022_Azerbaijan Grand Prix__RUS__4,2022_Azerbaijan Grand Prix,RUS,HARD,14,0.03259251947095599,107.48693647152207
2022_Azerbaijan Grand Prix__SAI__1,2022_Azerbaijan Grand Prix,SAI,MEDIUM,6,0.018953354097036416,109.02079841120187
2022_Azerbaijan Grand Prix__STR__1,2022_Azerbaijan Grand Prix,STR,HARD,6,-0.3376184803261513,114.1746101313757
2022_Azerbaijan Grand Prix__STR__3,2022_Azerbaijan Grand Prix,STR,HARD,16,-0.054636132759166775,112.36726055910334
2022_Azerbaijan Grand Prix__STR__4,2022_Azerbaijan Grand Prix,STR,MEDIUM,9,0.16323694647252604,107.50303206852521
2022_Azerbaijan Grand Prix__TSU__1,2022_Azerbaijan Grand Prix,TSU,MEDIUM,6,-0.03169255065706153,110.7483481888521
2022_Azerbaijan Grand Prix__TSU__3,2022_Azerbaijan Grand Prix,TSU,HARD,16,-0.07400437480114047,111.12370361539601
2022_Azerbaijan Grand Prix__TSU__5,2022_Azerbaijan Grand Prix,TSU,SOFT,10,0.06269085030678775,107.48625984661827
2022_Azerbaijan Grand Prix__VER__1,2022_Azerbaijan Grand Prix,VER,MEDIUM,7,0.007417639811322387,108.530952284098
2022_Azerbaijan Grand Prix__VER__4,2022_Azerbaijan Grand Prix,VER,HARD,13,0.014990321668758938,107.62022801211549
2022_Azerbaijan Grand Prix__VER__5,2022_Azerbaijan Grand Prix,VER,HARD,16,0.030162396652598154,106.76829528058578
2022_Azerbaijan Grand Prix__VET__1,2022_Azerbaijan Grand Prix,VET,MEDIUM,6,0.013332294063436207,110.36056247863961
2022_Azerbaijan Grand Prix__VET__3,2022_Azerbaijan Grand Prix,VET,HARD,15,-0.05927235631473696,110.8302171073961
2022_Azerbaijan Grand Prix__VET__4,2022_Azerbaijan Grand Prix,VET,HARD,14,0.02926121415655217,107.82574507655526
2022_Azerbaijan Grand Prix__ZHO__1,2022_Azerbaijan Grand Prix,ZHO,MEDIUM,7,-0.19279664590296464,112.28245228409801
2022_Azerbaijan Grand Prix__ZHO__3,2022_Azerbaijan Grand Prix,ZHO,HARD,9,0.016869259397696363,110.00708599621754
2022_Bahrain Grand Prix__ALB__1,2022_Bahrain Grand Prix,ALB,SOFT,9,0.1947880404616127,100.34899739374093
2022_Bahrain Grand Prix__ALB__2,2022_Bahrain Grand Prix,ALB,MEDIUM,19,0.07753508673582575,100.03896818968363
2022_Bahrain Grand Prix__ALB__3,2022_Bahrain Grand Prix,ALB,MEDIUM,7,0.04495735463579057,99.11555536461941
2022_Bahrain Grand Prix__ALB__4,2022_Bahrain Grand Prix,ALB,SOFT,5,0.29808592606435974,95.5173574824059
2022_Bahrain Grand Prix__ALO__1,2022_Bahrain Grand Prix,ALO,SOFT,8,0.20167169149037265,98.92230910326282
2022_Bahrain Grand Prix__ALO__3,2022_Bahrain Grand Prix,ALO,MEDIUM,10,0.032919259397696084,99.84307451501294
2022_Bahrain Grand Prix__ALO__4,2022_Bahrain Grand Prix,ALO,HARD,15,0.13444306892150532,98.27076319419973
2022_Bahrain Grand Prix__ALO__6,2022_Bahrain Grand Prix,ALO,SOFT,6,-0.17664264536420954,100.1590001277701
2022_Bahrain Grand Prix__BOT__1,2022_Bahrain Grand Prix,BOT,SOFT,12,0.01067120326024092,100.93564591775196
2022_Bahrain Grand Prix__BOT__2,2022_Bahrain Grand Prix,BOT,MEDIUM,20,0.028551339598197608,99.47546337090024
2022_Bahrain Grand Prix__BOT__3,2022_Bahrain Grand Prix,BOT,MEDIUM,7,0.3116716403500759,96.32914171424105
2022_Bahrain Grand Prix__BOT__4,2022_Bahrain Grand Prix,BOT,SOFT,6,-0.013871216792779667,97.62775748240588
2022_Bahrain Grand Prix__GAS__1,2022_Bahrain Grand Prix,GAS,SOFT,9,0.12464336723399955,99.27704430999435
2022_Bahrain Grand Prix__GAS__2,2022_Bahrain Grand Prix,GAS,MEDIUM,14,0.0890054912817544,98.58389823523501
2022_Bahrain Grand Prix__GAS__3,2022_Bahrain Grand Prix,GAS,HARD,9,0.12937531285681442,97.44339248437714
2022_Bahrain Grand Prix__HAM__1,2022_Bahrain Grand Prix,HAM,SOFT,9,0.2738501035069156,97.40125931645376
2022_Bahrain Grand Prix__HAM__3,2022_Bahrain Grand Prix,HAM,HARD,12,0.10542438760282372,97.75766807612806
2022_Bahrain Grand Prix__HAM__4,2022_Bahrain Grand Prix,HAM,MEDIUM,13,0.06011791548934655,97.39713415248775
2022_Bahrain Grand Prix__HAM__5,2022_Bahrain Grand Prix,HAM,SOFT,6,0.02978592606436296,96.4084522969438
2022_Bahrain Grand Prix__HUL__1,2022_Bahrain Grand Prix,HUL,SOFT,11,0.15742266412170933,100.79460462124888
2022_Bahrain Grand Prix__HUL__3,2022_Bahrain Grand Prix,HUL,SOFT,13,0.1284092343350393,98.93192984332735
2022_Bahrain Grand Prix__HUL__5,2022_Bahrain Grand Prix,HUL,SOFT,5,0.20138592606436279,97.16354340847025
2022_Bahrain Grand Prix__LAT__1,2022_Bahrain Grand Prix,LAT,SOFT,11,0.1438397973590415,101.25250012978452
2022_Bahrain Grand Prix__LAT__2,2022_Bahrain Grand Prix,LAT,SOFT,16,0.188478573123186,99.40992297948054
2022_Bahrain Grand Prix__LAT__3,2022_Bahrain Grand Prix,LAT,MEDIUM,9,0.12590675939769602,99.33439562903122
2022_Bahrain Grand Prix__LAT__4,2022_Bahrain Grand Prix,LAT,SOFT,5,0.2070859260643601,96.68447155634153
2022_Bahrain Grand Prix__LEC__1,2022_Bahrain Grand Prix,LEC,SOFT,13,0.12781326655793274,97.76793142525601
2022_Bahrain Grand Prix__LEC__2,2022_Bahrain Grand Prix,LEC,SOFT,14,0.1519331788116156,96.47351465353152
2022_Bahrain Grand Prix__LEC__3,2022_Bahrain Grand Prix,LEC,MEDIUM,12,0.10986494704338351,96.20660469131185
2022_Bahrain Grand Prix__LEC__4,2022_Bahrain Grand Prix,LEC,SOFT,6,0.2098716403500788,93.3732908157392
2022_Bahrain Grand Prix__MAG__1,2022_Bahrain Grand Prix,MAG,SOFT,12,0.13618169277073044,99.59616418953733
2022_Bahrain Grand Prix__MAG__2,2022_Bahrain Grand Prix,MAG,SOFT,18,0.15524867116240218,97.3751163450783
2022_Bahrain Grand Prix__MAG__3,2022_Bahrain Grand Prix,MAG,MEDIUM,7,0.16956449749293404,97.02111986211233
2022_Bahrain Grand Prix__MAG__4,2022_Bahrain Grand Prix,MAG,SOFT,6,-0.010385502507067828,97.4461574824059
2022_Bahrain Grand Prix__MSC__1,2022_Bahrain Grand Prix,MSC,SOFT,10,0.2877838894264512,100.15777963362088
2022_Bahrain Grand Prix__MSC__2,2022_Bahrain Grand Prix,MSC,MEDIUM,19,0.12142328488278156,98.95842783175208
2022_Bahrain Grand Prix__MSC__3,2022_Bahrain Grand Prix,MSC,SOFT,6,0.1977955646185781,96.41895926593898
2022_Bahrain Grand Prix__MSC__4,2022_Bahrain Grand Prix,MSC,SOFT,5,-0.335014073935642,106.37369822176235
2022_Bahrain Grand Prix__NOR__1,2022_Bahrain Grand Prix,NOR,MEDIUM,11,0.073148165300024,101.50142249795726
2022_Bahrain Grand Prix__NOR__2,2022_Bahrain Grand Prix,NOR,MEDIUM,9,-0.09308074060230333,104.3694959949716
2022_Bahrain Grand Prix__NOR__3,2022_Bahrain Grand Prix,NOR,HARD,15,0.1274287832072206,98.8963725062306
2022_Bahrain Grand Prix__NOR__5,2022_Bahrain Grand Prix,NOR,SOFT,5,0.4247859260643608,93.35917155634155
2022_Bahrain Grand Prix__OCO__1,2022_Bahrain Grand Prix,OCO,SOFT,11,0.11321825708238542,99.81076140662772
2022_Bahrain Grand Prix__OCO__2,2022_Bahrain Grand Prix,OCO,MEDIUM,14,0.0533046073830443,99.12755683533057
2022_Bahrain Grand Prix__OCO__3,2022_Bahrain Grand Prix,OCO,HARD,11,0.0774677442461807,98.15705862538736
2022_Bahrain Grand Prix__OCO__4,2022_Bahrain Grand Prix,OCO,SOFT,6,-0.06158550250706422,98.6748473232604
2022_Bahrain Grand Prix__PER__1,2022_Bahrain Grand Prix,PER,SOFT,12,0.10575511934415711,98.3514314655375
2022_Bahrain Grand Prix__PER__2,2022_Bahrain Grand Prix,PER,MEDIUM,16,0.179122690770245,96.55631478789785
2022_Bahrain Grand Prix__PER__3,2022_Bahrain Grand Prix,PER,SOFT,6,0.1525559260643617,95.78579044356918
2022_Bahrain Grand Prix__PER__4,2022_Bahrain Grand Prix,PER,SOFT,6,0.04275735463579256,96.13555208516516
2022_Bahrain Grand Prix__RIC__1,2022_Bahrain Grand Prix,RIC,MEDIUM,11,0.043019507185340596,101.79091267121288
2022_Bahrain Grand Prix__RIC__3,2022_Bahrain Grand Prix,RIC,SOFT,14,0.1293617502401876,99.27722889923794
2022_Bahrain Grand Prix__RIC__4,2022_Bahrain Grand Prix,RIC,HARD,7,0.06393100803157661,98.9853498611065
2022_Bahrain Grand Prix__RIC__5,2022_Bahrain Grand Prix,RIC,SOFT,5,0.2677859260643615,95.88614340847025
2022_Bahrain Grand Prix__RUS__1,2022_Bahrain Grand Prix,RUS,SOFT,11,0.07533428900375642,99.13108947540093
2022_Bahrain Grand Prix__RUS__2,2022_Bahrain Grand Prix,RUS,HARD,15,0.11753624003610534,97.75964898603699
2022_Bahrain Grand Prix__RUS__3,2022_Bahrain Grand Prix,RUS,MEDIUM,9,0.10598108735468524,97.36206112498806
2022_Bahrain Grand Prix__RUS__4,2022_Bahrain Grand Prix,RUS,SOFT,6,-0.08681407393563634,97.80049081573921
2022_Bahrain Grand Prix__SAI__1,2022_Bahrain Grand Prix,SAI,SOFT,12,0.12773763682667416,98.0636983653044
2022_Bahrain Grand Prix__SAI__2,2022_Bahrain Grand Prix,SAI,SOFT,17,0.13550357312318634,97.01277739124524
2022_Bahrain Grand Prix__SAI__3,2022_Bahrain Grand Prix,SAI,MEDIUM,9,0.0968192593976975,96.6037648884289
2022_Bahrain Grand Prix__SAI__4,2022_Bahrain Grand Prix,SAI,SOFT,6,0.025528783207219276,96.05216658265813
2022_Bahrain Grand Prix__STR__1,2022_Bahrain Grand Prix,STR,SOFT,10,0.1043790986187274,101.13371964955041
2022_Bahrain Grand Prix__STR__3,2022_Bahrain Grand Prix,STR,SOFT,18,0.09053969283422862,99.27757255749103
2022_Bahrain Grand Prix__TSU__1,2022_Bahrain Grand Prix,TSU,SOFT,12,0.07201386060289855,100.33908959746275
2022_Bahrain Grand Prix__TSU__2,2022_Bahrain Grand Prix,TSU,MEDIUM,10,0.14230448667042317,98.47008677987647
2022_Bahrain Grand Prix__TSU__3,2022_Bahrain Grand Prix,TSU,SOFT,12,0.016694156295670982,98.7468102463913
2022_Bahrain Grand Prix__TSU__4,2022_Bahrain Grand Prix,TSU,SOFT,6,-0.08987121679277998,98.9651665826581
2022_Bahrain Grand Prix__VER__1,2022_Bahrain Grand Prix,VER,SOFT,12,0.1356991752882131,97.50935221145824
2022_Bahrain Grand Prix__VER__2,2022_Bahrain Grand Prix,VER,SOFT,14,0.14271339859183482,97.06736782434157
2022_Bahrain Grand Prix__VER__3,2022_Bahrain Grand Prix,VER,MEDIUM,11,0.13834956242799995,96.19670407993279
2022_Bahrain Grand Prix__ZHO__1,2022_Bahrain Grand Prix,ZHO,SOFT,12,0.07107330116233888,100.6565604599336
2022_Bahrain Grand Prix__ZHO__2,2022_Bahrain Grand Prix,ZHO,MEDIUM,19,0.08705545242718674,98.68706826395315
2022_Bahrain Grand Prix__ZHO__3,2022_Bahrain Grand Prix,ZHO,MEDIUM,6,0.26801449749293343,96.24041335459114
2022_Bahrain Grand Prix__ZHO__4,2022_Bahrain Grand Prix,ZHO,SOFT,6,-0.4536997882213517,103.36865727062722
2022_Belgian Grand Prix__ALB__1,2022_Belgian Grand Prix,ALB,MEDIUM,5,0.2793859260643643,113.27436266163825
2022_Belgian Grand Prix__ALB__2,2022_Belgian Grand Prix,ALB,HARD,14,0.1445002117786486,114.18956477942479
2022_Belgian Grand Prix__ALB__3,2022_Belgian Grand Prix,ALB,MEDIUM,13,0.05496112782518422,113.82706570482897
2022_Belgian Grand Prix__ALO__1,2022_Belgian Grand Prix,ALO,MEDIUM,6,0.2641287832072201,112.81172456640019
2022_Belgian Grand Prix__ALO__2,2022_Belgian Grand Prix,ALO,MEDIUM,11,0.007756420056351835,115.05616312204454
2022_Belgian Grand Prix__ALO__3,2022_Belgian Grand Prix,ALO,HARD,16,0.009740505779257533,113.38070420993749
2022_Belgian Grand Prix__GAS__1,2022_Belgian Grand Prix,GAS,MEDIUM,5,0.5530859260643638,112.22926266163827
2022_Belgian Grand Prix__GAS__2,2022_Belgian Grand Prix,GAS,HARD,10,0.20468895636739312,113.53905222531222
2022_Belgian Grand Prix__GAS__3,2022_Belgian Grand Prix,GAS,SOFT,18,0.05657506309220962,113.33799269133586
2022_Belgian Grand Prix__LAT__1,2022_Belgian Grand Prix,LAT,MEDIUM,10,0.25610713818557584,114.57322542285792
2022_Belgian Grand Prix__LAT__2,2022_Belgian Grand Prix,LAT,HARD,17,0.1095893574369116,114.7504819447606
2022_Belgian Grand Prix__LAT__3,2022_Belgian Grand Prix,LAT,SOFT,7,0.14902878320721916,112.08701271925518
2022_Belgian Grand Prix__LEC__1,2022_Belgian Grand Prix,LEC,MEDIUM,20,-0.030381743108569347,115.42139863532009
2022_Belgian Grand Prix__LEC__2,2022_Belgian Grand Prix,LEC,MEDIUM,15,0.07319664035007745,112.15971438467591
2022_Belgian Grand Prix__MAG__1,2022_Belgian Grand Prix,MAG,MEDIUM,6,0.4545859260643628,112.98496266163826
2022_Belgian Grand Prix__MAG__2,2022_Belgian Grand Prix,MAG,HARD,14,0.15382328870172537,114.12013312307155
2022_Belgian Grand Prix__MAG__3,2022_Belgian Grand Prix,MAG,MEDIUM,14,0.05607383815227544,113.81960684120027
2022_Belgian Grand Prix__MSC__1,2022_Belgian Grand Prix,MSC,MEDIUM,9,0.14465259273102904,115.61534043941607
2022_Belgian Grand Prix__MSC__2,2022_Belgian Grand Prix,MSC,HARD,14,0.13450240958084597,114.21601837379212
2022_Belgian Grand Prix__MSC__3,2022_Belgian Grand Prix,MSC,MEDIUM,10,0.07921016848860526,112.7191828678116
2022_Belgian Grand Prix__NOR__1,2022_Belgian Grand Prix,NOR,MEDIUM,8,0.14218354511198114,114.69980789973351
2022_Belgian Grand Prix__NOR__2,2022_Belgian Grand Prix,NOR,HARD,14,0.14633317881161526,113.90671376640907
2022_Belgian Grand Prix__NOR__3,2022_Belgian Grand Prix,NOR,MEDIUM,13,0.21409471727315402,112.45440726475756
2022_Belgian Grand Prix__OCO__1,2022_Belgian Grand Prix,OCO,MEDIUM,7,0.21113592606436374,113.84710551878113
2022_Belgian Grand Prix__OCO__2,2022_Belgian Grand Prix,OCO,HARD,17,-0.008111532469612538,114.85812494080977
2022_Belgian Grand Prix__OCO__3,2022_Belgian Grand Prix,OCO,MEDIUM,8,0.18518291854556568,111.50218447614901
2022_Belgian Grand Prix__PER__1,2022_Belgian Grand Prix,PER,MEDIUM,9,0.3709025927310296,110.69897932830494
2022_Belgian Grand Prix__PER__2,2022_Belgian Grand Prix,PER,MEDIUM,10,0.22220778097712693,111.27803045665875
2022_Belgian Grand Prix__PER__3,2022_Belgian Grand Prix,PER,HARD,15,0.1359466403500778,111.06000290347131
2022_Belgian Grand Prix__RIC__1,2022_Belgian Grand Prix,RIC,MEDIUM,7,0.1688502117786485,114.2705340902097
2022_Belgian Grand Prix__RIC__2,2022_Belgian Grand Prix,RIC,HARD,18,0.012566524619574285,115.29908637846978
2022_Belgian Grand Prix__RIC__3,2022_Belgian Grand Prix,RIC,MEDIUM,10,0.2004222897007268,113.0116759320615
2022_Belgian Grand Prix__RUS__1,2022_Belgian Grand Prix,RUS,MEDIUM,8,0.20888592606436232,112.53696266163828
2022_Belgian Grand Prix__RUS__2,2022_Belgian Grand Prix,RUS,MEDIUM,14,0.05844087111930827,112.9941555246508
2022_Belgian Grand Prix__RUS__3,2022_Belgian Grand Prix,RUS,HARD,12,0.15278648891614593,110.91160010849919
2022_Belgian Grand Prix__SAI__1,2022_Belgian Grand Prix,SAI,SOFT,6,0.5912430689215066,107.75438128570002
2022_Belgian Grand Prix__SAI__2,2022_Belgian Grand Prix,SAI,MEDIUM,12,0.16484746452590135,112.53607964321807
2022_Belgian Grand Prix__SAI__3,2022_Belgian Grand Prix,SAI,HARD,16,0.03251608157484297,112.24857294982611
2022_Belgian Grand Prix__STR__1,2022_Belgian Grand Prix,STR,MEDIUM,10,0.2098768351552716,113.63012219011937
2022_Belgian Grand Prix__STR__2,2022_Belgian Grand Prix,STR,MEDIUM,9,0.27455259273102917,113.21786562653936
2022_Belgian Grand Prix__STR__3,2022_Belgian Grand Prix,STR,HARD,16,0.10112563194671603,113.23240703342937
2022_Belgian Grand Prix__TSU__1,2022_Belgian Grand Prix,TSU,HARD,13,0.003199112877549552,115.99647914515478
2022_Belgian Grand Prix__TSU__2,2022_Belgian Grand Prix,TSU,MEDIUM,10,0.006452592731028861,114.12957599746348
2022_Belgian Grand Prix__TSU__3,2022_Belgian Grand Prix,TSU,SOFT,12,0.24290690508534135,112.2328831009118
2022_Belgian Grand Prix__VER__1,2022_Belgian Grand Prix,VER,SOFT,10,0.08101622909466583,112.7067747828504
2022_Belgian Grand Prix__VER__2,2022_Belgian Grand Prix,VER,MEDIUM,13,0.152369442547879,111.06557572842789
2022_Belgian Grand Prix__VER__3,2022_Belgian Grand Prix,VER,MEDIUM,13,0.22166065133908786,110.14188110290985
2022_Belgian Grand Prix__VET__1,2022_Belgian Grand Prix,VET,MEDIUM,9,0.23263592606436329,112.92863229112947
2022_Belgian Grand Prix__VET__2,2022_Belgian Grand Prix,VET,HARD,15,0.02226269335515361,114.44163081568725
2022_Belgian Grand Prix__VET__3,2022_Belgian Grand Prix,VET,MEDIUM,9,-0.020097407268970358,113.2623622956979
2022_Belgian Grand Prix__ZHO__1,2022_Belgian Grand Prix,ZHO,MEDIUM,9,0.07878592606436312,115.43836266163828
2022_Belgian Grand Prix__ZHO__2,2022_Belgian Grand Prix,ZHO,MEDIUM,12,0.31350480718324303,112.77264068481442
2022_Belgian Grand Prix__ZHO__3,2022_Belgian Grand Prix,ZHO,SOFT,14,0.19120350848194573,112.51053342660528
2022_British Grand Prix__ALO__1,2022_British Grand Prix,ALO,MEDIUM,8,-3.633149788221349,120.30367001627405
2022_British Grand Prix__ALO__2,2022_British Grand Prix,ALO,MEDIUM,21,-0.015302385623948743,94.44318408553814
2022_British Grand Prix__ALO__4,2022_British Grand Prix,ALO,SOFT,8,-0.04157025546928372,92.54613584387612
2022_British Grand Prix__BOT__1,2022_British Grand Prix,BOT,MEDIUM,8,-3.0758402644118257,117.11921763532168
2022_British Grand Prix__BOT__2,2022_British Grand Prix,BOT,MEDIUM,8,0.016135926064363464,95.11909858770262
2022_British Grand Prix__GAS__1,2022_British Grand Prix,GAS,SOFT,8,-2.94414978822135,116.33742001627405
2022_British Grand Prix__GAS__3,2022_British Grand Prix,GAS,HARD,7,0.033851679489019224,94.66483374438454
2022_British Grand Prix__HAM__1,2022_British Grand Prix,HAM,MEDIUM,7,-0.300614073935637,95.84920573055976
2022_British Grand Prix__HAM__2,2022_British Grand Prix,HAM,MEDIUM,20,-0.03545241980029911,93.56482302379288
2022_British Grand Prix__HAM__4,2022_British Grand Prix,HAM,SOFT,9,-0.18473181587112167,93.56007990718071
2022_British Grand Prix__LAT__1,2022_British Grand Prix,LAT,SOFT,8,-3.423911692983253,119.56086049246451
2022_British Grand Prix__LAT__2,2022_British Grand Prix,LAT,SOFT,7,0.014778783207219702,95.19913430198837
2022_British Grand Prix__LAT__3,2022_British Grand Prix,LAT,MEDIUM,17,0.05070455351534287,94.47157957058667
2022_British Grand Prix__LAT__4,2022_British Grand Prix,LAT,SOFT,10,0.09848895636739272,93.43894906420527
2022_British Grand Prix__LEC__1,2022_British Grand Prix,LEC,MEDIUM,7,-0.08411407393563711,94.21806287341694
2022_British Grand Prix__LEC__2,2022_British Grand Prix,LEC,MEDIUM,13,-0.04006462338618587,93.96200792836198
2022_British Grand Prix__LEC__3,2022_British Grand Prix,LEC,HARD,12,-0.05842526274682664,92.56536139599794
2022_British Grand Prix__LEC__4,2022_British Grand Prix,LEC,HARD,8,-0.08753129247868453,94.19335253510168
2022_British Grand Prix__MAG__1,2022_British Grand Prix,MAG,MEDIUM,8,-2.6586855025070677,119.46811244985965
2022_British Grand Prix__MAG__2,2022_British Grand Prix,MAG,MEDIUM,8,-0.0256140739356366,95.75007673557391
2022_British Grand Prix__MAG__3,2022_British Grand Prix,MAG,MEDIUM,14,-0.014233854155416966,94.6272925954938
2022_British Grand Prix__MAG__4,2022_British Grand Prix,MAG,MEDIUM,10,-0.19930498302654556,98.80267121687243
2022_British Grand Prix__MSC__1,2022_British Grand Prix,MSC,MEDIUM,8,-2.1607093120308756,110.74137239722646
2022_British Grand Prix__MSC__2,2022_British Grand Prix,MSC,MEDIUM,6,0.016969776996040378,95.15093864981444
2022_British Grand Prix__MSC__3,2022_British Grand Prix,MSC,HARD,17,-0.04692044648465629,94.87530015882196
2022_British Grand Prix__MSC__4,2022_British Grand Prix,MSC,SOFT,10,0.008810168488604782,93.01180771754238
2022_British Grand Prix__NOR__1,2022_British Grand Prix,NOR,MEDIUM,8,-3.7784355025070635,125.14267694735256
2022_British Grand Prix__NOR__2,2022_British Grand Prix,NOR,MEDIUM,21,-0.011501086922649962,94.33436396033957
2022_British Grand Prix__NOR__4,2022_British Grand Prix,NOR,SOFT,10,0.03605259273102852,92.28079970421281
2022_British Grand Prix__OCO__1,2022_British Grand Prix,OCO,SOFT,8,-2.548256931078496,113.36963430198836
2022_British Grand Prix__OCO__2,2022_British Grand Prix,OCO,SOFT,10,-0.04415346787503077,95.82500919376325
2022_British Grand Prix__OCO__3,2022_British Grand Prix,OCO,HARD,14,-0.05197011789168127,94.79533655153776
2022_British Grand Prix__PER__3,2022_British Grand Prix,PER,MEDIUM,27,-0.0671201789417421,94.77283827472763
2022_British Grand Prix__PER__4,2022_British Grand Prix,PER,SOFT,10,-0.06265649817806046,92.37987438420903
2022_British Grand Prix__RIC__1,2022_British Grand Prix,RIC,MEDIUM,8,-2.9200188358403976,118.97859361401922
2022_British Grand Prix__RIC__2,2022_British Grand Prix,RIC,MEDIUM,8,0.02054068796912576,95.05118885211445
2022_British Grand Prix__RIC__3,2022_British Grand Prix,RIC,HARD,10,-0.0011958921174548712,94.57546300110737
2022_British Grand Prix__RIC__5,2022_British Grand Prix,RIC,SOFT,10,0.07267683515527185,93.61326421572043
2022_British Grand Prix__SAI__1,2022_British Grand Prix,SAI,MEDIUM,5,0.09788592606436451,93.09404858770263
2022_British Grand Prix__SAI__2,2022_British Grand Prix,SAI,MEDIUM,8,-0.04894740726896937,94.07293192103597
2022_British Grand Prix__SAI__3,2022_British Grand Prix,SAI,HARD,16,-0.031179117707715334,92.97135880541056
2022_British Grand Prix__SAI__4,2022_British Grand Prix,SAI,SOFT,10,0.0679010775795142,90.96993499026965
2022_British Grand Prix__STR__1,2022_British Grand Prix,STR,MEDIUM,8,-1.8193045501261127,112.22400530700249
2022_British Grand Prix__STR__3,2022_British Grand Prix,STR,HARD,20,-0.07265508233899838,95.58298848368221
2022_British Grand Prix__STR__4,2022_British Grand Prix,STR,MEDIUM,9,-0.19120574060230358,95.54280025935304
2022_British Grand Prix__TSU__1,2022_British Grand Prix,TSU,SOFT,8,-2.7984831215546837,115.1735033496074
2022_British Grand Prix__TSU__3,2022_British Grand Prix,TSU,HARD,16,-0.052724733559096314,96.16100423908162
2022_British Grand Prix__TSU__4,2022_British Grand Prix,TSU,SOFT,10,-0.04151710423866816,94.88590663996285
2022_British Grand Prix__VER__1,2022_British Grand Prix,VER,MEDIUM,7,-0.019792645364208484,93.64184858770263
2022_British Grand Prix__VER__2,2022_British Grand Prix,VER,MEDIUM,9,0.04163592606436191,94.65520488552174
2022_British Grand Prix__VER__3,2022_British Grand Prix,VER,HARD,11,-0.03625392355969763,94.80337956262238
2022_British Grand Prix__VER__4,2022_British Grand Prix,VER,SOFT,9,0.1515025927310295,91.68729711148175
2022_British Grand Prix__VET__3,2022_British Grand Prix,VET,MEDIUM,26,-0.027623304704867874,95.13550328897264
2022_British Grand Prix__VET__4,2022_British Grand Prix,VET,MEDIUM,10,-0.11454134666291062,94.73127828965609
2022_Canadian Grand Prix__ALB__1,2022_Canadian Grand Prix,ALB,MEDIUM,6,-0.28147655084445333,81.22785003078823
2022_Canadian Grand Prix__ALB__2,2022_Canadian Grand Prix,ALB,MEDIUM,7,0.2556716403500789,76.31139123306683
2022_Canadian Grand Prix__ALB__3,2022_Canadian Grand Prix,ALB,HARD,25,0.01139473242507136,79.23977159931533
2022_Canadian Grand Prix__ALB__4,2022_Canadian Grand Prix,ALB,HARD,16,-0.06771995628857815,79.97927240684534
2022_Canadian Grand Prix__ALO__1,2022_Canadian Grand Prix,ALO,MEDIUM,6,-0.4511622651301687,80.80993574507394
2022_Canadian Grand Prix__ALO__2,2022_Canadian Grand Prix,ALO,MEDIUM,8,0.09502878320722057,77.55714123306686
2022_Canadian Grand Prix__ALO__3,2022_Canadian Grand Prix,ALO,MEDIUM,7,0.05085021177864844,78.58067694735257
2022_Canadian Grand Prix__ALO__4,2022_Canadian Grand Prix,ALO,HARD,18,0.011564460636086543,78.58194953399288
2022_Canadian Grand Prix__ALO__5,2022_Canadian Grand Prix,ALO,MEDIUM,15,0.012107354635791216,77.7539063721254
2022_Canadian Grand Prix__BOT__1,2022_Canadian Grand Prix,BOT,HARD,6,-0.340076550844454,81.56705003078824
2022_Canadian Grand Prix__BOT__2,2022_Canadian Grand Prix,BOT,HARD,6,0.056700211778648646,78.78283409020972
2022_Canadian Grand Prix__BOT__3,2022_Canadian Grand Prix,BOT,HARD,25,-0.002599458551021532,79.10445112317673
2022_Canadian Grand Prix__BOT__4,2022_Canadian Grand Prix,BOT,MEDIUM,15,0.006707354635791468,77.7633063721254
2022_Canadian Grand Prix__GAS__3,2022_Canadian Grand Prix,GAS,HARD,7,0.03342702195477363,78.38407037415188
2022_Canadian Grand Prix__GAS__4,2022_Canadian Grand Prix,GAS,HARD,14,0.07022951919514232,77.88402756276591
2022_Canadian Grand Prix__GAS__5,2022_Canadian Grand Prix,GAS,HARD,10,-0.10098377090533309,79.77155903025836
2022_Canadian Grand Prix__GAS__6,2022_Canadian Grand Prix,GAS,HARD,16,-0.08836995628857815,81.38851188230826
2022_Canadian Grand Prix__HAM__1,2022_Canadian Grand Prix,HAM,MEDIUM,6,-0.22630512227302854,79.84174526888349
2022_Canadian Grand Prix__HAM__2,2022_Canadian Grand Prix,HAM,HARD,8,-0.07520931203087383,78.44295980574135
2022_Canadian Grand Prix__HAM__3,2022_Canadian Grand Prix,HAM,HARD,23,-0.009045892117455346,78.43193303179066
2022_Canadian Grand Prix__HAM__5,2022_Canadian Grand Prix,HAM,HARD,15,0.022935926064362327,76.46322674180357
2022_Canadian Grand Prix__LAT__1,2022_Canadian Grand Prix,LAT,MEDIUM,6,-0.2780479794158826,82.18242145935967
2022_Canadian Grand Prix__LAT__2,2022_Canadian Grand Prix,LAT,HARD,8,-0.001709312030875443,80.04395980574135
2022_Canadian Grand Prix__LAT__3,2022_Canadian Grand Prix,LAT,HARD,16,0.09380651429965697,78.68823452562931
2022_Canadian Grand Prix__LAT__4,2022_Canadian Grand Prix,LAT,HARD,8,0.026409735588172816,79.10736097363875
2022_Canadian Grand Prix__LAT__5,2022_Canadian Grand Prix,LAT,HARD,16,-0.055433191582695794,81.2981919260197
2022_Canadian Grand Prix__LEC__1,2022_Canadian Grand Prix,LEC,HARD,6,-0.48516226513016936,82.07060241174061
2022_Canadian Grand Prix__LEC__2,2022_Canadian Grand Prix,LEC,HARD,6,0.20077164035007747,76.70769123306684
2022_Canadian Grand Prix__LEC__3,2022_Canadian Grand Prix,LEC,HARD,18,0.00826029630769021,78.40135048455606
2022_Canadian Grand Prix__LEC__4,2022_Canadian Grand Prix,LEC,MEDIUM,5,-0.34671407393563813,80.20058563027717
2022_Canadian Grand Prix__LEC__5,2022_Canadian Grand Prix,LEC,MEDIUM,16,-0.08015966217093122,79.12020327733599
2022_Canadian Grand Prix__MAG__1,2022_Canadian Grand Prix,MAG,MEDIUM,5,-0.03682154160797922,80.01919999999998
2022_Canadian Grand Prix__MAG__2,2022_Canadian Grand Prix,MAG,HARD,8,0.11525497368341123,77.90577128694595
2022_Canadian Grand Prix__MAG__3,2022_Canadian Grand Prix,MAG,HARD,26,0.03906355005513565,78.31129390187428
2022_Canadian Grand Prix__MAG__4,2022_Canadian Grand Prix,MAG,HARD,16,-0.026350838641519207,82.01236708526527
2022_Canadian Grand Prix__MSC__1,2022_Canadian Grand Prix,MSC,MEDIUM,5,-0.23196812114890114,80.61152793704899
2022_Canadian Grand Prix__MSC__2,2022_Canadian Grand Prix,MSC,MEDIUM,8,0.01479068796912469,79.16484361401923
2022_Canadian Grand Prix__NOR__1,2022_Canadian Grand Prix,NOR,HARD,6,-0.42244797941588436,81.95988812602634
2022_Canadian Grand Prix__NOR__2,2022_Canadian Grand Prix,NOR,HARD,8,0.10162402130245801,78.4240102806859
2022_Canadian Grand Prix__NOR__3,2022_Canadian Grand Prix,NOR,HARD,20,0.050891808417304146,78.7246011392141
2022_Canadian Grand Prix__NOR__5,2022_Canadian Grand Prix,NOR,MEDIUM,16,-0.07724789746504912,80.69947743869446
2022_Canadian Grand Prix__OCO__1,2022_Canadian Grand Prix,OCO,MEDIUM,6,-0.29939083655874066,81.00729764983586
2022_Canadian Grand Prix__OCO__2,2022_Canadian Grand Prix,OCO,MEDIUM,8,-0.07529264536420757,80.22617694735254
2022_Canadian Grand Prix__OCO__3,2022_Canadian Grand Prix,OCO,HARD,26,0.0018552848504619212,78.75353353390474
2022_Canadian Grand Prix__OCO__4,2022_Canadian Grand Prix,OCO,MEDIUM,16,-0.029658191582695972,78.38746862702736
2022_Canadian Grand Prix__PER__1,2022_Canadian Grand Prix,PER,HARD,6,-0.3634194079873121,81.29125955459777
2022_Canadian Grand Prix__RIC__1,2022_Canadian Grand Prix,RIC,MEDIUM,6,-0.3559051222730256,81.40094526888346
2022_Canadian Grand Prix__RIC__2,2022_Canadian Grand Prix,RIC,MEDIUM,7,-0.01569740726896975,79.8100459949716
2022_Canadian Grand Prix__RIC__3,2022_Canadian Grand Prix,RIC,HARD,26,0.010920393033002362,79.18296326012843
2022_Canadian Grand Prix__RIC__4,2022_Canadian Grand Prix,RIC,HARD,16,-0.017222897465048768,79.23084215643911
2022_Canadian Grand Prix__RUS__1,2022_Canadian Grand Prix,RUS,MEDIUM,5,-0.32899800261102885,80.54218262974727
2022_Canadian Grand Prix__RUS__2,2022_Canadian Grand Prix,RUS,MEDIUM,8,-0.08392359774515938,79.36970075687636
2022_Canadian Grand Prix__RUS__3,2022_Canadian Grand Prix,RUS,HARD,24,-0.022223204370419566,78.38189351773073
2022_Canadian Grand Prix__RUS__5,2022_Canadian Grand Prix,RUS,HARD,15,-0.001099788221351969,77.18593885834413
2022_Canadian Grand Prix__SAI__1,2022_Canadian Grand Prix,SAI,MEDIUM,6,-0.331790836558741,80.04409764983586
2022_Canadian Grand Prix__SAI__2,2022_Canadian Grand Prix,SAI,MEDIUM,6,0.04283170919689354,77.06933213954993
2022_Canadian Grand Prix__SAI__3,2022_Canadian Grand Prix,SAI,HARD,27,0.02742988210831887,77.37220702745138
2022_Canadian Grand Prix__SAI__4,2022_Canadian Grand Prix,SAI,HARD,15,0.006118068921505278,76.46742303879208
2022_Canadian Grand Prix__STR__1,2022_Canadian Grand Prix,STR,HARD,6,-0.5019051222730269,82.58194526888347
2022_Canadian Grand Prix__STR__2,2022_Canadian Grand Prix,STR,HARD,8,0.06254068796912517,78.78034361401922
2022_Canadian Grand Prix__STR__3,2022_Canadian Grand Prix,STR,HARD,26,-0.011514586756149863,79.81159137958699
2022_Canadian Grand Prix__STR__4,2022_Canadian Grand Prix,STR,MEDIUM,16,-0.07998025040622542,79.9535696723637
2022_Canadian Grand Prix__TSU__1,2022_Canadian Grand Prix,TSU,MEDIUM,5,-0.4427817863948127,82.36507452163917
2022_Canadian Grand Prix__TSU__2,2022_Canadian Grand Prix,TSU,HARD,8,-0.09613788345944609,79.2503169485985
2022_Canadian Grand Prix__TSU__3,2022_Canadian Grand Prix,TSU,HARD,26,0.024390712389149326,78.89824180818336
2022_Canadian Grand Prix__VER__1,2022_Canadian Grand Prix,VER,MEDIUM,7,-0.20879664590296237,79.30802371266942
2022_Canadian Grand Prix__VER__2,2022_Canadian Grand Prix,VER,HARD,8,-0.02006645488801899,77.71567409145564
2022_Canadian Grand Prix__VER__3,2022_Canadian Grand Prix,VER,HARD,20,0.028909686922819405,77.16237518885933
2022_Canadian Grand Prix__VER__5,2022_Canadian Grand Prix,VER,HARD,14,-0.021232973794593404,76.94057158677823
2022_Canadian Grand Prix__VET__3,2022_Canadian Grand Prix,VET,HARD,8,-0.00048312155468570214,78.84602324434107
2022_Canadian Grand Prix__VET__4,2022_Canadian Grand Prix,VET,HARD,26,0.044040874351676605,78.42013950204571
2022_Canadian Grand Prix__VET__5,2022_Canadian Grand Prix,VET,HARD,16,-0.07521554452387282,82.42102172744941
2022_Canadian Grand Prix__ZHO__1,2022_Canadian Grand Prix,ZHO,MEDIUM,5,-0.37396812114889955,81.21852793704898
2022_Canadian Grand Prix__ZHO__2,2022_Canadian Grand Prix,ZHO,MEDIUM,8,0.051624021302458994,78.63226028068587
2022_Canadian Grand Prix__ZHO__3,2022_Canadian Grand Prix,ZHO,HARD,27,0.007244900423337292,79.30933656740248
2022_Canadian Grand Prix__ZHO__4,2022_Canadian Grand Prix,ZHO,HARD,16,-0.04508907393563756,78.64684803879207
2022_Dutch Grand Prix__ALB__2,2022_Dutch Grand Prix,ALB,MEDIUM,14,-0.008497044486213537,78.35490709185595
2022_Dutch Grand Prix__ALB__3,2022_Dutch Grand Prix,ALB,MEDIUM,17,-0.009964880387250031,77.63553485092538
2022_Dutch Grand Prix__ALB__6,2022_Dutch Grand Prix,ALB,SOFT,12,0.058060751239188,76.00334477233442
2022_Dutch Grand Prix__ALO__2,2022_Dutch Grand Prix,ALO,SOFT,7,-0.003006931078493228,78.00924837592399
2022_Dutch Grand Prix__ALO__3,2022_Dutch Grand Prix,ALO,HARD,30,0.011649329846342992,76.8583809453413
2022_Dutch Grand Prix__ALO__6,2022_Dutch Grand Prix,ALO,SOFT,10,0.04753078120921807,74.76974754030968
2022_Dutch Grand Prix__BOT__2,2022_Dutch Grand Prix,BOT,SOFT,11,0.01971319879163568,78.08568993436555
2022_Dutch Grand Prix__BOT__3,2022_Dutch Grand Prix,BOT,SOFT,14,0.03407675822233164,77.12726159714481
2022_Dutch Grand Prix__BOT__4,2022_Dutch Grand Prix,BOT,MEDIUM,7,0.29042164035007745,76.29647700496946
2022_Dutch Grand Prix__GAS__2,2022_Dutch Grand Prix,GAS,SOFT,6,0.2806716403500779,75.42080488344519
2022_Dutch Grand Prix__GAS__3,2022_Dutch Grand Prix,GAS,MEDIUM,16,0.04151744902769634,77.15526504579587
2022_Dutch Grand Prix__GAS__4,2022_Dutch Grand Prix,GAS,HARD,9,-0.029230740602304434,76.87157636963353
2022_Dutch Grand Prix__GAS__7,2022_Dutch Grand Prix,GAS,SOFT,12,0.08329851347694965,75.5534090200771
2022_Dutch Grand Prix__HAM__2,2022_Dutch Grand Prix,HAM,MEDIUM,22,-0.011882597150169805,77.1621340388341
2022_Dutch Grand Prix__HAM__3,2022_Dutch Grand Prix,HAM,HARD,11,-0.03667789303111404,76.08921632655003
2022_Dutch Grand Prix__HAM__6,2022_Dutch Grand Prix,HAM,MEDIUM,12,0.0557006113790483,74.58566543440601
2022_Dutch Grand Prix__LAT__2,2022_Dutch Grand Prix,LAT,SOFT,7,0.1302875654086239,77.823192169835
2022_Dutch Grand Prix__LAT__3,2022_Dutch Grand Prix,LAT,MEDIUM,11,0.024531380609816997,78.27814333683862
2022_Dutch Grand Prix__LAT__4,2022_Dutch Grand Prix,LAT,HARD,15,0.1017466403500769,77.84815031074028
2022_Dutch Grand Prix__LAT__7,2022_Dutch Grand Prix,LAT,SOFT,11,0.027631380609817114,76.92449357820479
2022_Dutch Grand Prix__LEC__2,2022_Dutch Grand Prix,LEC,SOFT,12,0.09111669529513201,75.50352283216313
2022_Dutch Grand Prix__LEC__3,2022_Dutch Grand Prix,LEC,MEDIUM,25,0.017842849141286,76.30672648165552
2022_Dutch Grand Prix__LEC__5,2022_Dutch Grand Prix,LEC,SOFT,10,0.05637986545830322,74.39459856123132
2022_Dutch Grand Prix__MAG__2,2022_Dutch Grand Prix,MAG,MEDIUM,9,0.1358859260643629,77.39335155052716
2022_Dutch Grand Prix__MAG__3,2022_Dutch Grand Prix,MAG,MEDIUM,17,0.046264557280512285,77.36965784712035
2022_Dutch Grand Prix__MAG__4,2022_Dutch Grand Prix,MAG,HARD,7,0.07338592606436274,76.79565557639805
2022_Dutch Grand Prix__MAG__6,2022_Dutch Grand Prix,MAG,SOFT,5,-0.008314073935635236,75.82504340847022
2022_Dutch Grand Prix__MAG__7,2022_Dutch Grand Prix,MAG,SOFT,12,-0.020649038970601868,77.57873012175695
2022_Dutch Grand Prix__MSC__2,2022_Dutch Grand Prix,MSC,MEDIUM,8,0.03906449749293374,77.64931980449542
2022_Dutch Grand Prix__MSC__3,2022_Dutch Grand Prix,MSC,MEDIUM,18,0.04392668973825335,77.3217461263436
2022_Dutch Grand Prix__MSC__4,2022_Dutch Grand Prix,MSC,HARD,8,-0.33993550250706656,79.44259107890511
2022_Dutch Grand Prix__MSC__6,2022_Dutch Grand Prix,MSC,SOFT,5,-0.1146140739356369,76.6825293345346
2022_Dutch Grand Prix__MSC__7,2022_Dutch Grand Prix,MSC,SOFT,12,0.055053758232195445,75.64822094292622
2022_Dutch Grand Prix__NOR__2,2022_Dutch Grand Prix,NOR,MEDIUM,12,0.05096634564478222,76.9562015893772
2022_Dutch Grand Prix__NOR__3,2022_Dutch Grand Prix,NOR,HARD,25,0.007341310679747499,77.00642802011706
2022_Dutch Grand Prix__NOR__6,2022_Dutch Grand Prix,NOR,SOFT,12,0.0065817302601673365,75.821021783333
2022_Dutch Grand Prix__OCO__2,2022_Dutch Grand Prix,OCO,SOFT,13,0.03327054144897816,77.60869343086904
2022_Dutch Grand Prix__OCO__3,2022_Dutch Grand Prix,OCO,HARD,23,0.009372092072268053,76.98249431103397
2022_Dutch Grand Prix__OCO__5,2022_Dutch Grand Prix,OCO,HARD,5,-0.1444140739356385,81.96690933079685
2022_Dutch Grand Prix__OCO__6,2022_Dutch Grand Prix,OCO,SOFT,11,0.04166774424618107,75.34038037941315
2022_Dutch Grand Prix__PER__2,2022_Dutch Grand Prix,PER,SOFT,9,0.11493592606436162,75.53544414242758
2022_Dutch Grand Prix__PER__3,2022_Dutch Grand Prix,PER,MEDIUM,23,0.05475460502993684,75.9744103061638
2022_Dutch Grand Prix__PER__6,2022_Dutch Grand Prix,PER,HARD,5,-0.0035140739356407497,75.70219970421283
2022_Dutch Grand Prix__PER__7,2022_Dutch Grand Prix,PER,MEDIUM,9,0.0796687314942286,74.73603379726067
2022_Dutch Grand Prix__RIC__2,2022_Dutch Grand Prix,RIC,SOFT,6,0.10250021177864996,77.51043885211445
2022_Dutch Grand Prix__RIC__3,2022_Dutch Grand Prix,RIC,MEDIUM,13,-0.003273655817170264,78.23778729085498
2022_Dutch Grand Prix__RIC__4,2022_Dutch Grand Prix,RIC,HARD,13,0.10118770323456079,76.82216735437129
2022_Dutch Grand Prix__RIC__6,2022_Dutch Grand Prix,RIC,SOFT,5,-0.09081407393563694,76.46530118666332
2022_Dutch Grand Prix__RIC__7,2022_Dutch Grand Prix,RIC,SOFT,12,0.0713544575328945,75.92230048329012
2022_Dutch Grand Prix__RUS__2,2022_Dutch Grand Prix,RUS,MEDIUM,25,0.002605803794657261,76.92252715000487
2022_Dutch Grand Prix__RUS__3,2022_Dutch Grand Prix,RUS,HARD,11,-0.01543225575381837,75.91701727872443
2022_Dutch Grand Prix__RUS__6,2022_Dutch Grand Prix,RUS,SOFT,10,0.015089389267826943,74.42802842201804
2022_Dutch Grand Prix__SAI__2,2022_Dutch Grand Prix,SAI,SOFT,9,0.061602592731029436,76.38942710566741
2022_Dutch Grand Prix__SAI__3,2022_Dutch Grand Prix,SAI,MEDIUM,26,0.014388433084018035,76.75294244162158
2022_Dutch Grand Prix__SAI__5,2022_Dutch Grand Prix,SAI,HARD,5,-0.0834140739356386,76.7061574824059
2022_Dutch Grand Prix__SAI__6,2022_Dutch Grand Prix,SAI,SOFT,12,0.02478103095946772,75.40528052459175
2022_Dutch Grand Prix__STR__2,2022_Dutch Grand Prix,STR,SOFT,10,0.03277228970072697,77.2930762980019
2022_Dutch Grand Prix__STR__3,2022_Dutch Grand Prix,STR,MEDIUM,20,-0.00040881077774241426,77.21593576313005
2022_Dutch Grand Prix__STR__7,2022_Dutch Grand Prix,STR,SOFT,12,0.003032779211216347,76.04960089223367
2022_Dutch Grand Prix__TSU__2,2022_Dutch Grand Prix,TSU,SOFT,8,0.20120735463578998,75.98348345487378
2022_Dutch Grand Prix__TSU__3,2022_Dutch Grand Prix,TSU,MEDIUM,27,0.0156337893122261,77.38203536985222
2022_Dutch Grand Prix__VER__2,2022_Dutch Grand Prix,VER,SOFT,13,0.021836475514912995,76.23539123306685
2022_Dutch Grand Prix__VER__3,2022_Dutch Grand Prix,VER,MEDIUM,24,0.013035056499145643,76.13410440326057
2022_Dutch Grand Prix__VER__6,2022_Dutch Grand Prix,VER,SOFT,11,0.06898592606436284,73.53579856123133
2022_Dutch Grand Prix__VET__3,2022_Dutch Grand Prix,VET,MEDIUM,19,-0.020071431425694744,78.34552731275151
2022_Dutch Grand Prix__VET__4,2022_Dutch Grand Prix,VET,HARD,6,-0.3110712167927825,78.92126510020759
2022_Dutch Grand Prix__VET__7,2022_Dutch Grand Prix,VET,SOFT,11,0.019040471518908433,76.16041438545497
2022_Dutch Grand Prix__ZHO__2,2022_Dutch Grand Prix,ZHO,SOFT,7,0.22585021177865114,76.58939123306683
2022_Dutch Grand Prix__ZHO__3,2022_Dutch Grand Prix,ZHO,SOFT,23,0.028093435945785516,77.27646366420173
2022_Dutch Grand Prix__ZHO__7,2022_Dutch Grand Prix,ZHO,SOFT,12,0.05719711487555178,76.10460191255623
2022_French Grand Prix__ALB__1,2022_French Grand Prix,ALB,MEDIUM,15,0.027972951066808256,100.55794563917176
2022_French Grand Prix__ALB__3,2022_French Grand Prix,ALB,HARD,14,0.01678812386656063,99.79866757255505
2022_French Grand Prix__ALB__4,2022_French Grand Prix,ALB,HARD,8,-0.048075226817841606,101.2307263734033
2022_French Grand Prix__ALO__1,2022_French Grand Prix,ALO,MEDIUM,14,0.009559386606345446,99.984383058765
2022_French Grand Prix__ALO__3,2022_French Grand Prix,ALO,HARD,15,0.027053783207220603,99.26182837841584
2022_French Grand Prix__ALO__4,2022_French Grand Prix,ALO,HARD,9,-0.04288181587112015,100.17907707273228
2022_French Grand Prix__BOT__1,2022_French Grand Prix,BOT,HARD,14,0.013315842270314047,101.0882125652496
2022_French Grand Prix__BOT__3,2022_French Grand Prix,BOT,HARD,12,0.033305506483943356,99.65175082263829
2022_French Grand Prix__BOT__4,2022_French Grand Prix,BOT,MEDIUM,9,0.05111160174003895,98.3547654594148
2022_French Grand Prix__GAS__1,2022_French Grand Prix,GAS,HARD,15,-0.019741434529001307,101.15696359942316
2022_French Grand Prix__GAS__3,2022_French Grand Prix,GAS,MEDIUM,14,0.011752247307886501,99.9969611442683
2022_French Grand Prix__GAS__4,2022_French Grand Prix,GAS,MEDIUM,7,0.015389350721899125,99.44853946778305
2022_French Grand Prix__HAM__1,2022_French Grand Prix,HAM,MEDIUM,16,0.014858631835795335,99.18347429045727
2022_French Grand Prix__HAM__3,2022_French Grand Prix,HAM,HARD,14,0.02325405793249471,98.1141291110166
2022_French Grand Prix__HAM__4,2022_French Grand Prix,HAM,HARD,10,0.017791986670424417,98.04545478534224
2022_French Grand Prix__LAT__1,2022_French Grand Prix,LAT,MEDIUM,15,-0.040709139375977595,101.44683975291355
2022_French Grand Prix__LAT__3,2022_French Grand Prix,LAT,HARD,14,0.0477771348555718,99.7473677843337
2022_French Grand Prix__LEC__1,2022_French Grand Prix,LEC,MEDIUM,15,0.027349442977993355,98.5978584506479
2022_French Grand Prix__MAG__2,2022_French Grand Prix,MAG,HARD,8,0.17436211654055447,99.12418102253412
2022_French Grand Prix__MAG__4,2022_French Grand Prix,MAG,HARD,10,0.08144509079754157,99.28502301989194
2022_French Grand Prix__MSC__1,2022_French Grand Prix,MSC,MEDIUM,5,-0.17181164180461822,101.51051845508172
2022_French Grand Prix__MSC__2,2022_French Grand Prix,MSC,HARD,7,0.18610021177864916,99.54129313907468
2022_French Grand Prix__MSC__4,2022_French Grand Prix,MSC,HARD,15,-0.0008640739356370661,100.12617599746349
2022_French Grand Prix__MSC__5,2022_French Grand Prix,MSC,HARD,9,-0.038530740602303375,100.73515933079679
2022_French Grand Prix__NOR__1,2022_French Grand Prix,NOR,MEDIUM,15,0.0035314211767486967,100.19118902818424
2022_French Grand Prix__NOR__3,2022_French Grand Prix,NOR,HARD,14,0.020466360846971364,99.41425280905767
2022_French Grand Prix__NOR__4,2022_French Grand Prix,NOR,HARD,9,-0.005747407268970411,99.63017599746348
2022_French Grand Prix__OCO__1,2022_French Grand Prix,OCO,MEDIUM,16,0.01443510242403126,100.28049781986904
2022_French Grand Prix__OCO__3,2022_French Grand Prix,OCO,HARD,15,0.027650211778648525,99.46993790222537
2022_French Grand Prix__OCO__4,2022_French Grand Prix,OCO,HARD,10,-0.05945649817806049,101.3978911489786
2022_French Grand Prix__PER__1,2022_French Grand Prix,PER,MEDIUM,16,0.01949686712991306,99.27316105516317
2022_French Grand Prix__PER__3,2022_French Grand Prix,PER,HARD,14,0.03600790408634123,98.07634889123636
2022_French Grand Prix__PER__4,2022_French Grand Prix,PER,HARD,9,-0.08033907393563601,100.76385099746344
2022_French Grand Prix__RIC__1,2022_French Grand Prix,RIC,MEDIUM,15,0.03339706728204367,100.32265745242482
2022_French Grand Prix__RIC__3,2022_French Grand Prix,RIC,HARD,15,0.03935735463579145,99.36091885460633
2022_French Grand Prix__RIC__4,2022_French Grand Prix,RIC,HARD,9,-0.01898074060230333,100.45897599746347
2022_French Grand Prix__RUS__1,2022_French Grand Prix,RUS,MEDIUM,16,0.011165984776972249,99.3414919375161
2022_French Grand Prix__RUS__3,2022_French Grand Prix,RUS,HARD,13,0.003927564520693021,98.5720366071698
2022_French Grand Prix__RUS__4,2022_French Grand Prix,RUS,HARD,9,-0.0021557406023037635,98.53285673806579
2022_French Grand Prix__SAI__1,2022_French Grand Prix,SAI,HARD,16,0.0029498083063841936,100.25398311398669
2022_French Grand Prix__SAI__3,2022_French Grand Prix,SAI,MEDIUM,14,0.035460651339088066,97.8881181220056
2022_French Grand Prix__STR__1,2022_French Grand Prix,STR,MEDIUM,15,0.03075724134139674,100.21834314661241
2022_French Grand Prix__STR__3,2022_French Grand Prix,STR,HARD,14,0.0320530195342733,99.52097026772863
2022_French Grand Prix__STR__4,2022_French Grand Prix,STR,HARD,10,-0.01183225575381848,100.08790522291424
2022_French Grand Prix__TSU__1,2022_French Grand Prix,TSU,MEDIUM,9,0.16821677017358308,99.78209285680092
2022_French Grand Prix__VER__1,2022_French Grand Prix,VER,MEDIUM,14,0.08012771639688503,98.16994582512338
2022_French Grand Prix__VER__3,2022_French Grand Prix,VER,HARD,14,0.01949801397645097,97.8107264896571
2022_French Grand Prix__VER__4,2022_French Grand Prix,VER,HARD,10,0.03286471394315079,97.2918708120014
2022_French Grand Prix__VET__1,2022_French Grand Prix,VET,MEDIUM,15,0.03816710462040523,100.21980660843188
2022_French Grand Prix__VET__3,2022_French Grand Prix,VET,HARD,14,0.01593537661381343,99.76846977035724
2022_French Grand Prix__VET__4,2022_French Grand Prix,VET,HARD,8,-0.02978388525639154,100.33253197230624
2022_French Grand Prix__ZHO__1,2022_French Grand Prix,ZHO,MEDIUM,7,-0.27022521733153526,102.579452284098
2022_French Grand Prix__ZHO__2,2022_French Grand Prix,ZHO,HARD,6,-0.04684264536420855,100.59546456764612
2022_French Grand Prix__ZHO__4,2022_French Grand Prix,ZHO,HARD,13,0.0836386733171102,99.3372002878015
2022_French Grand Prix__ZHO__5,2022_French Grand Prix,ZHO,HARD,8,-0.08712150493351355,102.67454008388653
2022_Italian Grand Prix__ALO__1,2022_Italian Grand Prix,ALO,MEDIUM,8,-0.0869386140372088,87.95612729949215
2022_Italian Grand Prix__ALO__2,2022_Italian Grand Prix,ALO,MEDIUM,18,0.006949393556622712,87.67240366611026
2022_Italian Grand Prix__BOT__1,2022_Italian Grand Prix,BOT,MEDIUM,6,-0.2128464554011191,89.58573523706903
2022_Italian Grand Prix__BOT__2,2022_Italian Grand Prix,BOT,MEDIUM,21,-0.013956034466209898,88.07535649319226
2022_Italian Grand Prix__BOT__3,2022_Italian Grand Prix,BOT,SOFT,9,-0.03864740726897059,86.63644785166876
2022_Italian Grand Prix__DEV__1,2022_Italian Grand Prix,DEV,SOFT,9,-0.04911656315975154,87.83809285680093
2022_Italian Grand Prix__DEV__2,2022_Italian Grand Prix,DEV,SOFT,6,0.02867164035007881,87.30353409020967
2022_Italian Grand Prix__DEV__3,2022_Italian Grand Prix,DEV,MEDIUM,23,0.019771441347024535,86.94232967666099
2022_Italian Grand Prix__GAS__1,2022_Italian Grand Prix,GAS,MEDIUM,9,-0.05096656315975117,87.77419285680094
2022_Italian Grand Prix__GAS__2,2022_Italian Grand Prix,GAS,MEDIUM,5,-0.20471407393563654,90.99526266163825
2022_Italian Grand Prix__GAS__3,2022_Italian Grand Prix,GAS,HARD,24,-0.004689528481091522,87.32918431382335
2022_Italian Grand Prix__HAM__1,2022_Italian Grand Prix,HAM,MEDIUM,9,-0.2801665631597509,89.65994841235647
2022_Italian Grand Prix__HAM__2,2022_Italian Grand Prix,HAM,MEDIUM,19,-0.0034730890269794017,87.19374900000206
2022_Italian Grand Prix__HAM__3,2022_Italian Grand Prix,HAM,SOFT,10,-0.055358662680226274,85.4604081784722
2022_Italian Grand Prix__LAT__1,2022_Italian Grand Prix,LAT,MEDIUM,9,-0.19253322982641857,89.62637063457872
2022_Italian Grand Prix__LAT__3,2022_Italian Grand Prix,LAT,HARD,27,0.03160436482613944,86.96011521343817
2022_Italian Grand Prix__LEC__1,2022_Italian Grand Prix,LEC,SOFT,10,-0.03579792875536646,86.12856145180268
2022_Italian Grand Prix__LEC__2,2022_Italian Grand Prix,LEC,MEDIUM,19,0.03188066290646833,85.2747306165159
2022_Italian Grand Prix__LEC__3,2022_Italian Grand Prix,LEC,SOFT,12,-0.000533654355217325,84.93501174157576
2022_Italian Grand Prix__MAG__1,2022_Italian Grand Prix,MAG,MEDIUM,8,-0.11830612236874254,89.1044176316404
2022_Italian Grand Prix__MAG__2,2022_Italian Grand Prix,MAG,MEDIUM,11,0.018958653337089973,88.13274447982009
2022_Italian Grand Prix__MAG__3,2022_Italian Grand Prix,MAG,HARD,18,0.01792921521100749,87.23000243482176
2022_Italian Grand Prix__MSC__1,2022_Italian Grand Prix,MSC,MEDIUM,9,-0.24476656315975254,89.8495484123565
2022_Italian Grand Prix__MSC__2,2022_Italian Grand Prix,MSC,MEDIUM,19,-0.022812247088933257,88.2091953860227
2022_Italian Grand Prix__MSC__3,2022_Italian Grand Prix,MSC,SOFT,11,-0.029086801208365206,86.78091640358043
2022_Italian Grand Prix__NOR__1,2022_Italian Grand Prix,NOR,MEDIUM,9,-0.06261656315975136,87.82575952346761
2022_Italian Grand Prix__NOR__2,2022_Italian Grand Prix,NOR,MEDIUM,21,-0.026886801208364574,87.91560335427899
2022_Italian Grand Prix__NOR__3,2022_Italian Grand Prix,NOR,SOFT,9,-0.0446140739356371,85.58003155509559
2022_Italian Grand Prix__OCO__1,2022_Italian Grand Prix,OCO,SOFT,9,-0.077599896493084,88.45199285680093
2022_Italian Grand Prix__OCO__2,2022_Italian Grand Prix,OCO,SOFT,6,0.09478592606436434,86.49676266163824
2022_Italian Grand Prix__OCO__3,2022_Italian Grand Prix,OCO,HARD,24,-0.005284666270131939,87.19861246940472
2022_Italian Grand Prix__PER__1,2022_Italian Grand Prix,PER,MEDIUM,5,-0.6313215416079814,90.4716
2022_Italian Grand Prix__PER__3,2022_Italian Grand Prix,PER,HARD,26,-0.010286710436152155,86.4726818950992
2022_Italian Grand Prix__RIC__1,2022_Italian Grand Prix,RIC,MEDIUM,9,-0.0646832298264182,87.88515952346762
2022_Italian Grand Prix__RIC__2,2022_Italian Grand Prix,RIC,MEDIUM,6,-0.2762140739356376,92.28576266163827
2022_Italian Grand Prix__RIC__3,2022_Italian Grand Prix,RIC,HARD,24,-0.002881866143429232,87.25708304906895
2022_Italian Grand Prix__RUS__1,2022_Italian Grand Prix,RUS,SOFT,7,-0.03626961474265206,86.50842346064732
2022_Italian Grand Prix__RUS__2,2022_Italian Grand Prix,RUS,SOFT,8,0.05272987510894849,85.52947858520517
2022_Italian Grand Prix__RUS__3,2022_Italian Grand Prix,RUS,HARD,22,-0.0008975296103969596,86.01592761159857
2022_Italian Grand Prix__SAI__1,2022_Italian Grand Prix,SAI,MEDIUM,9,-0.23859989649308536,88.47477063457872
2022_Italian Grand Prix__SAI__2,2022_Italian Grand Prix,SAI,MEDIUM,15,0.014735172295518814,86.52608242713242
2022_Italian Grand Prix__SAI__3,2022_Italian Grand Prix,SAI,SOFT,15,-0.05882835964992244,85.61180234833107
2022_Italian Grand Prix__STR__1,2022_Italian Grand Prix,STR,MEDIUM,9,-0.0499998964930846,88.2832816421829
2022_Italian Grand Prix__STR__2,2022_Italian Grand Prix,STR,MEDIUM,5,0.21668592606436474,84.54297673557389
2022_Italian Grand Prix__STR__3,2022_Italian Grand Prix,STR,HARD,15,-0.010334248707673289,87.97038415701209
2022_Italian Grand Prix__TSU__1,2022_Italian Grand Prix,TSU,MEDIUM,9,-0.24946656315975138,89.44563730124538
2022_Italian Grand Prix__TSU__2,2022_Italian Grand Prix,TSU,MEDIUM,6,0.07715735463579361,86.36717218544776
2022_Italian Grand Prix__TSU__3,2022_Italian Grand Prix,TSU,HARD,23,-0.002929452421692913,87.35842295629482
2022_Italian Grand Prix__VER__1,2022_Italian Grand Prix,VER,SOFT,10,-0.034337322694760294,85.97836751240874
2022_Italian Grand Prix__VER__2,2022_Italian Grand Prix,VER,SOFT,11,0.011422289700726137,85.63872629800191
2022_Italian Grand Prix__VER__3,2022_Italian Grand Prix,VER,MEDIUM,20,0.012048332079400752,85.02154314407443
2022_Italian Grand Prix__VET__1,2022_Italian Grand Prix,VET,MEDIUM,9,-0.06836656315975136,88.60762608662735
2022_Italian Grand Prix__ZHO__1,2022_Italian Grand Prix,ZHO,MEDIUM,9,-0.06358322982641813,87.98755952346761
2022_Italian Grand Prix__ZHO__2,2022_Italian Grand Prix,ZHO,MEDIUM,5,0.1307859260643639,85.75416266163826
2022_Italian Grand Prix__ZHO__3,2022_Italian Grand Prix,ZHO,HARD,24,0.02665445452838026,86.91465610845525
2022_Mexico City Grand Prix__ALB__1,2022_Mexico City Grand Prix,ALB,MEDIUM,32,-0.00665084726181226,85.31675949307464
2022_Mexico City Grand Prix__ALB__2,2022_Mexico City Grand Prix,ALB,SOFT,22,0.029246531639201993,83.35768691595997
2022_Mexico City Grand Prix__ALB__3,2022_Mexico City Grand Prix,ALB,SOFT,6,-0.01989978822135148,85.38442709520768
2022_Mexico City Grand Prix__ALO__1,2022_Mexico City Grand Prix,ALO,MEDIUM,38,-0.007024512714496951,84.71707188970348
2022_Mexico City Grand Prix__ALO__2,2022_Mexico City Grand Prix,ALO,HARD,22,0.1555513693167625,83.05114172919225
2022_Mexico City Grand Prix__BOT__1,2022_Mexico City Grand Prix,BOT,MEDIUM,35,-0.002771364560948043,84.65168120197673
2022_Mexico City Grand Prix__BOT__2,2022_Mexico City Grand Prix,BOT,HARD,19,0.044157286101415144,83.86012641013406
2022_Mexico City Grand Prix__GAS__1,2022_Mexico City Grand Prix,GAS,MEDIUM,34,-0.0032178167936027973,85.26557157321186
2022_Mexico City Grand Prix__GAS__2,2022_Mexico City Grand Prix,GAS,SOFT,19,0.04950644731350505,82.83653007874021
2022_Mexico City Grand Prix__HAM__1,2022_Mexico City Grand Prix,HAM,MEDIUM,27,0.018019625698062456,83.1881611721612
2022_Mexico City Grand Prix__HAM__2,2022_Mexico City Grand Prix,HAM,HARD,34,0.014506017737395748,82.79220545403307
2022_Mexico City Grand Prix__HAM__3,2022_Mexico City Grand Prix,HAM,HARD,5,0.22738592606436045,74.41639185586664
2022_Mexico City Grand Prix__LAT__1,2022_Mexico City Grand Prix,LAT,SOFT,17,-0.029497494136433586,86.05850697016847
2022_Mexico City Grand Prix__LAT__2,2022_Mexico City Grand Prix,LAT,HARD,23,0.01200780162901988,85.38590292117523
2022_Mexico City Grand Prix__LAT__3,2022_Mexico City Grand Prix,LAT,SOFT,7,0.20785021177864796,83.70528244106116
2022_Mexico City Grand Prix__LEC__1,2022_Mexico City Grand Prix,LEC,SOFT,25,0.05197977221820925,83.53541276325589
2022_Mexico City Grand Prix__LEC__2,2022_Mexico City Grand Prix,LEC,MEDIUM,34,0.01948144286943739,83.16744953542707
2022_Mexico City Grand Prix__LEC__3,2022_Mexico City Grand Prix,LEC,MEDIUM,6,0.37410021177864833,69.53204402504026
2022_Mexico City Grand Prix__MAG__1,2022_Mexico City Grand Prix,MAG,MEDIUM,31,-0.025176337350299918,86.1824567369434
2022_Mexico City Grand Prix__MAG__2,2022_Mexico City Grand Prix,MAG,SOFT,23,-0.036744508718245854,85.08898567312227
2022_Mexico City Grand Prix__MAG__3,2022_Mexico City Grand Prix,MAG,SOFT,6,0.15881449749293333,79.45674550749082
2022_Mexico City Grand Prix__MSC__1,2022_Mexico City Grand Prix,MSC,SOFT,22,0.012231431233843602,85.74822178587375
2022_Mexico City Grand Prix__MSC__2,2022_Mexico City Grand Prix,MSC,MEDIUM,31,0.016792767353351296,84.22451850677857
2022_Mexico City Grand Prix__MSC__3,2022_Mexico City Grand Prix,MSC,MEDIUM,5,0.21085104234343297,75.72007617903307
2022_Mexico City Grand Prix__NOR__1,2022_Mexico City Grand Prix,NOR,MEDIUM,29,-0.0027155253593343113,84.93282368168231
2022_Mexico City Grand Prix__NOR__2,2022_Mexico City Grand Prix,NOR,HARD,27,0.0006709100572001249,84.36594777113561
2022_Mexico City Grand Prix__NOR__3,2022_Mexico City Grand Prix,NOR,HARD,5,0.21758592606436053,76.33296370799533
2022_Mexico City Grand Prix__OCO__1,2022_Mexico City Grand Prix,OCO,MEDIUM,30,0.0005148843057901746,84.73117034104806
2022_Mexico City Grand Prix__OCO__2,2022_Mexico City Grand Prix,OCO,HARD,26,0.004401574582160118,84.28056900174025
2022_Mexico City Grand Prix__OCO__3,2022_Mexico City Grand Prix,OCO,HARD,5,0.08208592606436298,81.57023556012398
2022_Mexico City Grand Prix__PER__1,2022_Mexico City Grand Prix,PER,SOFT,20,0.017552159830596832,83.23844871531342
2022_Mexico City Grand Prix__PER__2,2022_Mexico City Grand Prix,PER,MEDIUM,37,0.03468899891466659,82.28826271288014
2022_Mexico City Grand Prix__RIC__1,2022_Mexico City Grand Prix,RIC,MEDIUM,39,0.0018842142603382724,84.8492511451622
2022_Mexico City Grand Prix__RIC__2,2022_Mexico City Grand Prix,RIC,SOFT,15,0.04511271716779992,82.78468750738963
2022_Mexico City Grand Prix__RUS__1,2022_Mexico City Grand Prix,RUS,MEDIUM,32,-0.00277481440484536,83.58959420821115
2022_Mexico City Grand Prix__RUS__2,2022_Mexico City Grand Prix,RUS,HARD,29,0.021096270891949074,82.79482493446419
2022_Mexico City Grand Prix__SAI__1,2022_Mexico City Grand Prix,SAI,SOFT,26,0.03183916987810099,83.64764482092698
2022_Mexico City Grand Prix__SAI__2,2022_Mexico City Grand Prix,SAI,MEDIUM,33,0.01787801698857935,83.15242399685602
2022_Mexico City Grand Prix__SAI__3,2022_Mexico City Grand Prix,SAI,MEDIUM,6,0.1805573546357887,76.7934204272952
2022_Mexico City Grand Prix__STR__1,2022_Mexico City Grand Prix,STR,MEDIUM,14,-0.040202647627321876,85.81003259752565
2022_Mexico City Grand Prix__STR__2,2022_Mexico City Grand Prix,STR,SOFT,20,0.02133845268816567,84.49745956733997
2022_Mexico City Grand Prix__STR__3,2022_Mexico City Grand Prix,STR,SOFT,20,0.04660700557463292,83.39002984039472
2022_Mexico City Grand Prix__STR__4,2022_Mexico City Grand Prix,STR,SOFT,6,0.6822716403500774,66.48557989971737
2022_Mexico City Grand Prix__TSU__1,2022_Mexico City Grand Prix,TSU,SOFT,26,0.006127562227040389,84.86649889511517
2022_Mexico City Grand Prix__TSU__2,2022_Mexico City Grand Prix,TSU,MEDIUM,18,-0.01980631981751725,84.6164305059268
2022_Mexico City Grand Prix__VER__1,2022_Mexico City Grand Prix,VER,SOFT,23,0.025787111835114104,83.00233629295316
2022_Mexico City Grand Prix__VER__2,2022_Mexico City Grand Prix,VER,MEDIUM,38,0.015063243057469334,82.54934210061882
2022_Mexico City Grand Prix__VER__3,2022_Mexico City Grand Prix,VER,MEDIUM,5,0.14558592606435924,76.89044815160922
2022_Mexico City Grand Prix__VET__1,2022_Mexico City Grand Prix,VET,SOFT,34,0.012902597878845928,84.88003771563288
2022_Mexico City Grand Prix__VET__2,2022_Mexico City Grand Prix,VET,MEDIUM,18,0.06989313977707787,83.17028283023677
2022_Mexico City Grand Prix__VET__3,2022_Mexico City Grand Prix,VET,MEDIUM,5,0.08992646660490185,81.61595494005715
2022_Mexico City Grand Prix__ZHO__1,2022_Mexico City Grand Prix,ZHO,MEDIUM,43,0.0009735209918614011,85.17866788984321
2022_Mexico City Grand Prix__ZHO__2,2022_Mexico City Grand Prix,ZHO,SOFT,16,0.05821093802872508,83.75688305640642
2022_Mexico City Grand Prix__ZHO__3,2022_Mexico City Grand Prix,ZHO,SOFT,6,0.21501449749293247,79.88622381575351
2022_Miami Grand Prix__ALB__1,2022_Miami Grand Prix,ALB,MEDIUM,13,-0.07184203506367529,96.97317781131751
2022_Miami Grand Prix__ALB__3,2022_Miami Grand Prix,ALB,HARD,19,-0.056884145194544065,95.56084317938067
2022_Miami Grand Prix__ALB__4,2022_Miami Grand Prix,ALB,HARD,5,-0.2874248847464491,104.44235369488435
2022_Miami Grand Prix__ALO__1,2022_Miami Grand Prix,ALO,MEDIUM,10,-0.04973916138588336,96.17339218252667
2022_Miami Grand Prix__ALO__3,2022_Miami Grand Prix,ALO,HARD,18,-0.05124152491602906,95.6498688945132
2022_Miami Grand Prix__ALO__4,2022_Miami Grand Prix,ALO,HARD,6,-0.11892835964992066,98.90067038844404
2022_Miami Grand Prix__BOT__1,2022_Miami Grand Prix,BOT,MEDIUM,18,-0.06209460515560557,95.89451031380139
2022_Miami Grand Prix__BOT__3,2022_Miami Grand Prix,BOT,HARD,11,-0.06488625438676442,94.52524034833428
2022_Miami Grand Prix__BOT__4,2022_Miami Grand Prix,BOT,HARD,6,-0.17898550250706605,98.96859673931174
2022_Miami Grand Prix__GAS__1,2022_Miami Grand Prix,GAS,MEDIUM,13,-0.04931067617865767,96.17663599947083
2022_Miami Grand Prix__GAS__3,2022_Miami Grand Prix,GAS,HARD,17,-0.025290881007920166,95.34508157643201
2022_Miami Grand Prix__HAM__1,2022_Miami Grand Prix,HAM,MEDIUM,16,-0.04998982403665355,95.81291074639707
2022_Miami Grand Prix__HAM__3,2022_Miami Grand Prix,HAM,HARD,14,-0.03650096170194502,94.1017194528008
2022_Miami Grand Prix__HAM__4,2022_Miami Grand Prix,HAM,HARD,5,-0.11550942277284795,97.08686001179848
2022_Miami Grand Prix__LAT__1,2022_Miami Grand Prix,LAT,HARD,15,-0.025666616863334723,97.3981607496679
2022_Miami Grand Prix__LAT__2,2022_Miami Grand Prix,LAT,HARD,13,-0.1098747011133371,99.14353478707382
2022_Miami Grand Prix__LAT__4,2022_Miami Grand Prix,LAT,MEDIUM,5,-0.05351407393563645,95.90788414782659
2022_Miami Grand Prix__LEC__1,2022_Miami Grand Prix,LEC,MEDIUM,17,-0.030090946971362772,94.62307292544959
2022_Miami Grand Prix__LEC__3,2022_Miami Grand Prix,LEC,HARD,14,-0.06015335964992268,93.52786417289728
2022_Miami Grand Prix__LEC__4,2022_Miami Grand Prix,LEC,HARD,6,-0.134442645364207,95.97534869670676
2022_Miami Grand Prix__MAG__1,2022_Miami Grand Prix,MAG,MEDIUM,9,-0.08884316970973163,96.62580199375307
2022_Miami Grand Prix__MAG__2,2022_Miami Grand Prix,MAG,HARD,5,-0.07301407393563578,95.54299377441062
2022_Miami Grand Prix__MAG__3,2022_Miami Grand Prix,MAG,HARD,17,-0.029948131007596947,95.3625283277605
2022_Miami Grand Prix__MAG__4,2022_Miami Grand Prix,MAG,MEDIUM,6,-0.2202997882213542,96.7850001277701
2022_Miami Grand Prix__MSC__1,2022_Miami Grand Prix,MSC,MEDIUM,12,-0.030419705830668175,96.49167467904782
2022_Miami Grand Prix__MSC__3,2022_Miami Grand Prix,MSC,HARD,17,-0.04990919690354029,95.49950610173735
2022_Miami Grand Prix__MSC__4,2022_Miami Grand Prix,MSC,HARD,6,0.10150021177865003,90.98119419796787
2022_Miami Grand Prix__NOR__1,2022_Miami Grand Prix,NOR,MEDIUM,16,-0.049628132870086585,96.50228605516314
2022_Miami Grand Prix__NOR__2,2022_Miami Grand Prix,NOR,HARD,18,-0.04777786026713765,95.32402323496021
2022_Miami Grand Prix__OCO__1,2022_Miami Grand Prix,OCO,HARD,15,-0.09971392989341946,97.32973023306467
2022_Miami Grand Prix__OCO__2,2022_Miami Grand Prix,OCO,HARD,19,-0.028773723058444077,95.85396266163828
2022_Miami Grand Prix__OCO__3,2022_Miami Grand Prix,OCO,SOFT,6,0.07664306892150745,93.92084277313428
2022_Miami Grand Prix__PER__1,2022_Miami Grand Prix,PER,MEDIUM,17,-0.05939421782508237,95.15047217925989
2022_Miami Grand Prix__PER__2,2022_Miami Grand Prix,PER,MEDIUM,6,0.03492878320721704,93.6307055187812
2022_Miami Grand Prix__PER__3,2022_Miami Grand Prix,PER,HARD,11,-0.0006413466629099599,93.71448266537608
2022_Miami Grand Prix__PER__4,2022_Miami Grand Prix,PER,MEDIUM,6,-0.09767121679277904,94.14432848742001
2022_Miami Grand Prix__RIC__1,2022_Miami Grand Prix,RIC,MEDIUM,15,-0.1036900113167523,97.4206721912134
2022_Miami Grand Prix__RIC__2,2022_Miami Grand Prix,RIC,MEDIUM,9,-0.057797407268970376,96.74232377274939
2022_Miami Grand Prix__RIC__3,2022_Miami Grand Prix,RIC,HARD,8,-0.1702212167927799,95.75425472928345
2022_Miami Grand Prix__RIC__4,2022_Miami Grand Prix,RIC,SOFT,6,-0.35192835964992436,98.02093801122955
2022_Miami Grand Prix__RUS__1,2022_Miami Grand Prix,RUS,HARD,17,-0.1290294148167215,97.16943588043829
2022_Miami Grand Prix__RUS__2,2022_Miami Grand Prix,RUS,HARD,19,-0.05008775814616358,95.77333108269093
2022_Miami Grand Prix__RUS__3,2022_Miami Grand Prix,RUS,MEDIUM,6,0.09881449749293511,92.91773303754611
2022_Miami Grand Prix__SAI__1,2022_Miami Grand Prix,SAI,MEDIUM,18,-0.046228764082334076,94.98936342697648
2022_Miami Grand Prix__SAI__2,2022_Miami Grand Prix,SAI,MEDIUM,6,0.24064306892150406,88.5547531378288
2022_Miami Grand Prix__SAI__3,2022_Miami Grand Prix,SAI,HARD,12,-0.04041127673284013,93.78969501968844
2022_Miami Grand Prix__SAI__4,2022_Miami Grand Prix,SAI,HARD,6,-0.12281407393563767,95.97924933204276
2022_Miami Grand Prix__STR__1,2022_Miami Grand Prix,STR,HARD,16,-0.07740739498626024,97.35931216089595
2022_Miami Grand Prix__STR__2,2022_Miami Grand Prix,STR,HARD,17,-0.021661417259887808,95.59003924275207
2022_Miami Grand Prix__STR__3,2022_Miami Grand Prix,STR,MEDIUM,6,0.0006430689215047002,94.60558023303645
2022_Miami Grand Prix__TSU__1,2022_Miami Grand Prix,TSU,MEDIUM,8,0.06740010350691512,96.28150726427818
2022_Miami Grand Prix__TSU__2,2022_Miami Grand Prix,TSU,HARD,5,0.11626964699459436,95.46771947625325
2022_Miami Grand Prix__TSU__3,2022_Miami Grand Prix,TSU,HARD,18,-0.1026805033543795,97.15731460991209
2022_Miami Grand Prix__TSU__4,2022_Miami Grand Prix,TSU,SOFT,5,-0.22861407393563696,96.70582785208407
2022_Miami Grand Prix__VER__1,2022_Miami Grand Prix,VER,MEDIUM,17,-0.03678909240816148,94.48852387713335
2022_Miami Grand Prix__VER__2,2022_Miami Grand Prix,VER,MEDIUM,5,0.026585926064362296,92.78796266163828
2022_Miami Grand Prix__VER__3,2022_Miami Grand Prix,VER,HARD,12,-0.0639492003476861,93.43940071994648
2022_Miami Grand Prix__VER__4,2022_Miami Grand Prix,VER,HARD,6,-0.14198550250706568,95.83693007264506
2022_Miami Grand Prix__VET__1,2022_Miami Grand Prix,VET,HARD,17,-0.10244813939371022,97.73290767373359
2022_Miami Grand Prix__VET__2,2022_Miami Grand Prix,VET,HARD,17,-0.05206348774371326,96.53982519943573
2022_Miami Grand Prix__VET__3,2022_Miami Grand Prix,VET,MEDIUM,6,-0.11684264536420821,95.74164234957699
2022_Saudi Arabian Grand Prix__ALB__1,2022_Saudi Arabian Grand Prix,ALB,MEDIUM,9,-0.05726013172826942,98.52163278329192
2022_Saudi Arabian Grand Prix__ALB__2,2022_Saudi Arabian Grand Prix,ALB,HARD,14,-0.16229334050827504,98.84209056084173
2022_Saudi Arabian Grand Prix__ALB__3,2022_Saudi Arabian Grand Prix,ALB,HARD,7,-0.046971216792779255,96.46390827190353
2022_Saudi Arabian Grand Prix__ALO__1,2022_Saudi Arabian Grand Prix,ALO,MEDIUM,12,0.002926361127813384,96.4061986692852
2022_Saudi Arabian Grand Prix__ALO__2,2022_Saudi Arabian Grand Prix,ALO,HARD,10,-0.17616871121754682,96.9693376623228
2022_Saudi Arabian Grand Prix__BOT__1,2022_Saudi Arabian Grand Prix,BOT,MEDIUM,14,-0.028782173713004965,96.94567989105745
2022_Saudi Arabian Grand Prix__BOT__2,2022_Saudi Arabian Grand Prix,BOT,HARD,14,-0.1906866014081649,97.56818583031644
2022_Saudi Arabian Grand Prix__GAS__1,2022_Saudi Arabian Grand Prix,GAS,MEDIUM,11,-0.06839695588174552,97.5784504057953
2022_Saudi Arabian Grand Prix__GAS__2,2022_Saudi Arabian Grand Prix,GAS,HARD,15,-0.13987835964992248,97.60158488593706
2022_Saudi Arabian Grand Prix__GAS__3,2022_Saudi Arabian Grand Prix,GAS,HARD,7,0.06556449749293489,92.05143012403228
2022_Saudi Arabian Grand Prix__HAM__1,2022_Saudi Arabian Grand Prix,HAM,HARD,14,-0.21210525063608185,98.81274558125398
2022_Saudi Arabian Grand Prix__HAM__2,2022_Saudi Arabian Grand Prix,HAM,HARD,15,-0.12453907393563673,98.34626006890723
2022_Saudi Arabian Grand Prix__HAM__3,2022_Saudi Arabian Grand Prix,HAM,MEDIUM,5,-0.19504430649377572,94.70017877398024
2022_Saudi Arabian Grand Prix__HUL__1,2022_Saudi Arabian Grand Prix,HUL,HARD,14,-0.16465470118553266,99.04467964718803
2022_Saudi Arabian Grand Prix__HUL__2,2022_Saudi Arabian Grand Prix,HUL,HARD,16,-0.1383934857003428,100.41844438263273
2022_Saudi Arabian Grand Prix__HUL__3,2022_Saudi Arabian Grand Prix,HUL,MEDIUM,6,-0.06369978822134986,95.06766552376486
2022_Saudi Arabian Grand Prix__LAT__1,2022_Saudi Arabian Grand Prix,LAT,MEDIUM,13,-0.07341200816734189,98.83781054613512
2022_Saudi Arabian Grand Prix__LEC__1,2022_Saudi Arabian Grand Prix,LEC,MEDIUM,14,0.02577167244084145,94.59125791303546
2022_Saudi Arabian Grand Prix__LEC__2,2022_Saudi Arabian Grand Prix,LEC,HARD,15,-0.07478550250706587,94.14976605009666
2022_Saudi Arabian Grand Prix__LEC__3,2022_Saudi Arabian Grand Prix,LEC,HARD,6,-0.11704264536420876,96.55018509771571
2022_Saudi Arabian Grand Prix__MAG__1,2022_Saudi Arabian Grand Prix,MAG,HARD,11,-0.02993193906273075,97.07525726785808
2022_Saudi Arabian Grand Prix__MAG__2,2022_Saudi Arabian Grand Prix,MAG,HARD,14,-0.10596436979362528,98.32197128288232
2022_Saudi Arabian Grand Prix__NOR__1,2022_Saudi Arabian Grand Prix,NOR,MEDIUM,13,-0.035084384695088545,97.58724364355666
2022_Saudi Arabian Grand Prix__NOR__2,2022_Saudi Arabian Grand Prix,NOR,HARD,15,-0.1858176453642086,97.84538390723952
2022_Saudi Arabian Grand Prix__NOR__3,2022_Saudi Arabian Grand Prix,NOR,HARD,7,-0.07047121679277979,95.41656605009666
2022_Saudi Arabian Grand Prix__OCO__1,2022_Saudi Arabian Grand Prix,OCO,MEDIUM,14,0.018907936177104886,96.80152824270581
2022_Saudi Arabian Grand Prix__OCO__2,2022_Saudi Arabian Grand Prix,OCO,HARD,15,-0.14040335964992331,97.05399819295383
2022_Saudi Arabian Grand Prix__OCO__3,2022_Saudi Arabian Grand Prix,OCO,HARD,7,-0.07057835964992114,95.69499462152517
2022_Saudi Arabian Grand Prix__PER__1,2022_Saudi Arabian Grand Prix,PER,MEDIUM,13,0.05133524457991126,94.27775560108016
2022_Saudi Arabian Grand Prix__PER__2,2022_Saudi Arabian Grand Prix,PER,HARD,15,-0.06992835964992306,94.59108488593708
2022_Saudi Arabian Grand Prix__PER__3,2022_Saudi Arabian Grand Prix,PER,HARD,6,-0.012899788221349698,92.8398467906989
2022_Saudi Arabian Grand Prix__RIC__1,2022_Saudi Arabian Grand Prix,RIC,MEDIUM,5,-0.2497239351023885,98.68285351844433
2022_Saudi Arabian Grand Prix__RIC__2,2022_Saudi Arabian Grand Prix,RIC,HARD,5,-0.06981407393563756,96.1426500701532
2022_Saudi Arabian Grand Prix__RIC__3,2022_Saudi Arabian Grand Prix,RIC,HARD,14,-0.15660308492464792,98.71275336685649
2022_Saudi Arabian Grand Prix__RUS__1,2022_Saudi Arabian Grand Prix,RUS,MEDIUM,14,-0.07945689898772999,96.53991505589262
2022_Saudi Arabian Grand Prix__RUS__2,2022_Saudi Arabian Grand Prix,RUS,HARD,15,-0.07211764536420871,95.11088390723948
2022_Saudi Arabian Grand Prix__RUS__3,2022_Saudi Arabian Grand Prix,RUS,HARD,7,-0.05386407393563631,94.9479946215252
2022_Saudi Arabian Grand Prix__SAI__1,2022_Saudi Arabian Grand Prix,SAI,MEDIUM,14,-0.008136019866850574,95.186330440508
2022_Saudi Arabian Grand Prix__SAI__2,2022_Saudi Arabian Grand Prix,SAI,HARD,15,-0.06245693107849428,94.30502795485855
2022_Saudi Arabian Grand Prix__STR__1,2022_Saudi Arabian Grand Prix,STR,MEDIUM,11,0.05860241068428478,97.40957552573832
2022_Saudi Arabian Grand Prix__STR__2,2022_Saudi Arabian Grand Prix,STR,HARD,15,-0.1303140739356375,98.34176044107731
2022_Saudi Arabian Grand Prix__STR__3,2022_Saudi Arabian Grand Prix,STR,HARD,7,-0.04222121679278043,96.50659377441065
2022_Saudi Arabian Grand Prix__VER__1,2022_Saudi Arabian Grand Prix,VER,MEDIUM,14,0.030039804308973114,94.6748359350135
2022_Saudi Arabian Grand Prix__VER__2,2022_Saudi Arabian Grand Prix,VER,HARD,15,-0.08116050250706545,94.27224105009665
2022_Saudi Arabian Grand Prix__VER__3,2022_Saudi Arabian Grand Prix,VER,HARD,5,-0.12201947934104235,96.12781315434374
2022_Saudi Arabian Grand Prix__ZHO__1,2022_Saudi Arabian Grand Prix,ZHO,MEDIUM,13,-0.1075711040059277,98.01174256674402
2022_Saudi Arabian Grand Prix__ZHO__2,2022_Saudi Arabian Grand Prix,ZHO,HARD,6,-0.43558550250706635,100.12075652628712
2022_Saudi Arabian Grand Prix__ZHO__3,2022_Saudi Arabian Grand Prix,ZHO,HARD,8,-0.025173597745161192,95.29424462152524
2022_Saudi Arabian Grand Prix__ZHO__4,2022_Saudi Arabian Grand Prix,ZHO,HARD,7,0.007243068921506996,94.26613747866803
2022_Spanish Grand Prix__ALB__1,2022_Spanish Grand Prix,ALB,SOFT,5,-0.12442154160797969,91.38439999999999
2022_Spanish Grand Prix__ALB__3,2022_Spanish Grand Prix,ALB,MEDIUM,12,0.22470760438604145,89.48096192760035
2022_Spanish Grand Prix__ALB__4,2022_Spanish Grand Prix,ALB,SOFT,17,0.09638122586111077,89.69795303885711
2022_Spanish Grand Prix__ALB__5,2022_Spanish Grand Prix,ALB,MEDIUM,6,0.09162878320722122,89.23102933453461
2022_Spanish Grand Prix__ALB__6,2022_Spanish Grand Prix,ALB,SOFT,7,0.19290396730147596,87.73498767442594
2022_Spanish Grand Prix__ALO__1,2022_Spanish Grand Prix,ALO,SOFT,5,-0.2659215416079803,91.133
2022_Spanish Grand Prix__ALO__3,2022_Spanish Grand Prix,ALO,MEDIUM,17,0.03379968575428536,89.4287046742199
2022_Spanish Grand Prix__ALO__4,2022_Spanish Grand Prix,ALO,SOFT,20,-0.0012276077702231452,88.36108200873126
2022_Spanish Grand Prix__ALO__5,2022_Spanish Grand Prix,ALO,SOFT,11,0.18530410788254398,86.01801761819351
2022_Spanish Grand Prix__BOT__1,2022_Spanish Grand Prix,BOT,SOFT,5,-0.08362154160798103,89.44586462482394
2022_Spanish Grand Prix__BOT__4,2022_Spanish Grand Prix,BOT,MEDIUM,18,0.05250254113144217,88.20653005722392
2022_Spanish Grand Prix__BOT__5,2022_Spanish Grand Prix,BOT,MEDIUM,31,0.08373955509662102,87.31026600266532
2022_Spanish Grand Prix__GAS__1,2022_Spanish Grand Prix,GAS,SOFT,5,-0.19302154160798185,90.7512
2022_Spanish Grand Prix__GAS__3,2022_Spanish Grand Prix,GAS,MEDIUM,15,0.07412448441676543,89.46967947376932
2022_Spanish Grand Prix__GAS__4,2022_Spanish Grand Prix,GAS,SOFT,14,0.1200432576363583,87.4258210457846
2022_Spanish Grand Prix__GAS__5,2022_Spanish Grand Prix,GAS,SOFT,16,0.13647855709705622,86.36873288458544
2022_Spanish Grand Prix__HAM__3,2022_Spanish Grand Prix,HAM,SOFT,13,0.17464416782260436,86.70082948282665
2022_Spanish Grand Prix__HAM__4,2022_Spanish Grand Prix,HAM,MEDIUM,24,0.02251331736871083,87.13994158577889
2022_Spanish Grand Prix__HAM__5,2022_Spanish Grand Prix,HAM,SOFT,16,0.35262416135848035,82.63535139335812
2022_Spanish Grand Prix__LAT__1,2022_Spanish Grand Prix,LAT,SOFT,5,-0.014621541607982654,90.9714
2022_Spanish Grand Prix__LAT__3,2022_Spanish Grand Prix,LAT,MEDIUM,12,0.16106424774268355,89.52533969515656
2022_Spanish Grand Prix__LAT__4,2022_Spanish Grand Prix,LAT,SOFT,20,0.04242698765675152,89.48513757556611
2022_Spanish Grand Prix__LAT__5,2022_Spanish Grand Prix,LAT,SOFT,10,0.17671379491682257,86.9320585637125
2022_Spanish Grand Prix__LEC__1,2022_Spanish Grand Prix,LEC,SOFT,5,0.0118784583920231,87.44559999999998
2022_Spanish Grand Prix__LEC__3,2022_Spanish Grand Prix,LEC,SOFT,11,-0.0044958921174555995,88.64846266163828
2022_Spanish Grand Prix__MAG__3,2022_Spanish Grand Prix,MAG,MEDIUM,15,0.09733878073564327,88.61042615402327
2022_Spanish Grand Prix__MAG__4,2022_Spanish Grand Prix,MAG,HARD,33,0.1316593503670769,87.59183019039043
2022_Spanish Grand Prix__MSC__1,2022_Spanish Grand Prix,MSC,SOFT,5,0.4365784583920173,87.29044308321596
2022_Spanish Grand Prix__MSC__4,2022_Spanish Grand Prix,MSC,SOFT,16,0.08668886724083309,88.94114923151166
2022_Spanish Grand Prix__MSC__5,2022_Spanish Grand Prix,MSC,MEDIUM,33,0.09497703922195463,87.96124747706749
2022_Spanish Grand Prix__NOR__1,2022_Spanish Grand Prix,NOR,SOFT,5,-0.11712154160797755,90.30779999999999
2022_Spanish Grand Prix__NOR__4,2022_Spanish Grand Prix,NOR,MEDIUM,18,0.005378702122154411,89.44151018307936
2022_Spanish Grand Prix__NOR__5,2022_Spanish Grand Prix,NOR,SOFT,16,0.06372563194671554,87.54760662003976
2022_Spanish Grand Prix__NOR__6,2022_Spanish Grand Prix,NOR,SOFT,14,0.2619331788116158,84.57397942041999
2022_Spanish Grand Prix__OCO__4,2022_Spanish Grand Prix,OCO,MEDIUM,17,0.07182711589179251,88.6862494552434
2022_Spanish Grand Prix__OCO__5,2022_Spanish Grand Prix,OCO,SOFT,14,0.09399543729289653,86.96005734193302
2022_Spanish Grand Prix__OCO__6,2022_Spanish Grand Prix,OCO,SOFT,11,0.19263515207055476,85.33742721835863
2022_Spanish Grand Prix__PER__1,2022_Spanish Grand Prix,PER,SOFT,5,0.22517845839202125,86.57286462482392
2022_Spanish Grand Prix__PER__3,2022_Spanish Grand Prix,PER,SOFT,6,-0.05422835964992335,90.23650488344519
2022_Spanish Grand Prix__PER__4,2022_Spanish Grand Prix,PER,MEDIUM,18,0.06799170521812976,87.45910716806233
2022_Spanish Grand Prix__PER__5,2022_Spanish Grand Prix,PER,MEDIUM,12,0.07362379014203281,86.78267234673167
2022_Spanish Grand Prix__PER__6,2022_Spanish Grand Prix,PER,SOFT,12,0.1047250869035234,85.16194777604524
2022_Spanish Grand Prix__RIC__4,2022_Spanish Grand Prix,RIC,SOFT,17,0.07920805801906476,89.0264774458302
2022_Spanish Grand Prix__RIC__5,2022_Spanish Grand Prix,RIC,MEDIUM,14,0.09242768430612086,88.20531538062254
2022_Spanish Grand Prix__RIC__6,2022_Spanish Grand Prix,RIC,SOFT,14,0.1220472266362754,86.98096860587543
2022_Spanish Grand Prix__RUS__1,2022_Spanish Grand Prix,RUS,SOFT,5,0.2076784583920187,86.68976462482395
2022_Spanish Grand Prix__RUS__4,2022_Spanish Grand Prix,RUS,MEDIUM,19,0.07695893714190583,87.73030699151226
2022_Spanish Grand Prix__RUS__5,2022_Spanish Grand Prix,RUS,MEDIUM,13,0.06161120078963788,87.31197687907623
2022_Spanish Grand Prix__RUS__6,2022_Spanish Grand Prix,RUS,SOFT,13,0.286188123866561,84.22177413769313
2022_Spanish Grand Prix__SAI__1,2022_Spanish Grand Prix,SAI,SOFT,5,0.04297845839202095,87.96966462482395
2022_Spanish Grand Prix__SAI__3,2022_Spanish Grand Prix,SAI,MEDIUM,19,0.04936136466085435,88.16861841350998
2022_Spanish Grand Prix__SAI__4,2022_Spanish Grand Prix,SAI,MEDIUM,12,0.1586621498405871,86.34727135797849
2022_Spanish Grand Prix__SAI__5,2022_Spanish Grand Prix,SAI,SOFT,18,0.12475206779664645,85.55379754059348
2022_Spanish Grand Prix__STR__1,2022_Spanish Grand Prix,STR,SOFT,5,0.13467845839201828,89.82976462482394
2022_Spanish Grand Prix__STR__3,2022_Spanish Grand Prix,STR,SOFT,11,0.18812228970072592,87.69829875743717
2022_Spanish Grand Prix__STR__4,2022_Spanish Grand Prix,STR,MEDIUM,15,0.06103309587568379,88.76642692799095
2022_Spanish Grand Prix__STR__5,2022_Spanish Grand Prix,STR,SOFT,15,0.0740911410325153,87.49494595327413
2022_Spanish Grand Prix__TSU__1,2022_Spanish Grand Prix,TSU,SOFT,5,-0.11702154160797994,90.39439999999998
2022_Spanish Grand Prix__TSU__4,2022_Spanish Grand Prix,TSU,MEDIUM,16,0.05547825644784393,89.01126625542591
2022_Spanish Grand Prix__TSU__5,2022_Spanish Grand Prix,TSU,SOFT,17,0.015613867240833636,88.40249275279893
2022_Spanish Grand Prix__TSU__6,2022_Spanish Grand Prix,TSU,SOFT,12,0.08902228970072627,86.81569122061026
2022_Spanish Grand Prix__VER__1,2022_Spanish Grand Prix,VER,SOFT,5,0.06927845839201865,87.12176462482395
2022_Spanish Grand Prix__VER__4,2022_Spanish Grand Prix,VER,MEDIUM,13,0.10478702496546226,87.5664632169585
2022_Spanish Grand Prix__VER__5,2022_Spanish Grand Prix,VER,SOFT,14,0.08438812386656072,86.02794268137922
2022_Spanish Grand Prix__VER__6,2022_Spanish Grand Prix,VER,MEDIUM,21,0.08554566632410315,86.0683598586867
2022_Spanish Grand Prix__VET__1,2022_Spanish Grand Prix,VET,SOFT,5,-0.12082154160798102,91.06586462482394
2022_Spanish Grand Prix__VET__3,2022_Spanish Grand Prix,VET,SOFT,9,0.03548175939769502,90.02282571677854
2022_Spanish Grand Prix__VET__4,2022_Spanish Grand Prix,VET,SOFT,18,0.02073227251300907,88.97790871761337
2022_Spanish Grand Prix__VET__5,2022_Spanish Grand Prix,VET,MEDIUM,18,0.020685487347609322,88.35353597302463
2022_Spanish Grand Prix__ZHO__2,2022_Spanish Grand Prix,ZHO,MEDIUM,15,0.05221092606436243,89.45203858894861
2022_United States Grand Prix__ALB__1,2022_United States Grand Prix,ALB,MEDIUM,7,0.024063163980015026,105.09816923683816
2022_United States Grand Prix__ALB__2,2022_United States Grand Prix,ALB,MEDIUM,6,0.3579573546357917,102.4455685726745
2022_United States Grand Prix__ALB__3,2022_United States Grand Prix,ALB,HARD,31,-0.005012349080772316,104.12396953399558
2022_United States Grand Prix__ALO__1,2022_United States Grand Prix,ALO,HARD,16,-0.015351211042645122,104.79262313522136
2022_United States Grand Prix__ALO__2,2022_United States Grand Prix,ALO,HARD,28,-0.050245340762620244,104.11077490588399
2022_United States Grand Prix__BOT__1,2022_United States Grand Prix,BOT,MEDIUM,8,0.01860900501041027,104.27787472932067
2022_United States Grand Prix__BOT__2,2022_United States Grand Prix,BOT,HARD,5,0.05008965990053726,103.76943685762659
2022_United States Grand Prix__GAS__1,2022_United States Grand Prix,GAS,MEDIUM,8,0.09819769714933588,103.58438423292368
2022_United States Grand Prix__GAS__3,2022_United States Grand Prix,GAS,HARD,6,-0.17995159702682192,107.1127638814369
2022_United States Grand Prix__GAS__4,2022_United States Grand Prix,GAS,HARD,23,0.0205089561686428,102.7507098069627
2022_United States Grand Prix__HAM__1,2022_United States Grand Prix,HAM,MEDIUM,10,0.07786471394315085,102.31318787878787
2022_United States Grand Prix__HAM__3,2022_United States Grand Prix,HAM,HARD,8,-0.06494429573882719,102.89915532703296
2022_United States Grand Prix__HAM__4,2022_United States Grand Prix,HAM,HARD,21,0.05914868958317974,100.46420108514896
2022_United States Grand Prix__LAT__2,2022_United States Grand Prix,LAT,MEDIUM,10,0.09274956242799973,104.11876599395818
2022_United States Grand Prix__LAT__3,2022_United States Grand Prix,LAT,HARD,29,-0.025083412536725348,105.18058724794852
2022_United States Grand Prix__LEC__1,2022_United States Grand Prix,LEC,MEDIUM,16,-0.04432593649586727,103.87706352608414
2022_United States Grand Prix__LEC__2,2022_United States Grand Prix,LEC,HARD,9,-0.04330909548740679,102.70438144406344
2022_United States Grand Prix__LEC__3,2022_United States Grand Prix,LEC,MEDIUM,19,0.07003278638914158,100.14727703724171
2022_United States Grand Prix__MAG__1,2022_United States Grand Prix,MAG,HARD,15,-0.07590693107849443,105.85983571428571
2022_United States Grand Prix__MAG__2,2022_United States Grand Prix,MAG,MEDIUM,30,-0.006861441496818619,103.87001119467307
2022_United States Grand Prix__MSC__1,2022_United States Grand Prix,MSC,HARD,16,-0.02310273654023597,105.21092912462001
2022_United States Grand Prix__MSC__2,2022_United States Grand Prix,MSC,MEDIUM,7,-0.083042645364208,104.51848075936823
2022_United States Grand Prix__MSC__3,2022_United States Grand Prix,MSC,HARD,19,0.03965607674000716,102.97437458229537
2022_United States Grand Prix__NOR__1,2022_United States Grand Prix,NOR,MEDIUM,12,-0.006268050643195519,104.67330593432264
2022_United States Grand Prix__NOR__3,2022_United States Grand Prix,NOR,HARD,7,-0.08265444066636439,104.72814815207389
2022_United States Grand Prix__NOR__4,2022_United States Grand Prix,NOR,HARD,21,-0.013317533617123489,102.569689857354
2022_United States Grand Prix__OCO__1,2022_United States Grand Prix,OCO,HARD,15,-0.018509764052250126,104.84295179306926
2022_United States Grand Prix__OCO__2,2022_United States Grand Prix,OCO,HARD,19,-0.046655065598533225,104.77627117602124
2022_United States Grand Prix__OCO__3,2022_United States Grand Prix,OCO,MEDIUM,9,0.059162580396933596,101.60052585963551
2022_United States Grand Prix__PER__1,2022_United States Grand Prix,PER,MEDIUM,11,0.09853531465287851,102.36092296513904
2022_United States Grand Prix__PER__3,2022_United States Grand Prix,PER,HARD,11,-0.0032153501364710754,102.28381528925351
2022_United States Grand Prix__PER__4,2022_United States Grand Prix,PER,MEDIUM,17,0.06492759273102962,100.09054264142618
2022_United States Grand Prix__RIC__1,2022_United States Grand Prix,RIC,MEDIUM,8,0.045647830826268214,104.87528152003823
2022_United States Grand Prix__RIC__2,2022_United States Grand Prix,RIC,HARD,5,-0.11971407393563568,104.99645926064363
2022_United States Grand Prix__RIC__3,2022_United States Grand Prix,RIC,HARD,9,0.010706948873229327,104.52563613444737
2022_United States Grand Prix__RIC__4,2022_United States Grand Prix,RIC,HARD,18,0.007159687446231967,103.29812493112698
2022_United States Grand Prix__RUS__1,2022_United States Grand Prix,RUS,MEDIUM,11,0.05081625374850375,102.87506843211234
2022_United States Grand Prix__RUS__3,2022_United States Grand Prix,RUS,HARD,10,-0.09986369024962931,104.08186665515072
2022_United States Grand Prix__RUS__4,2022_United States Grand Prix,RUS,HARD,15,0.07292435282747321,100.7593449658035
2022_United States Grand Prix__STR__1,2022_United States Grand Prix,STR,MEDIUM,11,0.09481316237944977,103.01761273882218
2022_United States Grand Prix__TSU__1,2022_United States Grand Prix,TSU,MEDIUM,7,-0.0017731448708469832,104.83536283740841
2022_United States Grand Prix__TSU__2,2022_United States Grand Prix,TSU,MEDIUM,5,0.12257472455584806,103.191089131333
2022_United States Grand Prix__TSU__3,2022_United States Grand Prix,TSU,MEDIUM,6,-0.07074497254882485,104.79584325848857
2022_United States Grand Prix__TSU__4,2022_United States Grand Prix,TSU,HARD,21,0.02860529316219537,102.76438203590257
2022_United States Grand Prix__VER__1,2022_United States Grand Prix,VER,MEDIUM,11,0.08353138060981748,101.98170909090909
2022_United States Grand Prix__VER__3,2022_United States Grand Prix,VER,HARD,9,0.01055259273102986,101.47573926105892
2022_United States Grand Prix__VER__4,2022_United States Grand Prix,VER,MEDIUM,20,0.04506686056655517,100.09966919780514
2022_United States Grand Prix__VET__1,2022_United States Grand Prix,VET,MEDIUM,16,0.026207337939989188,103.72898224829873
2022_United States Grand Prix__VET__2,2022_United States Grand Prix,VET,MEDIUM,11,-0.04722316484472772,103.30039710673053
2022_United States Grand Prix__VET__3,2022_United States Grand Prix,VET,HARD,14,0.04259471727315406,102.3695089525074
2022_United States Grand Prix__ZHO__1,2022_United States Grand Prix,ZHO,MEDIUM,7,-0.030975217331535368,104.91234514124088
2022_United States Grand Prix__ZHO__2,2022_United States Grand Prix,ZHO,HARD,5,-0.009869887889124788,104.1014500787653
2022_United States Grand Prix__ZHO__3,2022_United States Grand Prix,ZHO,HARD,31,-0.02302632126774081,104.35720814606354
2023_Abu Dhabi Grand Prix__ALB__1,2023_Abu Dhabi Grand Prix,ALB,MEDIUM,14,-0.03021074514157619,92.0620334933419
2023_Abu Dhabi Grand Prix__ALB__2,2023_Abu Dhabi Grand Prix,ALB,HARD,25,-0.0013871508587139328,90.59064055559115
2023_Abu Dhabi Grand Prix__ALB__3,2023_Abu Dhabi Grand Prix,ALB,HARD,13,0.0020837282621648107,89.06812341647183
2023_Abu Dhabi Grand Prix__ALO__1,2023_Abu Dhabi Grand Prix,ALO,MEDIUM,10,0.010529343971906888,90.89003417907541
2023_Abu Dhabi Grand Prix__ALO__2,2023_Abu Dhabi Grand Prix,ALO,HARD,21,-0.006938872214281337,90.391537272768
2023_Abu Dhabi Grand Prix__ALO__3,2023_Abu Dhabi Grand Prix,ALO,HARD,20,0.019895951703702598,88.79746323673366
2023_Abu Dhabi Grand Prix__BOT__1,2023_Abu Dhabi Grand Prix,BOT,HARD,27,0.05170675304928216,91.19252201013715
2023_Abu Dhabi Grand Prix__BOT__2,2023_Abu Dhabi Grand Prix,BOT,MEDIUM,27,0.026574570753007454,90.42595447680476
2023_Abu Dhabi Grand Prix__GAS__1,2023_Abu Dhabi Grand Prix,GAS,MEDIUM,14,0.07911101268408201,90.54102349621945
2023_Abu Dhabi Grand Prix__GAS__2,2023_Abu Dhabi Grand Prix,GAS,HARD,13,0.015330981009417495,90.45057834978739
2023_Abu Dhabi Grand Prix__GAS__3,2023_Abu Dhabi Grand Prix,GAS,HARD,23,0.003128425869552593,89.82524925509944
2023_Abu Dhabi Grand Prix__HAM__1,2023_Abu Dhabi Grand Prix,HAM,MEDIUM,11,0.040738505631953546,90.798204275897
2023_Abu Dhabi Grand Prix__HAM__2,2023_Abu Dhabi Grand Prix,HAM,HARD,16,-0.0020307406023038106,90.01241821927039
2023_Abu Dhabi Grand Prix__HAM__3,2023_Abu Dhabi Grand Prix,HAM,HARD,20,-0.006686706974545122,89.33512435522537
2023_Abu Dhabi Grand Prix__HUL__1,2023_Abu Dhabi Grand Prix,HUL,MEDIUM,10,-0.028754460910355308,91.70719294950759
2023_Abu Dhabi Grand Prix__HUL__2,2023_Abu Dhabi Grand Prix,HUL,HARD,18,0.05687612214279443,90.4076659749848
2023_Abu Dhabi Grand Prix__HUL__3,2023_Abu Dhabi Grand Prix,HUL,HARD,24,-0.00037103045737640363,90.12495880147242
2023_Abu Dhabi Grand Prix__LEC__1,2023_Abu Dhabi Grand Prix,LEC,MEDIUM,13,0.0006694305301453764,90.55239218559207
2023_Abu Dhabi Grand Prix__LEC__2,2023_Abu Dhabi Grand Prix,LEC,HARD,14,-0.018687380893980112,89.95368840356883
2023_Abu Dhabi Grand Prix__LEC__3,2023_Abu Dhabi Grand Prix,LEC,HARD,20,0.02241449749293421,88.54111293103384
2023_Abu Dhabi Grand Prix__MAG__2,2023_Abu Dhabi Grand Prix,MAG,HARD,15,0.14821449749293455,89.93756848243628
2023_Abu Dhabi Grand Prix__MAG__3,2023_Abu Dhabi Grand Prix,MAG,HARD,29,-0.0001295747628904251,90.66609251537645
2023_Abu Dhabi Grand Prix__NOR__1,2023_Abu Dhabi Grand Prix,NOR,MEDIUM,11,0.04087056742262422,90.41895116529217
2023_Abu Dhabi Grand Prix__NOR__2,2023_Abu Dhabi Grand Prix,NOR,HARD,17,-0.01398172099446053,90.01557150889231
2023_Abu Dhabi Grand Prix__NOR__3,2023_Abu Dhabi Grand Prix,NOR,HARD,23,-0.02532584844692691,89.44034771410959
2023_Abu Dhabi Grand Prix__OCO__1,2023_Abu Dhabi Grand Prix,OCO,MEDIUM,13,0.045725354470020685,90.82678856811316
2023_Abu Dhabi Grand Prix__OCO__2,2023_Abu Dhabi Grand Prix,OCO,HARD,39,0.01068253051388394,90.37425168240304
2023_Abu Dhabi Grand Prix__PER__1,2023_Abu Dhabi Grand Prix,PER,MEDIUM,15,0.037788564033891345,90.69920807580328
2023_Abu Dhabi Grand Prix__PER__2,2023_Abu Dhabi Grand Prix,PER,HARD,23,-0.013272176702435511,89.64203526243995
2023_Abu Dhabi Grand Prix__PER__3,2023_Abu Dhabi Grand Prix,PER,HARD,14,0.03260712171653648,87.97333188242847
2023_Abu Dhabi Grand Prix__PIA__1,2023_Abu Dhabi Grand Prix,PIA,MEDIUM,9,0.050943985111593516,90.49767795913088
2023_Abu Dhabi Grand Prix__PIA__2,2023_Abu Dhabi Grand Prix,PIA,HARD,20,-0.014583964146668581,90.37892289947573
2023_Abu Dhabi Grand Prix__PIA__3,2023_Abu Dhabi Grand Prix,PIA,HARD,21,0.015927484505921064,88.81511920341856
2023_Abu Dhabi Grand Prix__RIC__1,2023_Abu Dhabi Grand Prix,RIC,MEDIUM,5,-0.3723215416079839,93.0066
2023_Abu Dhabi Grand Prix__RIC__2,2023_Abu Dhabi Grand Prix,RIC,HARD,21,0.04849183572133096,90.0118492454134
2023_Abu Dhabi Grand Prix__RIC__3,2023_Abu Dhabi Grand Prix,RIC,HARD,25,-0.03650572426431896,90.01739846051116
2023_Abu Dhabi Grand Prix__RUS__1,2023_Abu Dhabi Grand Prix,RUS,MEDIUM,12,-0.005552572963535193,90.88867118254433
2023_Abu Dhabi Grand Prix__RUS__2,2023_Abu Dhabi Grand Prix,RUS,HARD,18,-0.012081566195699486,89.93477429527
2023_Abu Dhabi Grand Prix__RUS__3,2023_Abu Dhabi Grand Prix,RUS,HARD,22,0.0009903637802164999,88.93923696043011
2023_Abu Dhabi Grand Prix__SAI__1,2023_Abu Dhabi Grand Prix,SAI,HARD,17,0.01445290898856612,91.15852638271612
2023_Abu Dhabi Grand Prix__SAI__2,2023_Abu Dhabi Grand Prix,SAI,HARD,29,0.007093947886953234,89.96239584129641
2023_Abu Dhabi Grand Prix__SAR__1,2023_Abu Dhabi Grand Prix,SAR,MEDIUM,12,-0.02234547227967599,91.99226194845308
2023_Abu Dhabi Grand Prix__SAR__2,2023_Abu Dhabi Grand Prix,SAR,HARD,23,0.0625806412382833,90.07855574517639
2023_Abu Dhabi Grand Prix__SAR__3,2023_Abu Dhabi Grand Prix,SAR,HARD,14,0.05162601565002932,88.77797331224805
2023_Abu Dhabi Grand Prix__STR__1,2023_Abu Dhabi Grand Prix,STR,HARD,20,-0.0017867877919321038,91.17238752569568
2023_Abu Dhabi Grand Prix__STR__2,2023_Abu Dhabi Grand Prix,STR,HARD,18,0.04066456383526103,89.72819610795791
2023_Abu Dhabi Grand Prix__STR__3,2023_Abu Dhabi Grand Prix,STR,MEDIUM,14,0.12785535611617638,88.09866533872496
2023_Abu Dhabi Grand Prix__TSU__1,2023_Abu Dhabi Grand Prix,TSU,MEDIUM,18,0.024462141693502904,90.74253270070103
2023_Abu Dhabi Grand Prix__TSU__2,2023_Abu Dhabi Grand Prix,TSU,HARD,32,-0.002836859421229532,90.06676546835202
2023_Abu Dhabi Grand Prix__VER__1,2023_Abu Dhabi Grand Prix,VER,MEDIUM,13,0.00576381600848302,90.4720193373439
2023_Abu Dhabi Grand Prix__VER__2,2023_Abu Dhabi Grand Prix,VER,HARD,25,-0.019085612397175617,89.64065901712961
2023_Abu Dhabi Grand Prix__VER__3,2023_Abu Dhabi Grand Prix,VER,HARD,14,0.043768343646780575,87.82330693295535
2023_Abu Dhabi Grand Prix__ZHO__1,2023_Abu Dhabi Grand Prix,ZHO,MEDIUM,11,0.014811501593376238,91.54107793642262
2023_Abu Dhabi Grand Prix__ZHO__2,2023_Abu Dhabi Grand Prix,ZHO,HARD,21,0.0031732848594139135,90.89115646217485
2023_Abu Dhabi Grand Prix__ZHO__3,2023_Abu Dhabi Grand Prix,ZHO,MEDIUM,20,0.09494607644030291,88.8805501966964
2023_Australian Grand Prix__ALO__2,2023_Australian Grand Prix,ALO,HARD,8,-0.6801140739356373,87.63580007015318
2023_Australian Grand Prix__ALO__3,2023_Australian Grand Prix,ALO,HARD,33,-0.0667982316896478,83.84847921453819
2023_Australian Grand Prix__BOT__2,2023_Australian Grand Prix,BOT,HARD,8,-0.9314235977451611,97.13271763532168
2023_Australian Grand Prix__BOT__3,2023_Australian Grand Prix,BOT,HARD,32,-0.05457338478607696,85.30952912289327
2023_Australian Grand Prix__DEV__2,2023_Australian Grand Prix,DEV,MEDIUM,8,-0.9223759786975422,90.59324054634365
2023_Australian Grand Prix__DEV__3,2023_Australian Grand Prix,DEV,MEDIUM,23,-0.00304424069033423,84.41430533311251
2023_Australian Grand Prix__DEV__4,2023_Australian Grand Prix,DEV,SOFT,5,-0.1442140739356333,82.3705293345346
2023_Australian Grand Prix__GAS__2,2023_Australian Grand Prix,GAS,HARD,8,-0.6093640739356374,87.60380007015318
2023_Australian Grand Prix__GAS__3,2023_Australian Grand Prix,GAS,HARD,29,-0.045100339343032675,83.23019884556538
2023_Australian Grand Prix__HAM__2,2023_Australian Grand Prix,HAM,HARD,8,-3.559423597745163,108.00300245110559
2023_Australian Grand Prix__HAM__3,2023_Australian Grand Prix,HAM,HARD,32,-0.06601876601774859,83.83139629449335
2023_Australian Grand Prix__HUL__2,2023_Australian Grand Prix,HUL,HARD,8,-0.6606855025070636,88.09269292729601
2023_Australian Grand Prix__HUL__3,2023_Australian Grand Prix,HUL,HARD,31,-0.025015183658926844,83.00340289970738
2023_Australian Grand Prix__MAG__2,2023_Australian Grand Prix,MAG,HARD,8,-0.7020426453642085,89.79219985837453
2023_Australian Grand Prix__MAG__3,2023_Australian Grand Prix,MAG,HARD,31,-0.04191362784707223,84.12276402440651
2023_Australian Grand Prix__NOR__2,2023_Australian Grand Prix,NOR,HARD,8,-0.8235188358403979,89.15077626062936
2023_Australian Grand Prix__NOR__3,2023_Australian Grand Prix,NOR,HARD,32,-0.032115676517512896,83.14701616639681
2023_Australian Grand Prix__OCO__2,2023_Australian Grand Prix,OCO,HARD,8,-0.8581735977451601,95.71846763532167
2023_Australian Grand Prix__OCO__3,2023_Australian Grand Prix,OCO,HARD,33,-0.06068793757200059,84.45369139073293
2023_Australian Grand Prix__PER__2,2023_Australian Grand Prix,PER,HARD,8,-1.0063759786975421,91.6108665250412
2023_Australian Grand Prix__PER__3,2023_Australian Grand Prix,PER,HARD,32,-0.04892706434540157,83.30654383022657
2023_Australian Grand Prix__PIA__2,2023_Australian Grand Prix,PIA,HARD,8,-0.7520902644118265,89.11416911777222
2023_Australian Grand Prix__PIA__3,2023_Australian Grand Prix,PIA,HARD,32,-0.05882808457991906,84.33623424651942
2023_Australian Grand Prix__RUS__2,2023_Australian Grand Prix,RUS,HARD,6,-0.29309978822135135,85.28498795361264
2023_Australian Grand Prix__SAI__2,2023_Australian Grand Prix,SAI,HARD,8,-0.7431497882213522,88.95727128694597
2023_Australian Grand Prix__SAI__3,2023_Australian Grand Prix,SAI,HARD,31,-0.04571254784521695,83.27305726796851
2023_Australian Grand Prix__SAR__2,2023_Australian Grand Prix,SAR,MEDIUM,8,-0.7708997882213502,89.6306214987246
2023_Australian Grand Prix__SAR__3,2023_Australian Grand Prix,SAR,MEDIUM,15,0.025285926064362474,83.65295007015318
2023_Australian Grand Prix__SAR__4,2023_Australian Grand Prix,SAR,HARD,13,0.013937494008613851,82.69201897743511
2023_Australian Grand Prix__STR__2,2023_Australian Grand Prix,STR,HARD,8,-0.6810902644118272,88.19216911777224
2023_Australian Grand Prix__STR__3,2023_Australian Grand Prix,STR,HARD,32,-0.03821163690497803,83.12601849556543
2023_Australian Grand Prix__TSU__2,2023_Australian Grand Prix,TSU,HARD,8,-0.6370783596499232,88.47022864158176
2023_Australian Grand Prix__TSU__3,2023_Australian Grand Prix,TSU,HARD,32,-0.05102880160539285,84.64411290514602
2023_Australian Grand Prix__VER__2,2023_Australian Grand Prix,VER,HARD,8,-0.45343550250706466,85.91744292729604
2023_Australian Grand Prix__VER__3,2023_Australian Grand Prix,VER,HARD,32,-0.04764446052542899,83.02451544927712
2023_Australian Grand Prix__ZHO__2,2023_Australian Grand Prix,ZHO,HARD,8,-0.61869740726897,92.93826525436931
2023_Australian Grand Prix__ZHO__3,2023_Australian Grand Prix,ZHO,HARD,31,-0.041448454917018596,84.42207359640283
2023_Bahrain Grand Prix__ALB__1,2023_Bahrain Grand Prix,ALB,SOFT,7,0.13618920475288737,99.73145446491696
2023_Bahrain Grand Prix__ALB__2,2023_Bahrain Grand Prix,ALB,SOFT,13,0.11385295903139551,98.43724081537924
2023_Bahrain Grand Prix__ALB__3,2023_Bahrain Grand Prix,ALB,HARD,12,0.05225655543499265,97.83205035236533
2023_Bahrain Grand Prix__ALB__4,2023_Bahrain Grand Prix,ALB,SOFT,16,0.06529180841730398,97.36904382185986
2023_Bahrain Grand Prix__ALO__1,2023_Bahrain Grand Prix,ALO,SOFT,10,0.15118912286755914,98.26301067765098
2023_Bahrain Grand Prix__ALO__2,2023_Bahrain Grand Prix,ALO,HARD,18,0.011000993143826045,98.11457408887166
2023_Bahrain Grand Prix__ALO__4,2023_Bahrain Grand Prix,ALO,HARD,16,0.04717269077024497,96.69857679488545
2023_Bahrain Grand Prix__BOT__1,2023_Bahrain Grand Prix,BOT,SOFT,7,0.16255621591943603,99.03567642975422
2023_Bahrain Grand Prix__BOT__2,2023_Bahrain Grand Prix,BOT,HARD,16,0.0628756319467159,98.73399314246392
2023_Bahrain Grand Prix__BOT__3,2023_Bahrain Grand Prix,BOT,HARD,9,0.036385926064363375,97.69426562861592
2023_Bahrain Grand Prix__BOT__4,2023_Bahrain Grand Prix,BOT,HARD,16,0.0329226907702448,97.50196334103421
2023_Bahrain Grand Prix__DEV__1,2023_Bahrain Grand Prix,DEV,SOFT,8,0.16539783082626722,99.9365102806859
2023_Bahrain Grand Prix__DEV__2,2023_Bahrain Grand Prix,DEV,HARD,13,0.08951694421748072,98.54161116326341
2023_Bahrain Grand Prix__DEV__3,2023_Bahrain Grand Prix,DEV,HARD,11,0.07384047151890837,97.80510993810334
2023_Bahrain Grand Prix__DEV__4,2023_Bahrain Grand Prix,DEV,HARD,15,-0.015435502507065685,100.13705409394751
2023_Bahrain Grand Prix__GAS__1,2023_Bahrain Grand Prix,GAS,SOFT,6,0.1140144974929342,100.25250551878113
2023_Bahrain Grand Prix__GAS__2,2023_Bahrain Grand Prix,GAS,HARD,12,0.05549928638824982,98.62257466018517
2023_Bahrain Grand Prix__GAS__3,2023_Bahrain Grand Prix,GAS,HARD,9,0.029427861548233947,97.9781269422796
2023_Bahrain Grand Prix__GAS__4,2023_Bahrain Grand Prix,GAS,SOFT,16,0.1721138672408333,95.32979676303633
2023_Bahrain Grand Prix__HAM__1,2023_Bahrain Grand Prix,HAM,SOFT,9,0.20751925939769678,97.7339159945563
2023_Bahrain Grand Prix__HAM__2,2023_Bahrain Grand Prix,HAM,HARD,15,-0.01854621679278005,98.73358186964872
2023_Bahrain Grand Prix__HAM__3,2023_Bahrain Grand Prix,HAM,HARD,8,0.0171716403500766,97.57896901499774
2023_Bahrain Grand Prix__HAM__4,2023_Bahrain Grand Prix,HAM,HARD,15,0.07930992606436227,96.53436844356918
2023_Bahrain Grand Prix__HUL__1,2023_Bahrain Grand Prix,HUL,SOFT,8,0.20364783082626753,99.21181678820709
2023_Bahrain Grand Prix__HUL__2,2023_Bahrain Grand Prix,HUL,HARD,12,0.10284424020531178,98.75858647570693
2023_Bahrain Grand Prix__HUL__3,2023_Bahrain Grand Prix,HUL,HARD,12,0.10229501697345428,97.26067855749353
2023_Bahrain Grand Prix__HUL__4,2023_Bahrain Grand Prix,HUL,SOFT,14,0.16093308590584232,95.89991590224164
2023_Bahrain Grand Prix__LEC__1,2023_Bahrain Grand Prix,LEC,SOFT,10,0.08771319879163554,98.14110811618373
2023_Bahrain Grand Prix__LEC__2,2023_Bahrain Grand Prix,LEC,HARD,17,0.06206859470050218,97.68920618988908
2023_Bahrain Grand Prix__LEC__3,2023_Bahrain Grand Prix,LEC,HARD,5,-0.16211407393563493,98.26429822176223
2023_Bahrain Grand Prix__MAG__1,2023_Bahrain Grand Prix,MAG,HARD,12,0.046200611379048746,101.03712116979676
2023_Bahrain Grand Prix__MAG__2,2023_Bahrain Grand Prix,MAG,HARD,12,0.10529851347694999,98.29932381367598
2023_Bahrain Grand Prix__MAG__3,2023_Bahrain Grand Prix,MAG,SOFT,9,0.07573592606436325,97.62494340639368
2023_Bahrain Grand Prix__MAG__4,2023_Bahrain Grand Prix,MAG,SOFT,14,0.15504601069059679,96.64912325851462
2023_Bahrain Grand Prix__NOR__1,2023_Bahrain Grand Prix,NOR,SOFT,5,0.037485926064364614,100.43806266163827
2023_Bahrain Grand Prix__NOR__2,2023_Bahrain Grand Prix,NOR,HARD,5,-0.14541407393563477,99.73842192228187
2023_Bahrain Grand Prix__NOR__3,2023_Bahrain Grand Prix,NOR,SOFT,7,0.0688551041465548,97.84220124297772
2023_Bahrain Grand Prix__NOR__4,2023_Bahrain Grand Prix,NOR,MEDIUM,8,0.24477878320721852,96.82559695109038
2023_Bahrain Grand Prix__NOR__5,2023_Bahrain Grand Prix,NOR,HARD,5,0.21616499583180712,95.98330006555457
2023_Bahrain Grand Prix__NOR__6,2023_Bahrain Grand Prix,NOR,SOFT,5,-0.4171140739356362,100.24375748240587
2023_Bahrain Grand Prix__OCO__1,2023_Bahrain Grand Prix,OCO,SOFT,8,0.1434134949866689,98.99339385587626
2023_Bahrain Grand Prix__OCO__3,2023_Bahrain Grand Prix,OCO,HARD,12,0.10472966270395262,98.17278402665518
2023_Bahrain Grand Prix__OCO__4,2023_Bahrain Grand Prix,OCO,HARD,5,0.13058592606436295,96.81731229569789
2023_Bahrain Grand Prix__PER__1,2023_Bahrain Grand Prix,PER,SOFT,14,0.025381530459967532,98.53671697135728
2023_Bahrain Grand Prix__PER__2,2023_Bahrain Grand Prix,PER,SOFT,14,0.03926633579547674,97.1664327305807
2023_Bahrain Grand Prix__PER__4,2023_Bahrain Grand Prix,PER,HARD,15,0.012900211778648538,97.12778890973136
2023_Bahrain Grand Prix__PIA__1,2023_Bahrain Grand Prix,PIA,SOFT,10,0.09199198667042396,100.39341720709282
2023_Bahrain Grand Prix__RUS__1,2023_Bahrain Grand Prix,RUS,SOFT,10,0.24507683515527126,97.45415033799065
2023_Bahrain Grand Prix__RUS__2,2023_Bahrain Grand Prix,RUS,HARD,16,0.05135945547612743,98.03785617106324
2023_Bahrain Grand Prix__RUS__3,2023_Bahrain Grand Prix,RUS,HARD,7,0.07188592606436318,97.37414065534782
2023_Bahrain Grand Prix__RUS__4,2023_Bahrain Grand Prix,RUS,HARD,16,0.04559033782906837,97.08045725198649
2023_Bahrain Grand Prix__SAI__1,2023_Bahrain Grand Prix,SAI,SOFT,10,0.19067683515527195,97.61255033799064
2023_Bahrain Grand Prix__SAI__2,2023_Bahrain Grand Prix,SAI,HARD,16,0.037350631946715646,98.08018999459264
2023_Bahrain Grand Prix__SAI__3,2023_Bahrain Grand Prix,SAI,HARD,5,-0.008367805278918844,97.7043442800813
2023_Bahrain Grand Prix__SAI__4,2023_Bahrain Grand Prix,SAI,HARD,15,0.03952977028546847,97.31515543161008
2023_Bahrain Grand Prix__SAR__1,2023_Bahrain Grand Prix,SAR,SOFT,9,0.1141859260643623,100.0233626616383
2023_Bahrain Grand Prix__SAR__2,2023_Bahrain Grand Prix,SAR,SOFT,16,0.07697563194671586,98.77092906852829
2023_Bahrain Grand Prix__SAR__3,2023_Bahrain Grand Prix,SAR,HARD,8,0.04207640225484021,97.83524282452154
2023_Bahrain Grand Prix__SAR__4,2023_Bahrain Grand Prix,SAR,SOFT,13,0.1121956821619238,96.68305336274938
2023_Bahrain Grand Prix__STR__1,2023_Bahrain Grand Prix,STR,SOFT,12,0.13832998200841873,98.46794824008855
2023_Bahrain Grand Prix__STR__2,2023_Bahrain Grand Prix,STR,HARD,13,0.08063867331710953,97.83834495919714
2023_Bahrain Grand Prix__STR__3,2023_Bahrain Grand Prix,STR,HARD,8,0.10968354511198244,96.91777853880726
2023_Bahrain Grand Prix__STR__4,2023_Bahrain Grand Prix,STR,HARD,16,0.06393004371142116,96.68093014945151
2023_Bahrain Grand Prix__TSU__1,2023_Bahrain Grand Prix,TSU,SOFT,7,0.14917164035007902,99.74410551878113
2023_Bahrain Grand Prix__TSU__2,2023_Bahrain Grand Prix,TSU,HARD,12,0.0724637703757396,98.66016024563518
2023_Bahrain Grand Prix__TSU__3,2023_Bahrain Grand Prix,TSU,HARD,12,0.04606424774268476,97.88524266005764
2023_Bahrain Grand Prix__TSU__4,2023_Bahrain Grand Prix,TSU,SOFT,16,0.09798445547612701,96.58619780837265
2023_Bahrain Grand Prix__VER__1,2023_Bahrain Grand Prix,VER,SOFT,11,0.07490410788254463,97.33355942889972
2023_Bahrain Grand Prix__VER__2,2023_Bahrain Grand Prix,VER,SOFT,20,0.010124271929024483,97.61067464909577
2023_Bahrain Grand Prix__VER__4,2023_Bahrain Grand Prix,VER,HARD,15,0.004914497492934037,97.11945599995535
2023_Bahrain Grand Prix__ZHO__1,2023_Bahrain Grand Prix,ZHO,SOFT,9,0.17888592606436338,99.92135155052716
2023_Bahrain Grand Prix__ZHO__2,2023_Bahrain Grand Prix,ZHO,HARD,18,0.03671719541420819,98.90183766845949
2023_Bahrain Grand Prix__ZHO__3,2023_Bahrain Grand Prix,ZHO,SOFT,6,0.27558592606436155,96.03115451750482
2023_Bahrain Grand Prix__ZHO__4,2023_Bahrain Grand Prix,ZHO,SOFT,10,0.06964918364011943,97.54660527508058
2023_British Grand Prix__ALB__1,2023_British Grand Prix,ALB,MEDIUM,29,-0.040543715173174,94.28049147167764
2023_British Grand Prix__ALB__2,2023_British Grand Prix,ALB,SOFT,13,-0.031749825618509066,92.80672969839631
2023_British Grand Prix__ALO__1,2023_British Grand Prix,ALO,MEDIUM,26,-0.04765179510634984,94.32684349114655
2023_British Grand Prix__ALO__2,2023_British Grand Prix,ALO,SOFT,13,0.001541985644593382,92.13705059929022
2023_British Grand Prix__BOT__1,2023_British Grand Prix,BOT,HARD,30,-0.06326770748680278,95.21324885984457
2023_British Grand Prix__BOT__2,2023_British Grand Prix,BOT,SOFT,13,-0.035984080706117534,93.01647546428283
2023_British Grand Prix__DEV__1,2023_British Grand Prix,DEV,SOFT,25,-0.05558518782820667,94.90803974966873
2023_British Grand Prix__DEV__3,2023_British Grand Prix,DEV,SOFT,13,-0.04521967885703192,93.58309630116612
2023_British Grand Prix__GAS__1,2023_British Grand Prix,GAS,MEDIUM,29,-0.03061383883074261,94.031477428869
2023_British Grand Prix__GAS__2,2023_British Grand Prix,GAS,SOFT,7,0.40060021177864913,87.55805430572613
2023_British Grand Prix__HAM__1,2023_British Grand Prix,HAM,MEDIUM,28,-0.04402518477051194,93.92187073639815
2023_British Grand Prix__HAM__2,2023_British Grand Prix,HAM,SOFT,14,0.056438673317109916,90.7190085754373
2023_British Grand Prix__HUL__1,2023_British Grand Prix,HUL,HARD,5,0.15917845839201872,94.36959999999999
2023_British Grand Prix__HUL__2,2023_British Grand Prix,HUL,MEDIUM,23,-0.029005378283463387,93.99488153539316
2023_British Grand Prix__HUL__3,2023_British Grand Prix,HUL,SOFT,14,-0.034827260748824036,93.04069031767592
2023_British Grand Prix__LEC__1,2023_British Grand Prix,LEC,MEDIUM,15,0.000369307850728016,93.28979467602268
2023_British Grand Prix__LEC__2,2023_British Grand Prix,LEC,HARD,12,0.00878103095946785,92.85119604408352
2023_British Grand Prix__LEC__3,2023_British Grand Prix,LEC,MEDIUM,12,-0.03135664819306278,92.6195416686352
2023_British Grand Prix__MAG__1,2023_British Grand Prix,MAG,MEDIUM,30,-0.0500060834601065,95.18819873007075
2023_British Grand Prix__NOR__1,2023_British Grand Prix,NOR,MEDIUM,28,-0.0076816404335164614,93.03556098380983
2023_British Grand Prix__NOR__2,2023_British Grand Prix,NOR,HARD,14,0.04272438760282459,90.86661030967433
2023_British Grand Prix__OCO__1,2023_British Grand Prix,OCO,SOFT,7,-0.10097521733153614,94.72105942695514
2023_British Grand Prix__PER__1,2023_British Grand Prix,PER,MEDIUM,26,-0.05616174349428414,94.30217453709872
2023_British Grand Prix__PER__3,2023_British Grand Prix,PER,SOFT,14,-0.07258550250706573,93.120197162869
2023_British Grand Prix__PIA__1,2023_British Grand Prix,PIA,MEDIUM,27,-0.006900084557555609,93.13255050016565
2023_British Grand Prix__PIA__3,2023_British Grand Prix,PIA,HARD,14,0.008302409580846966,91.47981825376854
2023_British Grand Prix__RUS__1,2023_British Grand Prix,RUS,SOFT,26,-0.02824960674214749,93.69746660518841
2023_British Grand Prix__RUS__3,2023_British Grand Prix,RUS,MEDIUM,14,0.01368702496546251,91.58985650352835
2023_British Grand Prix__SAI__1,2023_British Grand Prix,SAI,MEDIUM,22,-0.02196552794988447,93.58754808703341
2023_British Grand Prix__SAI__3,2023_British Grand Prix,SAI,HARD,13,-0.036099378105152125,92.85767001340604
2023_British Grand Prix__SAR__1,2023_British Grand Prix,SAR,MEDIUM,27,-0.054889706047177196,94.81535778547294
2023_British Grand Prix__SAR__3,2023_British Grand Prix,SAR,SOFT,14,-0.03773715085871405,93.09389957244986
2023_British Grand Prix__STR__1,2023_British Grand Prix,STR,MEDIUM,28,-0.021235380626272102,94.19083618378345
2023_British Grand Prix__STR__2,2023_British Grand Prix,STR,SOFT,12,-0.004835142184894541,92.26650746384398
2023_British Grand Prix__TSU__1,2023_British Grand Prix,TSU,SOFT,11,-0.041913113378344635,94.68079508450639
2023_British Grand Prix__TSU__2,2023_British Grand Prix,TSU,HARD,16,0.021122690770244926,93.08267886183347
2023_British Grand Prix__TSU__3,2023_British Grand Prix,TSU,SOFT,14,-0.0010909970125599735,92.96753647152207
2023_British Grand Prix__VER__1,2023_British Grand Prix,VER,MEDIUM,31,-0.020268735256373266,92.95302859242506
2023_British Grand Prix__VER__2,2023_British Grand Prix,VER,SOFT,14,0.08660570628414334,89.8739909930197
2023_British Grand Prix__ZHO__1,2023_British Grand Prix,ZHO,MEDIUM,19,-0.06101125429023572,95.03338104821111
2023_British Grand Prix__ZHO__2,2023_British Grand Prix,ZHO,HARD,6,0.09052878320721862,92.6137486967068
2023_British Grand Prix__ZHO__3,2023_British Grand Prix,ZHO,SOFT,14,-0.06468660140816421,93.57653338659742
2023_Canadian Grand Prix__ALB__1,2023_Canadian Grand Prix,ALB,MEDIUM,5,-0.2140215416079784,79.83942154160798
2023_Canadian Grand Prix__ALB__3,2023_Canadian Grand Prix,ALB,HARD,9,-0.12967775318092084,80.33026594422196
2023_Canadian Grand Prix__ALB__4,2023_Canadian Grand Prix,ALB,HARD,6,0.004528783207218875,78.20597472679162
2023_Canadian Grand Prix__ALB__5,2023_Canadian Grand Prix,ALB,HARD,33,-0.01974149847254568,78.64124091256461
2023_Canadian Grand Prix__ALO__1,2023_Canadian Grand Prix,ALO,MEDIUM,5,-0.15762154160798333,78.31620000000001
2023_Canadian Grand Prix__ALO__3,2023_Canadian Grand Prix,ALO,HARD,11,0.024976835155272503,76.68318468350152
2023_Canadian Grand Prix__ALO__4,2023_Canadian Grand Prix,ALO,HARD,5,-0.04801407393563864,78.35359377441067
2023_Canadian Grand Prix__ALO__6,2023_Canadian Grand Prix,ALO,HARD,27,0.013843000548359305,76.30361422734568
2023_Canadian Grand Prix__BOT__1,2023_Canadian Grand Prix,BOT,HARD,5,-0.31432154160797837,80.43379999999998
2023_Canadian Grand Prix__BOT__3,2023_Canadian Grand Prix,BOT,HARD,12,-0.13083785015941402,81.41149762667325
2023_Canadian Grand Prix__BOT__4,2023_Canadian Grand Prix,BOT,HARD,5,0.023685926064359812,77.56296266163838
2023_Canadian Grand Prix__BOT__5,2023_Canadian Grand Prix,BOT,MEDIUM,32,0.018580702095564908,77.20590481215248
2023_Canadian Grand Prix__DEV__1,2023_Canadian Grand Prix,DEV,MEDIUM,5,-0.2610215416079826,80.42999999999999
2023_Canadian Grand Prix__DEV__3,2023_Canadian Grand Prix,DEV,HARD,11,-0.08539589211745552,79.75180784834627
2023_Canadian Grand Prix__DEV__4,2023_Canadian Grand Prix,DEV,HARD,6,-0.05521407393563892,79.72067451501297
2023_Canadian Grand Prix__DEV__5,2023_Canadian Grand Prix,DEV,HARD,14,-0.00797451349607644,79.09613312307155
2023_Canadian Grand Prix__DEV__6,2023_Canadian Grand Prix,DEV,HARD,17,0.009923705461836008,77.2667729347301
2023_Canadian Grand Prix__GAS__1,2023_Canadian Grand Prix,GAS,SOFT,5,-0.19952154160798163,79.4914
2023_Canadian Grand Prix__GAS__3,2023_Canadian Grand Prix,GAS,HARD,11,-0.07758680120836475,79.72549464955465
2023_Canadian Grand Prix__GAS__5,2023_Canadian Grand Prix,GAS,HARD,35,-0.007384382058886575,77.44370438422725
2023_Canadian Grand Prix__HAM__1,2023_Canadian Grand Prix,HAM,MEDIUM,5,-0.1454215416079805,78.3426
2023_Canadian Grand Prix__HAM__3,2023_Canadian Grand Prix,HAM,HARD,12,0.008333478511914605,77.193061140378
2023_Canadian Grand Prix__HAM__6,2023_Canadian Grand Prix,HAM,MEDIUM,28,0.03651619426359642,75.93396456463972
2023_Canadian Grand Prix__HUL__3,2023_Canadian Grand Prix,HUL,HARD,11,-0.08069589211745594,79.71665330289173
2023_Canadian Grand Prix__HUL__6,2023_Canadian Grand Prix,HUL,HARD,34,0.024592190388274263,77.70437403961061
2023_Canadian Grand Prix__LEC__1,2023_Canadian Grand Prix,LEC,MEDIUM,5,-0.24262154160798,79.7452
2023_Canadian Grand Prix__LEC__3,2023_Canadian Grand Prix,LEC,MEDIUM,11,0.040113198791635045,76.41750811618374
2023_Canadian Grand Prix__LEC__4,2023_Canadian Grand Prix,LEC,MEDIUM,5,-0.056114073935638956,79.38416266163833
2023_Canadian Grand Prix__LEC__6,2023_Canadian Grand Prix,LEC,HARD,28,0.016275909644001677,76.28797190622726
2023_Canadian Grand Prix__MAG__1,2023_Canadian Grand Prix,MAG,HARD,5,-0.37902154160798185,80.3352
2023_Canadian Grand Prix__MAG__3,2023_Canadian Grand Prix,MAG,HARD,11,-0.07396861939018298,80.58903538891101
2023_Canadian Grand Prix__MAG__4,2023_Canadian Grand Prix,MAG,HARD,6,0.14744306892150447,74.31349599497165
2023_Canadian Grand Prix__MAG__5,2023_Canadian Grand Prix,MAG,MEDIUM,13,-0.025356982651470333,78.27460906306067
2023_Canadian Grand Prix__MAG__6,2023_Canadian Grand Prix,MAG,MEDIUM,14,-0.021051436572999585,77.42578597381875
2023_Canadian Grand Prix__NOR__1,2023_Canadian Grand Prix,NOR,MEDIUM,5,-0.2741215416079811,79.8732
2023_Canadian Grand Prix__NOR__3,2023_Canadian Grand Prix,NOR,HARD,10,-0.05362619514775822,78.7947210471379
2023_Canadian Grand Prix__NOR__5,2023_Canadian Grand Prix,NOR,HARD,30,0.010773423698880027,77.25369044316503
2023_Canadian Grand Prix__OCO__1,2023_Canadian Grand Prix,OCO,MEDIUM,5,-0.19552154160798102,79.346
2023_Canadian Grand Prix__OCO__3,2023_Canadian Grand Prix,OCO,HARD,12,-0.11126792008948334,79.41987582569269
2023_Canadian Grand Prix__OCO__4,2023_Canadian Grand Prix,OCO,HARD,5,0.04058592606435809,77.37079377441073
2023_Canadian Grand Prix__OCO__5,2023_Canadian Grand Prix,OCO,HARD,32,0.009303814627412782,77.33429295010197
2023_Canadian Grand Prix__PER__1,2023_Canadian Grand Prix,PER,HARD,5,-0.13122154160798094,79.1798
2023_Canadian Grand Prix__PER__3,2023_Canadian Grand Prix,PER,HARD,11,-0.0020777102992737308,77.75998993436554
2023_Canadian Grand Prix__PER__4,2023_Canadian Grand Prix,PER,HARD,5,0.11238592606436128,74.36796266163833
2023_Canadian Grand Prix__PER__5,2023_Canadian Grand Prix,PER,MEDIUM,29,0.012658339857466455,76.67209020188177
2023_Canadian Grand Prix__PIA__1,2023_Canadian Grand Prix,PIA,MEDIUM,5,-0.2757215416079816,79.829
2023_Canadian Grand Prix__PIA__3,2023_Canadian Grand Prix,PIA,HARD,10,-0.08671710423866731,79.44357559259245
2023_Canadian Grand Prix__PIA__4,2023_Canadian Grand Prix,PIA,HARD,6,0.04687164035007763,77.5046223458392
2023_Canadian Grand Prix__PIA__5,2023_Canadian Grand Prix,PIA,HARD,32,0.0008100462989670916,77.36525732191414
2023_Canadian Grand Prix__RUS__1,2023_Canadian Grand Prix,RUS,MEDIUM,5,-0.29762154160797966,79.07499999999999
2023_Canadian Grand Prix__RUS__3,2023_Canadian Grand Prix,RUS,HARD,8,-0.07864560546716935,79.52629197260885
2023_Canadian Grand Prix__RUS__4,2023_Canadian Grand Prix,RUS,HARD,6,-0.14644264536421067,81.30291758393449
2023_Canadian Grand Prix__RUS__5,2023_Canadian Grand Prix,RUS,HARD,18,0.0007987227619890529,77.80828899284889
2023_Canadian Grand Prix__SAI__1,2023_Canadian Grand Prix,SAI,MEDIUM,5,-0.11852154160797994,79.1086
2023_Canadian Grand Prix__SAI__3,2023_Canadian Grand Prix,SAI,MEDIUM,11,0.08155865333709061,75.58008084345643
2023_Canadian Grand Prix__SAI__4,2023_Canadian Grand Prix,SAI,MEDIUM,5,0.06168592606435936,75.6701626616384
2023_Canadian Grand Prix__SAI__6,2023_Canadian Grand Prix,SAI,HARD,30,0.008395620642262739,76.52582583309528
2023_Canadian Grand Prix__SAR__1,2023_Canadian Grand Prix,SAR,MEDIUM,5,-0.3058215416079805,80.56139999999999
2023_Canadian Grand Prix__STR__1,2023_Canadian Grand Prix,STR,MEDIUM,5,-0.21822154160798135,79.583
2023_Canadian Grand Prix__STR__3,2023_Canadian Grand Prix,STR,HARD,10,-0.09328680120836563,79.78657148470991
2023_Canadian Grand Prix__STR__4,2023_Canadian Grand Prix,STR,HARD,6,-0.040042645364209754,77.58547790347131
2023_Canadian Grand Prix__STR__5,2023_Canadian Grand Prix,STR,HARD,35,0.005888166960721485,77.35141011635645
2023_Canadian Grand Prix__TSU__3,2023_Canadian Grand Prix,TSU,HARD,8,-0.04740819158269529,79.81969417593791
2023_Canadian Grand Prix__TSU__4,2023_Canadian Grand Prix,TSU,HARD,5,0.04788592606436309,77.36814858770263
2023_Canadian Grand Prix__VER__1,2023_Canadian Grand Prix,VER,MEDIUM,5,-0.1506215416079812,78.13740000000001
2023_Canadian Grand Prix__VER__3,2023_Canadian Grand Prix,VER,HARD,11,0.039040471518908326,76.39921195622881
2023_Canadian Grand Prix__VER__4,2023_Canadian Grand Prix,VER,HARD,5,0.015085926064359963,76.7979937744107
2023_Canadian Grand Prix__VER__5,2023_Canadian Grand Prix,VER,HARD,5,0.032885926064362546,76.50309377441064
2023_Canadian Grand Prix__VER__6,2023_Canadian Grand Prix,VER,MEDIUM,27,0.00864538882382565,76.24816850383847
2023_Canadian Grand Prix__ZHO__1,2023_Canadian Grand Prix,ZHO,MEDIUM,5,-0.17872154160798182,80.0732
2023_Canadian Grand Prix__ZHO__3,2023_Canadian Grand Prix,ZHO,HARD,11,-0.0717140739356383,79.51677559259245
2023_Canadian Grand Prix__ZHO__5,2023_Canadian Grand Prix,ZHO,HARD,28,0.003213252837933076,77.74313754242661
2023_Hungarian Grand Prix__ALB__1,2023_Hungarian Grand Prix,ALB,MEDIUM,5,-0.3172359971763638,87.92503097621798
2023_Hungarian Grand Prix__ALB__2,2023_Hungarian Grand Prix,ALB,HARD,21,0.03433527671371331,85.05222346079125
2023_Hungarian Grand Prix__ALB__3,2023_Hungarian Grand Prix,ALB,HARD,32,-0.0096774889619136,84.88182027933921
2023_Hungarian Grand Prix__ALO__1,2023_Hungarian Grand Prix,ALO,MEDIUM,16,-0.059067919642300334,86.31648509555941
2023_Hungarian Grand Prix__ALO__2,2023_Hungarian Grand Prix,ALO,HARD,20,-0.0018193370935318395,84.97917432077335
2023_Hungarian Grand Prix__ALO__3,2023_Hungarian Grand Prix,ALO,HARD,22,0.03342244388211663,83.10374962984964
2023_Hungarian Grand Prix__BOT__1,2023_Hungarian Grand Prix,BOT,MEDIUM,7,-0.17836807447439287,87.5185565075212
2023_Hungarian Grand Prix__BOT__2,2023_Hungarian Grand Prix,BOT,HARD,26,0.03392919529513227,84.61909771204958
2023_Hungarian Grand Prix__BOT__3,2023_Hungarian Grand Prix,BOT,HARD,23,0.006432028065474755,84.42499797104472
2023_Hungarian Grand Prix__HAM__1,2023_Hungarian Grand Prix,HAM,MEDIUM,14,0.00037167244084108426,85.20068575285583
2023_Hungarian Grand Prix__HAM__2,2023_Hungarian Grand Prix,HAM,HARD,30,0.011890709156687706,84.24993710788574
2023_Hungarian Grand Prix__HAM__3,2023_Hungarian Grand Prix,HAM,MEDIUM,17,0.0010378868486764865,82.78888682922643
2023_Hungarian Grand Prix__HUL__1,2023_Hungarian Grand Prix,HUL,MEDIUM,14,-0.01034920668003806,86.16640443417451
2023_Hungarian Grand Prix__HUL__2,2023_Hungarian Grand Prix,HUL,HARD,19,0.02080023461752068,85.4943425302112
2023_Hungarian Grand Prix__HUL__3,2023_Hungarian Grand Prix,HUL,HARD,26,0.07224673192516883,83.56075133531535
2023_Hungarian Grand Prix__LEC__1,2023_Hungarian Grand Prix,LEC,MEDIUM,15,-0.004261435966108422,85.4075090503683
2023_Hungarian Grand Prix__LEC__2,2023_Hungarian Grand Prix,LEC,HARD,21,0.022723209856803473,84.42688343035702
2023_Hungarian Grand Prix__LEC__3,2023_Hungarian Grand Prix,LEC,HARD,23,0.06243138060981782,82.52702365957136
2023_Hungarian Grand Prix__MAG__1,2023_Hungarian Grand Prix,MAG,MEDIUM,11,-0.06596251528414253,86.76781281942752
2023_Hungarian Grand Prix__MAG__2,2023_Hungarian Grand Prix,MAG,HARD,24,0.08091449749293432,84.87515070548913
2023_Hungarian Grand Prix__MAG__3,2023_Hungarian Grand Prix,MAG,HARD,21,0.08669421399094737,83.5540282588216
2023_Hungarian Grand Prix__NOR__1,2023_Hungarian Grand Prix,NOR,MEDIUM,15,-0.014811435966108434,85.13914140913664
2023_Hungarian Grand Prix__NOR__2,2023_Hungarian Grand Prix,NOR,HARD,25,0.054247464525901366,83.55714186627091
2023_Hungarian Grand Prix__NOR__3,2023_Hungarian Grand Prix,NOR,MEDIUM,22,0.05105447490682494,82.66596857776445
2023_Hungarian Grand Prix__PER__1,2023_Hungarian Grand Prix,PER,HARD,19,-0.06855209234066138,86.2744928292504
2023_Hungarian Grand Prix__PER__2,2023_Hungarian Grand Prix,PER,MEDIUM,15,0.06985676693235562,82.76627393296677
2023_Hungarian Grand Prix__PER__3,2023_Hungarian Grand Prix,PER,MEDIUM,24,0.04955505649914541,82.48684812597452
2023_Hungarian Grand Prix__PIA__1,2023_Hungarian Grand Prix,PIA,MEDIUM,16,-0.006369309340674719,85.0159408503151
2023_Hungarian Grand Prix__PIA__2,2023_Hungarian Grand Prix,PIA,HARD,22,0.05618265107847928,83.92699572266582
2023_Hungarian Grand Prix__PIA__3,2023_Hungarian Grand Prix,PIA,MEDIUM,19,0.04223051335260035,83.27923581347224
2023_Hungarian Grand Prix__RIC__1,2023_Hungarian Grand Prix,RIC,MEDIUM,15,-0.1237221502518226,87.59070428846351
2023_Hungarian Grand Prix__RIC__2,2023_Hungarian Grand Prix,RIC,HARD,9,0.16603592606436263,84.11123488593705
2023_Hungarian Grand Prix__RIC__3,2023_Hungarian Grand Prix,RIC,MEDIUM,34,0.006543980039916645,84.424883221219
2023_Hungarian Grand Prix__RUS__1,2023_Hungarian Grand Prix,RUS,HARD,25,-0.03564841855177073,86.25036772736789
2023_Hungarian Grand Prix__RUS__2,2023_Hungarian Grand Prix,RUS,MEDIUM,16,0.008352102534951403,83.89040241496986
2023_Hungarian Grand Prix__RUS__3,2023_Hungarian Grand Prix,RUS,MEDIUM,20,0.053662617793686286,82.71463330571176
2023_Hungarian Grand Prix__SAI__1,2023_Hungarian Grand Prix,SAI,SOFT,13,-0.02631310706844065,85.74978856811315
2023_Hungarian Grand Prix__SAI__2,2023_Hungarian Grand Prix,SAI,HARD,25,0.017161664980619093,84.53020032107663
2023_Hungarian Grand Prix__SAI__3,2023_Hungarian Grand Prix,SAI,HARD,21,0.06294214151773221,82.69667513986201
2023_Hungarian Grand Prix__SAR__1,2023_Hungarian Grand Prix,SAR,MEDIUM,11,-0.1608430438611693,87.37347793642262
2023_Hungarian Grand Prix__SAR__2,2023_Hungarian Grand Prix,SAR,HARD,18,0.07814285655853703,84.82339002192032
2023_Hungarian Grand Prix__SAR__3,2023_Hungarian Grand Prix,SAR,HARD,29,0.04031284069315196,84.15147129089293
2023_Hungarian Grand Prix__STR__1,2023_Hungarian Grand Prix,STR,SOFT,7,-0.1317252173315353,86.70138085552658
2023_Hungarian Grand Prix__STR__2,2023_Hungarian Grand Prix,STR,HARD,21,0.0433274593247785,84.46754484655594
2023_Hungarian Grand Prix__STR__3,2023_Hungarian Grand Prix,STR,HARD,28,0.009201845063097163,84.06620873916752
2023_Hungarian Grand Prix__TSU__1,2023_Hungarian Grand Prix,TSU,SOFT,7,-0.14301093161724862,86.76280942695516
2023_Hungarian Grand Prix__TSU__2,2023_Hungarian Grand Prix,TSU,HARD,33,0.0394300437114216,84.89971538379984
2023_Hungarian Grand Prix__TSU__3,2023_Hungarian Grand Prix,TSU,MEDIUM,19,0.057569394092152386,84.00312517509438
2023_Hungarian Grand Prix__VER__1,2023_Hungarian Grand Prix,VER,MEDIUM,19,-0.03325679573638469,84.88625595343329
2023_Hungarian Grand Prix__VER__2,2023_Hungarian Grand Prix,VER,HARD,26,0.01001532777376468,83.65605879017843
2023_Hungarian Grand Prix__VER__3,2023_Hungarian Grand Prix,VER,MEDIUM,14,-0.060532755254317845,83.2964607391013
2023_Hungarian Grand Prix__ZHO__1,2023_Hungarian Grand Prix,ZHO,MEDIUM,8,-0.23714099498958965,88.39778837969901
2023_Hungarian Grand Prix__ZHO__2,2023_Hungarian Grand Prix,ZHO,HARD,26,0.0821941311925679,84.0218245996524
2023_Hungarian Grand Prix__ZHO__3,2023_Hungarian Grand Prix,ZHO,HARD,24,-0.0018480105514595776,84.92495589451444
2023_Italian Grand Prix__ALB__1,2023_Italian Grand Prix,ALB,MEDIUM,11,0.09352892757516143,86.04633917045116
2023_Italian Grand Prix__ALB__2,2023_Italian Grand Prix,ALB,HARD,34,0.018153258156338847,86.70953527183408
2023_Italian Grand Prix__ALO__1,2023_Italian Grand Prix,ALO,MEDIUM,18,-0.0051606526272253974,87.29831492336452
2023_Italian Grand Prix__ALO__2,2023_Italian Grand Prix,ALO,HARD,29,0.011865729020028077,86.72106893670815
2023_Italian Grand Prix__BOT__1,2023_Italian Grand Prix,BOT,HARD,23,0.04254559926398853,87.12920825739734
2023_Italian Grand Prix__BOT__2,2023_Italian Grand Prix,BOT,MEDIUM,22,0.038606282154637094,86.35005907486209
2023_Italian Grand Prix__GAS__1,2023_Italian Grand Prix,GAS,MEDIUM,8,-0.1666171854657799,88.46548444234928
2023_Italian Grand Prix__GAS__2,2023_Italian Grand Prix,GAS,HARD,19,0.020384171678398184,87.08826765286075
2023_Italian Grand Prix__GAS__3,2023_Italian Grand Prix,GAS,MEDIUM,17,-0.007481598852580249,86.79729970850394
2023_Italian Grand Prix__HAM__1,2023_Italian Grand Prix,HAM,HARD,25,0.028035581402562144,86.81040223623026
2023_Italian Grand Prix__HAM__2,2023_Italian Grand Prix,HAM,MEDIUM,22,0.00786616526224086,86.41166138485812
2023_Italian Grand Prix__HUL__1,2023_Italian Grand Prix,HUL,MEDIUM,12,0.09763274172177915,86.62296643057246
2023_Italian Grand Prix__HUL__2,2023_Italian Grand Prix,HUL,HARD,21,0.06126263839312997,86.50498394142303
2023_Italian Grand Prix__HUL__3,2023_Italian Grand Prix,HUL,MEDIUM,10,-0.02354134666290958,86.82096509086442
2023_Italian Grand Prix__LAW__1,2023_Italian Grand Prix,LAW,MEDIUM,10,0.022611016679587065,87.19146767488303
2023_Italian Grand Prix__LAW__2,2023_Italian Grand Prix,LAW,HARD,17,0.03204966447334273,86.82680288860693
2023_Italian Grand Prix__LAW__3,2023_Italian Grand Prix,LAW,MEDIUM,15,0.009156947764182292,86.3758367817247
2023_Italian Grand Prix__LEC__1,2023_Italian Grand Prix,LEC,MEDIUM,16,0.10477508416589987,85.65737883521975
2023_Italian Grand Prix__LEC__2,2023_Italian Grand Prix,LEC,HARD,30,0.04563130982409581,85.64513235088995
2023_Italian Grand Prix__MAG__1,2023_Italian Grand Prix,MAG,HARD,10,-0.04531308027051811,88.82466225773325
2023_Italian Grand Prix__MAG__2,2023_Italian Grand Prix,MAG,MEDIUM,19,-0.011933372181251213,87.67089552879662
2023_Italian Grand Prix__MAG__3,2023_Italian Grand Prix,MAG,MEDIUM,15,0.05101378087676083,86.36965376825489
2023_Italian Grand Prix__NOR__1,2023_Italian Grand Prix,NOR,MEDIUM,20,0.03938088138099983,86.77552254241503
2023_Italian Grand Prix__NOR__2,2023_Italian Grand Prix,NOR,HARD,28,0.051425882276732865,86.07920161322701
2023_Italian Grand Prix__OCO__1,2023_Italian Grand Prix,OCO,MEDIUM,20,0.07486183864336383,87.05596803006094
2023_Italian Grand Prix__OCO__2,2023_Italian Grand Prix,OCO,HARD,13,0.025232079910516816,87.15537480129757
2023_Italian Grand Prix__PER__1,2023_Italian Grand Prix,PER,MEDIUM,18,0.032842667386643036,86.27946114944477
2023_Italian Grand Prix__PER__2,2023_Italian Grand Prix,PER,HARD,29,0.025890359561900025,85.79572031096032
2023_Italian Grand Prix__PIA__1,2023_Italian Grand Prix,PIA,MEDIUM,21,0.032560765825898966,86.86777112442182
2023_Italian Grand Prix__PIA__2,2023_Italian Grand Prix,PIA,HARD,16,0.051332984887891946,86.07780197785564
2023_Italian Grand Prix__PIA__3,2023_Italian Grand Prix,PIA,MEDIUM,8,0.06971925939769552,85.55329451875075
2023_Italian Grand Prix__RUS__1,2023_Italian Grand Prix,RUS,MEDIUM,16,0.07372727912722131,86.01742947205587
2023_Italian Grand Prix__RUS__2,2023_Italian Grand Prix,RUS,HARD,31,0.013503264774040324,86.27130683350681
2023_Italian Grand Prix__SAI__1,2023_Italian Grand Prix,SAI,MEDIUM,16,0.10227063971035823,85.6101443318403
2023_Italian Grand Prix__SAI__2,2023_Italian Grand Prix,SAI,HARD,31,0.052675038967588614,85.50696098266762
2023_Italian Grand Prix__SAR__1,2023_Italian Grand Prix,SAR,MEDIUM,10,0.01850099571324721,87.25600038596806
2023_Italian Grand Prix__SAR__2,2023_Italian Grand Prix,SAR,HARD,33,0.023906071108681898,86.96534174574086
2023_Italian Grand Prix__STR__1,2023_Italian Grand Prix,STR,MEDIUM,17,0.02778754906671899,87.51357062986906
2023_Italian Grand Prix__STR__2,2023_Italian Grand Prix,STR,HARD,28,0.0716572409563673,86.144779009551
2023_Italian Grand Prix__VER__1,2023_Italian Grand Prix,VER,MEDIUM,18,0.043295487723651924,85.9738587830136
2023_Italian Grand Prix__VER__2,2023_Italian Grand Prix,VER,HARD,25,0.03837166402151759,85.36026823464763
2023_Italian Grand Prix__ZHO__1,2023_Italian Grand Prix,ZHO,MEDIUM,9,-0.0817332298264181,87.9444595234676
2023_Italian Grand Prix__ZHO__2,2023_Italian Grand Prix,ZHO,HARD,17,0.04980994567220566,86.59638340348651
2023_Italian Grand Prix__ZHO__3,2023_Italian Grand Prix,ZHO,MEDIUM,15,0.005622815756948608,86.67568375521614
2023_Japanese Grand Prix__ALB__1,2023_Japanese Grand Prix,ALB,MEDIUM,7,-0.08611407393563703,101.56313430198836
2023_Japanese Grand Prix__ALB__2,2023_Japanese Grand Prix,ALB,SOFT,11,0.08099501697345321,99.47007970047501
2023_Japanese Grand Prix__ALO__1,2023_Japanese Grand Prix,ALO,SOFT,6,0.07067164035007838,98.67180488344519
2023_Japanese Grand Prix__ALO__2,2023_Japanese Grand Prix,ALO,HARD,10,0.28797986545830206,97.36115936349778
2023_Japanese Grand Prix__ALO__3,2023_Japanese Grand Prix,ALO,HARD,26,0.089982579252227,97.08483166215758
2023_Japanese Grand Prix__GAS__1,2023_Japanese Grand Prix,GAS,MEDIUM,5,0.008116695295132538,100.14431650779213
2023_Japanese Grand Prix__GAS__3,2023_Japanese Grand Prix,GAS,HARD,12,0.05800131067974758,98.29622984361731
2023_Japanese Grand Prix__GAS__4,2023_Japanese Grand Prix,GAS,HARD,17,0.1093418084173043,96.73358414782662
2023_Japanese Grand Prix__HAM__1,2023_Japanese Grand Prix,HAM,MEDIUM,7,0.05174306892150633,99.04439123306685
2023_Japanese Grand Prix__HAM__4,2023_Japanese Grand Prix,HAM,HARD,15,0.05793492103923703,97.85535732791432
2023_Japanese Grand Prix__HAM__5,2023_Japanese Grand Prix,HAM,HARD,18,0.10976879500141123,96.45900846843205
2023_Japanese Grand Prix__HUL__3,2023_Japanese Grand Prix,HUL,MEDIUM,5,0.20536267025040886,98.15846867480434
2023_Japanese Grand Prix__HUL__4,2023_Japanese Grand Prix,HUL,HARD,12,0.0474663456447825,98.355300209223
2023_Japanese Grand Prix__HUL__5,2023_Japanese Grand Prix,HUL,MEDIUM,13,0.017059250370388728,97.8234927723298
2023_Japanese Grand Prix__LAW__1,2023_Japanese Grand Prix,LAW,SOFT,5,0.15258592606436713,98.74396266163825
2023_Japanese Grand Prix__LAW__2,2023_Japanese Grand Prix,LAW,MEDIUM,10,0.15590713818557542,99.0684704071304
2023_Japanese Grand Prix__LAW__3,2023_Japanese Grand Prix,LAW,HARD,25,-0.00535407393563707,98.92077081324734
2023_Japanese Grand Prix__LEC__1,2023_Japanese Grand Prix,LEC,MEDIUM,7,0.11770735463579028,98.12267694735257
2023_Japanese Grand Prix__LEC__4,2023_Japanese Grand Prix,LEC,MEDIUM,13,0.07265809938866928,97.77364053404862
2023_Japanese Grand Prix__LEC__5,2023_Japanese Grand Prix,LEC,HARD,16,0.08644664220343923,96.57631403884892
2023_Japanese Grand Prix__MAG__1,2023_Japanese Grand Prix,MAG,MEDIUM,6,0.13331139190287264,99.53154651256995
2023_Japanese Grand Prix__MAG__2,2023_Japanese Grand Prix,MAG,HARD,16,0.13183298488789225,98.37902465676358
2023_Japanese Grand Prix__MAG__3,2023_Japanese Grand Prix,MAG,HARD,19,0.05388991608930056,98.1317500604066
2023_Japanese Grand Prix__NOR__1,2023_Japanese Grand Prix,NOR,MEDIUM,7,0.22792164035007795,96.60010551878113
2023_Japanese Grand Prix__NOR__4,2023_Japanese Grand Prix,NOR,HARD,16,0.04511807166411745,97.50421868963491
2023_Japanese Grand Prix__NOR__5,2023_Japanese Grand Prix,NOR,HARD,15,0.09225134205131225,95.67610314514295
2023_Japanese Grand Prix__OCO__1,2023_Japanese Grand Prix,OCO,HARD,5,0.04778592606436263,100.12654858770264
2023_Japanese Grand Prix__OCO__2,2023_Japanese Grand Prix,OCO,HARD,13,0.07574306892150606,99.0296672690213
2023_Japanese Grand Prix__OCO__3,2023_Japanese Grand Prix,OCO,HARD,23,0.04202750671449391,97.71562408366042
2023_Japanese Grand Prix__PER__1,2023_Japanese Grand Prix,PER,HARD,7,0.11777878320722021,99.61837737090985
2023_Japanese Grand Prix__PIA__1,2023_Japanese Grand Prix,PIA,MEDIUM,7,0.1221002117786486,97.94610551878114
2023_Japanese Grand Prix__PIA__2,2023_Japanese Grand Prix,PIA,HARD,19,0.006984087535186137,98.58991639112246
2023_Japanese Grand Prix__PIA__3,2023_Japanese Grand Prix,PIA,HARD,15,0.056534042502718686,96.64240620402795
2023_Japanese Grand Prix__RUS__1,2023_Japanese Grand Prix,RUS,MEDIUM,7,0.10145735463579185,98.8308198044954
2023_Japanese Grand Prix__RUS__3,2023_Japanese Grand Prix,RUS,MEDIUM,7,0.027028783207218802,99.03896266163831
2023_Japanese Grand Prix__RUS__4,2023_Japanese Grand Prix,RUS,HARD,27,0.05774554744806456,97.71418469659285
2023_Japanese Grand Prix__SAI__1,2023_Japanese Grand Prix,SAI,MEDIUM,7,0.10460021177864978,98.34924837592399
2023_Japanese Grand Prix__SAI__4,2023_Japanese Grand Prix,SAI,MEDIUM,17,0.07421680841730396,97.74600491903209
2023_Japanese Grand Prix__SAI__5,2023_Japanese Grand Prix,SAI,HARD,12,0.09741502254215746,96.38222356418208
2023_Japanese Grand Prix__SAR__1,2023_Japanese Grand Prix,SAR,MEDIUM,5,0.5421859260643644,97.89529229196009
2023_Japanese Grand Prix__SAR__2,2023_Japanese Grand Prix,SAR,MEDIUM,6,0.04852878320722149,100.13527324434102
2023_Japanese Grand Prix__STR__1,2023_Japanese Grand Prix,STR,SOFT,7,-0.004899788221352803,100.09124837592401
2023_Japanese Grand Prix__TSU__3,2023_Japanese Grand Prix,TSU,MEDIUM,15,0.07499664035007733,99.5984300438366
2023_Japanese Grand Prix__TSU__4,2023_Japanese Grand Prix,TSU,HARD,19,0.06838851539631505,97.7797222146722
2023_Japanese Grand Prix__VER__1,2023_Japanese Grand Prix,VER,MEDIUM,7,0.23970735463579168,95.99867694735255
2023_Japanese Grand Prix__VER__4,2023_Japanese Grand Prix,VER,MEDIUM,19,0.0209964523801524,97.56815853129966
2023_Japanese Grand Prix__VER__5,2023_Japanese Grand Prix,VER,HARD,15,0.1455394974929337,94.99325978316257
2023_Japanese Grand Prix__ZHO__1,2023_Japanese Grand Prix,ZHO,SOFT,5,0.09018592606436616,100.23374858770262
2023_Japanese Grand Prix__ZHO__2,2023_Japanese Grand Prix,ZHO,SOFT,14,0.06655295903139548,99.47032961458962
2023_Japanese Grand Prix__ZHO__3,2023_Japanese Grand Prix,ZHO,HARD,21,0.00034496512416234124,98.54960428130246
2023_Las Vegas Grand Prix__ALB__1,2023_Las Vegas Grand Prix,ALB,MEDIUM,6,-0.22315693107849527,102.32916266163829
2023_Las Vegas Grand Prix__ALB__5,2023_Las Vegas Grand Prix,ALB,HARD,11,-0.10531407393563696,100.51428293321355
2023_Las Vegas Grand Prix__ALB__6,2023_Las Vegas Grand Prix,ALB,HARD,5,-0.11751407393563797,102.29663747866812
2023_Las Vegas Grand Prix__ALO__1,2023_Las Vegas Grand Prix,ALO,HARD,7,-0.46375693107849403,105.84639123306684
2023_Las Vegas Grand Prix__ALO__4,2023_Las Vegas Grand Prix,ALO,HARD,11,-0.2177595284810912,100.28925128476625
2023_Las Vegas Grand Prix__ALO__5,2023_Las Vegas Grand Prix,ALO,HARD,5,0.08835104234343585,95.52040371605584
2023_Las Vegas Grand Prix__BOT__1,2023_Las Vegas Grand Prix,BOT,HARD,7,-0.579042645364207,106.79649144484547
2023_Las Vegas Grand Prix__BOT__4,2023_Las Vegas Grand Prix,BOT,MEDIUM,11,-0.029186801208364657,101.64749761445572
2023_Las Vegas Grand Prix__GAS__1,2023_Las Vegas Grand Prix,GAS,MEDIUM,7,-0.4185783596499246,104.07874837592402
2023_Las Vegas Grand Prix__GAS__5,2023_Las Vegas Grand Prix,GAS,HARD,10,-0.1702443769659407,100.94835370776276
2023_Las Vegas Grand Prix__GAS__6,2023_Las Vegas Grand Prix,GAS,HARD,5,0.20808592606436205,93.71772340473247
2023_Las Vegas Grand Prix__HAM__1,2023_Las Vegas Grand Prix,HAM,HARD,7,-0.679935502507065,107.09160551878114
2023_Las Vegas Grand Prix__HAM__4,2023_Las Vegas Grand Prix,HAM,MEDIUM,5,-0.4667140739356399,101.73492340473246
2023_Las Vegas Grand Prix__HAM__5,2023_Las Vegas Grand Prix,HAM,HARD,11,-0.2614231648447284,100.44937855749353
2023_Las Vegas Grand Prix__HAM__6,2023_Las Vegas Grand Prix,HAM,HARD,6,-0.0037283596499224,97.00733007264505
2023_Las Vegas Grand Prix__HUL__1,2023_Las Vegas Grand Prix,HUL,MEDIUM,5,-0.28701407393563455,104.38416266163824
2023_Las Vegas Grand Prix__HUL__2,2023_Las Vegas Grand Prix,HUL,HARD,5,0.6013859260643656,96.75179377441063
2023_Las Vegas Grand Prix__HUL__3,2023_Las Vegas Grand Prix,HUL,HARD,5,-0.2036140739356384,101.94539377441065
2023_Las Vegas Grand Prix__HUL__4,2023_Las Vegas Grand Prix,HUL,HARD,11,-0.2523686193901835,100.9442149211299
2023_Las Vegas Grand Prix__HUL__5,2023_Las Vegas Grand Prix,HUL,HARD,5,-0.0869140739356368,100.0120967393117
2023_Las Vegas Grand Prix__LEC__1,2023_Las Vegas Grand Prix,LEC,MEDIUM,7,-0.4348997882213514,103.90096266163827
2023_Las Vegas Grand Prix__LEC__2,2023_Las Vegas Grand Prix,LEC,MEDIUM,5,-0.053814073935636475,99.67916266163827
2023_Las Vegas Grand Prix__LEC__4,2023_Las Vegas Grand Prix,LEC,HARD,11,-0.2385504375720005,100.63360347262626
2023_Las Vegas Grand Prix__LEC__5,2023_Las Vegas Grand Prix,LEC,HARD,5,-0.11645128323796117,99.08978803922241
2023_Las Vegas Grand Prix__MAG__1,2023_Las Vegas Grand Prix,MAG,MEDIUM,7,-0.48236407393563685,105.83689123306685
2023_Las Vegas Grand Prix__MAG__3,2023_Las Vegas Grand Prix,MAG,HARD,5,0.031585926064362,99.39436562653937
2023_Las Vegas Grand Prix__MAG__4,2023_Las Vegas Grand Prix,MAG,HARD,11,-0.1991958921174558,100.54556037567535
2023_Las Vegas Grand Prix__MAG__5,2023_Las Vegas Grand Prix,MAG,HARD,5,0.09368592606436295,97.03569673931172
2023_Las Vegas Grand Prix__OCO__1,2023_Las Vegas Grand Prix,OCO,MEDIUM,7,-0.5808640739356361,106.13660551878112
2023_Las Vegas Grand Prix__OCO__2,2023_Las Vegas Grand Prix,OCO,MEDIUM,5,0.17918592606436193,97.1665626616383
2023_Las Vegas Grand Prix__OCO__4,2023_Las Vegas Grand Prix,OCO,HARD,10,-0.15682619514775867,99.96465694050129
2023_Las Vegas Grand Prix__OCO__5,2023_Las Vegas Grand Prix,OCO,HARD,5,-0.1367492090707698,100.7188973991417
2023_Las Vegas Grand Prix__PER__1,2023_Las Vegas Grand Prix,PER,HARD,7,-0.8079355025070648,107.86438430198834
2023_Las Vegas Grand Prix__PER__2,2023_Las Vegas Grand Prix,PER,HARD,5,0.10868592606436352,96.70214858770262
2023_Las Vegas Grand Prix__PER__3,2023_Las Vegas Grand Prix,PER,HARD,5,-0.01041407393563959,98.54754858770269
2023_Las Vegas Grand Prix__PER__4,2023_Las Vegas Grand Prix,PER,HARD,11,-0.1916049830265455,99.06210583022082
2023_Las Vegas Grand Prix__PER__5,2023_Las Vegas Grand Prix,PER,HARD,6,-0.048585502507063436,97.49099673931168
2023_Las Vegas Grand Prix__PIA__1,2023_Las Vegas Grand Prix,PIA,HARD,7,-0.5874712167927802,106.72343387843107
2023_Las Vegas Grand Prix__PIA__4,2023_Las Vegas Grand Prix,PIA,HARD,5,0.21068592606436168,96.58175155260373
2023_Las Vegas Grand Prix__PIA__5,2023_Las Vegas Grand Prix,PIA,HARD,11,-0.1708595284810919,101.11686973442191
2023_Las Vegas Grand Prix__RIC__1,2023_Las Vegas Grand Prix,RIC,MEDIUM,7,-0.33297121679277947,105.00739123306684
2023_Las Vegas Grand Prix__RIC__3,2023_Las Vegas Grand Prix,RIC,HARD,5,-0.05191407393563736,100.01812340473244
2023_Las Vegas Grand Prix__RIC__4,2023_Las Vegas Grand Prix,RIC,HARD,10,-0.2552140739356379,103.16692340473247
2023_Las Vegas Grand Prix__RIC__5,2023_Las Vegas Grand Prix,RIC,HARD,5,-0.3427140739356332,107.84972340473234
2023_Las Vegas Grand Prix__RUS__1,2023_Las Vegas Grand Prix,RUS,MEDIUM,7,-0.4701140739356372,104.477248375924
2023_Las Vegas Grand Prix__RUS__3,2023_Las Vegas Grand Prix,RUS,HARD,5,0.27088592606436207,96.94655155260371
2023_Las Vegas Grand Prix__RUS__4,2023_Las Vegas Grand Prix,RUS,HARD,11,-0.21975952848109176,100.27043310294808
2023_Las Vegas Grand Prix__RUS__5,2023_Las Vegas Grand Prix,RUS,HARD,6,-0.12789978822134904,99.024330072645
2023_Las Vegas Grand Prix__SAI__1,2023_Las Vegas Grand Prix,SAI,HARD,7,-0.6250426453642084,105.4572632969742
2023_Las Vegas Grand Prix__SAI__2,2023_Las Vegas Grand Prix,SAI,HARD,5,-0.09191407393563504,100.84952043983134
2023_Las Vegas Grand Prix__SAI__3,2023_Las Vegas Grand Prix,SAI,HARD,5,0.2777859260643623,94.35712043983139
2023_Las Vegas Grand Prix__SAI__4,2023_Las Vegas Grand Prix,SAI,HARD,11,-0.19609589211745557,100.15566946658443
2023_Las Vegas Grand Prix__SAI__5,2023_Las Vegas Grand Prix,SAI,HARD,5,-0.11931174835424013,98.75813627419541
2023_Las Vegas Grand Prix__SAR__1,2023_Las Vegas Grand Prix,SAR,MEDIUM,7,-0.4332569310784934,104.70539123306683
2023_Las Vegas Grand Prix__SAR__3,2023_Las Vegas Grand Prix,SAR,HARD,5,-0.002014073935639277,98.96335155260374
2023_Las Vegas Grand Prix__SAR__4,2023_Las Vegas Grand Prix,SAR,HARD,10,-0.03662619514775828,99.37618791624008
2023_Las Vegas Grand Prix__STR__1,2023_Las Vegas Grand Prix,STR,HARD,7,-0.6552926453642097,106.21087737090987
2023_Las Vegas Grand Prix__STR__2,2023_Las Vegas Grand Prix,STR,HARD,5,-0.11541407393563649,100.834934513767
2023_Las Vegas Grand Prix__STR__3,2023_Las Vegas Grand Prix,STR,HARD,5,0.05618592606436152,98.23993451376703
2023_Las Vegas Grand Prix__STR__4,2023_Las Vegas Grand Prix,STR,HARD,10,-0.17500195272351646,99.30949370900869
2023_Las Vegas Grand Prix__TSU__3,2023_Las Vegas Grand Prix,TSU,MEDIUM,5,0.2289859260643667,98.60222192228188
2023_Las Vegas Grand Prix__TSU__5,2023_Las Vegas Grand Prix,TSU,HARD,11,-0.33750498302654675,104.89783074535356
2023_Las Vegas Grand Prix__TSU__6,2023_Las Vegas Grand Prix,TSU,HARD,5,-0.11651407393563602,100.71706710898988
2023_Las Vegas Grand Prix__VER__1,2023_Las Vegas Grand Prix,VER,MEDIUM,7,-0.33782835964992225,102.82024837592398
2023_Las Vegas Grand Prix__VER__4,2023_Las Vegas Grand Prix,VER,HARD,5,0.20968592606436123,96.99363747866809
2023_Las Vegas Grand Prix__VER__5,2023_Las Vegas Grand Prix,VER,HARD,11,-0.3428958921174556,100.01243310294808
2023_Las Vegas Grand Prix__VER__6,2023_Las Vegas Grand Prix,VER,HARD,6,-0.03415693107849254,96.78733007264502
2023_Las Vegas Grand Prix__ZHO__1,2023_Las Vegas Grand Prix,ZHO,HARD,7,-0.5699712167927807,106.34381980449542
2023_Las Vegas Grand Prix__ZHO__2,2023_Las Vegas Grand Prix,ZHO,HARD,5,-0.010414073935636755,101.13176266163828
2023_Las Vegas Grand Prix__ZHO__3,2023_Las Vegas Grand Prix,ZHO,HARD,5,0.280485926064361,94.15766266163833
2023_Las Vegas Grand Prix__ZHO__4,2023_Las Vegas Grand Prix,ZHO,MEDIUM,11,-0.14532316484472826,99.89957855749353
2023_Las Vegas Grand Prix__ZHO__5,2023_Las Vegas Grand Prix,ZHO,MEDIUM,5,0.06408592606436658,98.02809673931165
2023_Mexico City Grand Prix__ALB__3,2023_Mexico City Grand Prix,ALB,HARD,23,0.02705391025408629,84.76164645610466
2023_Mexico City Grand Prix__ALB__4,2023_Mexico City Grand Prix,ALB,MEDIUM,12,0.05315515683359407,83.35689052945455
2023_Mexico City Grand Prix__ALB__5,2023_Mexico City Grand Prix,ALB,MEDIUM,16,-0.05793297589642192,85.19841806489953
2023_Mexico City Grand Prix__ALO__3,2023_Mexico City Grand Prix,ALO,MEDIUM,18,0.032221600740887854,84.75488228086041
2023_Mexico City Grand Prix__ALO__5,2023_Mexico City Grand Prix,ALO,HARD,10,-0.07572316484472846,85.54824131871317
2023_Mexico City Grand Prix__BOT__3,2023_Mexico City Grand Prix,BOT,MEDIUM,22,0.031950578802928585,84.72422466050897
2023_Mexico City Grand Prix__BOT__4,2023_Mexico City Grand Prix,BOT,HARD,12,0.028392919071356135,83.70201261671977
2023_Mexico City Grand Prix__BOT__5,2023_Mexico City Grand Prix,BOT,HARD,16,-0.0075846621709316775,84.67377195786884
2023_Mexico City Grand Prix__GAS__3,2023_Mexico City Grand Prix,GAS,MEDIUM,18,0.009921013783661049,84.91862055637512
2023_Mexico City Grand Prix__GAS__5,2023_Mexico City Grand Prix,GAS,HARD,12,0.06823907291751001,83.05023129540314
2023_Mexico City Grand Prix__GAS__6,2023_Mexico City Grand Prix,GAS,HARD,16,0.008193279005539133,84.22001417967573
2023_Mexico City Grand Prix__HAM__3,2023_Mexico City Grand Prix,HAM,MEDIUM,15,0.05157878320721981,83.25687694735257
2023_Mexico City Grand Prix__HAM__4,2023_Mexico City Grand Prix,HAM,HARD,7,0.02677878320721964,83.35511774432584
2023_Mexico City Grand Prix__HAM__5,2023_Mexico City Grand Prix,HAM,MEDIUM,10,0.0429192593976955,82.10067377690252
2023_Mexico City Grand Prix__HAM__6,2023_Mexico City Grand Prix,HAM,MEDIUM,17,-0.04736407393563709,84.29689338474564
2023_Mexico City Grand Prix__HUL__3,2023_Mexico City Grand Prix,HUL,MEDIUM,14,0.013407904086340303,84.83362200229763
2023_Mexico City Grand Prix__HUL__4,2023_Mexico City Grand Prix,HUL,HARD,7,-0.027721216792779203,84.50951753254719
2023_Mexico City Grand Prix__HUL__5,2023_Mexico City Grand Prix,HUL,MEDIUM,12,0.09116564634408306,83.26387319211567
2023_Mexico City Grand Prix__HUL__6,2023_Mexico City Grand Prix,HUL,MEDIUM,16,0.019446220182010348,84.0223547360619
2023_Mexico City Grand Prix__LEC__3,2023_Mexico City Grand Prix,LEC,MEDIUM,22,0.013761420135509092,83.61514052725093
2023_Mexico City Grand Prix__LEC__4,2023_Mexico City Grand Prix,LEC,HARD,9,0.06731334541920211,82.37586185350449
2023_Mexico City Grand Prix__LEC__5,2023_Mexico City Grand Prix,LEC,HARD,17,-0.004327309229754634,83.29194842845706
2023_Mexico City Grand Prix__MAG__3,2023_Mexico City Grand Prix,MAG,MEDIUM,13,0.07438761868453969,84.17516713015553
2023_Mexico City Grand Prix__MAG__4,2023_Mexico City Grand Prix,MAG,HARD,7,0.4032073546357923,82.43073181826146
2023_Mexico City Grand Prix__NOR__4,2023_Mexico City Grand Prix,NOR,HARD,17,0.04908298975336201,83.26291090872674
2023_Mexico City Grand Prix__NOR__5,2023_Mexico City Grand Prix,NOR,MEDIUM,12,-0.04261407393563702,84.07669822176226
2023_Mexico City Grand Prix__NOR__6,2023_Mexico City Grand Prix,NOR,MEDIUM,14,-0.009742522211498733,83.2412646010726
2023_Mexico City Grand Prix__OCO__3,2023_Mexico City Grand Prix,OCO,HARD,23,0.03719817902878937,84.82002195017583
2023_Mexico City Grand Prix__OCO__4,2023_Mexico City Grand Prix,OCO,MEDIUM,12,0.06415166033009757,83.5001587399012
2023_Mexico City Grand Prix__OCO__5,2023_Mexico City Grand Prix,OCO,MEDIUM,15,0.020504808609224177,83.92372933542859
2023_Mexico City Grand Prix__PIA__3,2023_Mexico City Grand Prix,PIA,MEDIUM,16,0.03584474959377443,83.85501707340299
2023_Mexico City Grand Prix__PIA__4,2023_Mexico City Grand Prix,PIA,HARD,6,-0.0063569310784937945,83.69562033705688
2023_Mexico City Grand Prix__PIA__5,2023_Mexico City Grand Prix,PIA,MEDIUM,10,0.024634410912847137,83.18336879387597
2023_Mexico City Grand Prix__PIA__6,2023_Mexico City Grand Prix,PIA,MEDIUM,16,0.01320016755043092,83.14546506932393
2023_Mexico City Grand Prix__RIC__3,2023_Mexico City Grand Prix,RIC,MEDIUM,16,0.03298803132752089,83.74083845111197
2023_Mexico City Grand Prix__RIC__5,2023_Mexico City Grand Prix,RIC,HARD,11,0.08603138060981766,82.07423721083063
2023_Mexico City Grand Prix__RIC__6,2023_Mexico City Grand Prix,RIC,HARD,16,-0.020694259694151198,84.16967090067018
2023_Mexico City Grand Prix__RUS__3,2023_Mexico City Grand Prix,RUS,MEDIUM,15,0.012823097922955452,84.12778065253784
2023_Mexico City Grand Prix__RUS__4,2023_Mexico City Grand Prix,RUS,HARD,5,-0.14261407393563846,84.16619673931172
2023_Mexico City Grand Prix__RUS__5,2023_Mexico City Grand Prix,RUS,MEDIUM,12,0.04269711487555176,82.82470346855375
2023_Mexico City Grand Prix__RUS__6,2023_Mexico City Grand Prix,RUS,MEDIUM,14,0.0003894974929344599,83.44697951750481
2023_Mexico City Grand Prix__SAI__3,2023_Mexico City Grand Prix,SAI,MEDIUM,19,0.021534936357316032,83.76031515570004
2023_Mexico City Grand Prix__SAI__5,2023_Mexico City Grand Prix,SAI,HARD,10,0.05076471394315106,82.62926771629644
2023_Mexico City Grand Prix__SAI__6,2023_Mexico City Grand Prix,SAI,HARD,17,-1.8485700343115634e-05,83.20927573768682
2023_Mexico City Grand Prix__SAR__3,2023_Mexico City Grand Prix,SAR,MEDIUM,12,0.11620760438604125,83.43363165930727
2023_Mexico City Grand Prix__SAR__4,2023_Mexico City Grand Prix,SAR,HARD,8,0.3521835451119829,82.55969113029235
2023_Mexico City Grand Prix__SAR__5,2023_Mexico City Grand Prix,SAR,MEDIUM,12,-0.081914773236336,84.88830675854922
2023_Mexico City Grand Prix__SAR__6,2023_Mexico City Grand Prix,SAR,MEDIUM,14,0.01767887247402169,83.77651520056968
2023_Mexico City Grand Prix__STR__3,2023_Mexico City Grand Prix,STR,MEDIUM,21,0.030166445544882296,84.59629967929686
2023_Mexico City Grand Prix__STR__4,2023_Mexico City Grand Prix,STR,HARD,12,0.01374606592450273,83.8165426293929
2023_Mexico City Grand Prix__STR__5,2023_Mexico City Grand Prix,STR,HARD,16,-0.020025838641519248,85.04063981162244
2023_Mexico City Grand Prix__TSU__3,2023_Mexico City Grand Prix,TSU,HARD,19,0.08848056328833748,82.8437135987412
2023_Mexico City Grand Prix__TSU__4,2023_Mexico City Grand Prix,TSU,HARD,9,0.06301173251597546,82.80563253492339
2023_Mexico City Grand Prix__TSU__5,2023_Mexico City Grand Prix,TSU,HARD,16,0.013478573123186264,83.76884444194425
2023_Mexico City Grand Prix__VER__3,2023_Mexico City Grand Prix,VER,MEDIUM,10,0.06311319879163564,82.75274447982011
2023_Mexico City Grand Prix__VER__4,2023_Mexico City Grand Prix,VER,HARD,10,0.07388017893792599,82.47068836030945
2023_Mexico City Grand Prix__VER__5,2023_Mexico City Grand Prix,VER,HARD,10,0.018130181808618945,82.14553238759643
2023_Mexico City Grand Prix__VER__6,2023_Mexico City Grand Prix,VER,HARD,15,-0.004818307345247954,82.79908151695676
2023_Mexico City Grand Prix__ZHO__3,2023_Mexico City Grand Prix,ZHO,MEDIUM,11,0.056500575745891915,84.45903272533253
2023_Mexico City Grand Prix__ZHO__4,2023_Mexico City Grand Prix,ZHO,HARD,9,0.22095259273103005,83.371778220101
2023_Mexico City Grand Prix__ZHO__5,2023_Mexico City Grand Prix,ZHO,HARD,9,0.1210117325159753,81.89174452834474
2023_Mexico City Grand Prix__ZHO__6,2023_Mexico City Grand Prix,ZHO,HARD,16,-0.0075302504062256595,84.75544505016639
2023_Mexico City Grand Prix__ZHO__7,2023_Mexico City Grand Prix,ZHO,HARD,5,-0.1168140739356389,90.31246710898999
2023_Miami Grand Prix__ALB__1,2023_Miami Grand Prix,ALB,MEDIUM,20,-0.014337163731781996,94.05043006121203
2023_Miami Grand Prix__ALB__2,2023_Miami Grand Prix,ALB,HARD,32,0.0023707359927190395,92.56498120324125
2023_Miami Grand Prix__ALO__1,2023_Miami Grand Prix,ALO,MEDIUM,19,-0.043360462420506805,93.51825277414827
2023_Miami Grand Prix__ALO__2,2023_Miami Grand Prix,ALO,HARD,32,-0.02687452114971343,92.54706348457904
2023_Miami Grand Prix__BOT__1,2023_Miami Grand Prix,BOT,MEDIUM,13,-0.11101090926624325,94.74990944723402
2023_Miami Grand Prix__BOT__2,2023_Miami Grand Prix,BOT,HARD,39,-0.009108619146801012,93.02598828374622
2023_Miami Grand Prix__DEV__1,2023_Miami Grand Prix,DEV,MEDIUM,13,-0.09317574443107783,94.89930505162963
2023_Miami Grand Prix__DEV__2,2023_Miami Grand Prix,DEV,HARD,36,-0.02164088295105818,93.36229152887893
2023_Miami Grand Prix__GAS__1,2023_Miami Grand Prix,GAS,MEDIUM,11,-0.024363997731709778,93.59912455809535
2023_Miami Grand Prix__GAS__2,2023_Miami Grand Prix,GAS,HARD,37,-0.007578497545698205,92.72758857059857
2023_Miami Grand Prix__HAM__1,2023_Miami Grand Prix,HAM,HARD,32,-0.04151000419887171,94.08086475564282
2023_Miami Grand Prix__HAM__2,2023_Miami Grand Prix,HAM,MEDIUM,18,-0.031032915156336393,91.9921074722382
2023_Miami Grand Prix__HUL__1,2023_Miami Grand Prix,HUL,HARD,28,-0.03720487743504973,94.13890543848082
2023_Miami Grand Prix__HUL__2,2023_Miami Grand Prix,HUL,MEDIUM,23,0.04640568891021245,91.91252826128796
2023_Miami Grand Prix__LEC__1,2023_Miami Grand Prix,LEC,MEDIUM,14,-0.08793622333944211,94.37241548775442
2023_Miami Grand Prix__LEC__2,2023_Miami Grand Prix,LEC,HARD,38,-0.023701978411849425,92.97452960674543
2023_Miami Grand Prix__MAG__1,2023_Miami Grand Prix,MAG,MEDIUM,12,-0.05565746806843032,94.0616245624977
2023_Miami Grand Prix__MAG__2,2023_Miami Grand Prix,MAG,HARD,42,-0.008461331046081988,93.0150003400958
2023_Miami Grand Prix__NOR__2,2023_Miami Grand Prix,NOR,HARD,52,-5.0938957407876515e-05,93.22744323091747
2023_Miami Grand Prix__OCO__1,2023_Miami Grand Prix,OCO,HARD,31,-0.020117091153463506,93.63183144070783
2023_Miami Grand Prix__OCO__2,2023_Miami Grand Prix,OCO,MEDIUM,17,-0.014937603347401844,92.18807260167783
2023_Miami Grand Prix__PER__1,2023_Miami Grand Prix,PER,MEDIUM,18,-0.05305435747758633,93.41947660207107
2023_Miami Grand Prix__PER__2,2023_Miami Grand Prix,PER,HARD,34,-0.015526975069157824,91.88932421656054
2023_Miami Grand Prix__PIA__2,2023_Miami Grand Prix,PIA,HARD,48,-0.01881523594460511,94.23276438873661
2023_Miami Grand Prix__RUS__1,2023_Miami Grand Prix,RUS,MEDIUM,13,-0.07441475418132978,93.98164852678153
2023_Miami Grand Prix__RUS__2,2023_Miami Grand Prix,RUS,HARD,38,-0.028922115075305052,92.77285881230323
2023_Miami Grand Prix__SAI__1,2023_Miami Grand Prix,SAI,MEDIUM,16,-0.05239430934067457,93.57725223163375
2023_Miami Grand Prix__SAI__2,2023_Miami Grand Prix,SAI,HARD,34,-0.02342747093646873,92.77638047922612
2023_Miami Grand Prix__SAR__1,2023_Miami Grand Prix,SAR,HARD,50,-0.011944079015980213,93.77205805083466
2023_Miami Grand Prix__STR__1,2023_Miami Grand Prix,STR,HARD,36,-0.04467049742284653,94.30162464502479
2023_Miami Grand Prix__STR__2,2023_Miami Grand Prix,STR,MEDIUM,14,-0.01707561239717607,91.9067416742332
2023_Miami Grand Prix__TSU__1,2023_Miami Grand Prix,TSU,HARD,33,-0.036333572311647105,94.11348903571343
2023_Miami Grand Prix__TSU__2,2023_Miami Grand Prix,TSU,MEDIUM,20,-0.04236896115368265,92.64623720296287
2023_Miami Grand Prix__VER__1,2023_Miami Grand Prix,VER,HARD,40,-0.043685909205949044,93.12415711159491
2023_Miami Grand Prix__VER__2,2023_Miami Grand Prix,VER,MEDIUM,8,-0.07946022778179113,91.57612741145769
2023_Miami Grand Prix__ZHO__1,2023_Miami Grand Prix,ZHO,HARD,27,-0.008930002730944948,93.96325863006689
2023_Miami Grand Prix__ZHO__2,2023_Miami Grand Prix,ZHO,MEDIUM,25,0.001191310679747444,92.39513098501813
2023_Saudi Arabian Grand Prix__ALB__1,2023_Saudi Arabian Grand Prix,ALB,MEDIUM,15,-0.09629000739468,97.6530485519938
2023_Saudi Arabian Grand Prix__ALB__2,2023_Saudi Arabian Grand Prix,ALB,HARD,6,-0.18689978822135178,98.20704721425625
2023_Saudi Arabian Grand Prix__ALO__1,2023_Saudi Arabian Grand Prix,ALO,MEDIUM,14,-0.015050983907782743,94.93012498626064
2023_Saudi Arabian Grand Prix__ALO__2,2023_Saudi Arabian Grand Prix,ALO,HARD,29,-0.06033919708834644,94.82592143428909
2023_Saudi Arabian Grand Prix__BOT__1,2023_Saudi Arabian Grand Prix,BOT,MEDIUM,7,0.060989068382750394,97.26280942695517
2023_Saudi Arabian Grand Prix__BOT__3,2023_Saudi Arabian Grand Prix,BOT,MEDIUM,14,-0.18144264536420887,98.76572340473246
2023_Saudi Arabian Grand Prix__BOT__4,2023_Saudi Arabian Grand Prix,BOT,SOFT,11,0.12403587153873596,94.6467023530622
2023_Saudi Arabian Grand Prix__DEV__1,2023_Saudi Arabian Grand Prix,DEV,MEDIUM,15,-0.16298643596610865,98.35624974246997
2023_Saudi Arabian Grand Prix__DEV__2,2023_Saudi Arabian Grand Prix,DEV,HARD,29,-0.08225151235928246,96.93184163133343
2023_Saudi Arabian Grand Prix__GAS__1,2023_Saudi Arabian Grand Prix,GAS,MEDIUM,11,-0.020055652050327635,96.37093432726383
2023_Saudi Arabian Grand Prix__GAS__3,2023_Saudi Arabian Grand Prix,GAS,HARD,29,-0.06658895078292788,96.13346808959353
2023_Saudi Arabian Grand Prix__HAM__1,2023_Saudi Arabian Grand Prix,HAM,HARD,11,-0.07921167529154849,96.75220032204386
2023_Saudi Arabian Grand Prix__HAM__2,2023_Saudi Arabian Grand Prix,HAM,MEDIUM,27,-0.05894813612131945,94.97553905922642
2023_Saudi Arabian Grand Prix__HUL__1,2023_Saudi Arabian Grand Prix,HUL,MEDIUM,7,-0.12446747638628579,97.35790366823689
2023_Saudi Arabian Grand Prix__HUL__3,2023_Saudi Arabian Grand Prix,HUL,HARD,29,-0.07507811334450416,97.06153297149896
2023_Saudi Arabian Grand Prix__LEC__1,2023_Saudi Arabian Grand Prix,LEC,SOFT,14,-0.10878876711959846,96.49752164929922
2023_Saudi Arabian Grand Prix__LEC__2,2023_Saudi Arabian Grand Prix,LEC,HARD,25,-0.07127868932025236,95.53472517097579
2023_Saudi Arabian Grand Prix__MAG__1,2023_Saudi Arabian Grand Prix,MAG,MEDIUM,6,-0.11641940798731049,97.40859288793109
2023_Saudi Arabian Grand Prix__MAG__2,2023_Saudi Arabian Grand Prix,MAG,HARD,7,-0.08272121679277941,95.95672864158175
2023_Saudi Arabian Grand Prix__MAG__3,2023_Saudi Arabian Grand Prix,MAG,HARD,28,-0.0775593464606649,97.11768010352358
2023_Saudi Arabian Grand Prix__NOR__1,2023_Saudi Arabian Grand Prix,NOR,HARD,11,0.061429984809356,95.53435000108341
2023_Saudi Arabian Grand Prix__NOR__2,2023_Saudi Arabian Grand Prix,NOR,MEDIUM,27,-0.03101970901669809,96.05360753770766
2023_Saudi Arabian Grand Prix__OCO__1,2023_Saudi Arabian Grand Prix,OCO,MEDIUM,13,0.010569550945089249,95.96946828479248
2023_Saudi Arabian Grand Prix__OCO__2,2023_Saudi Arabian Grand Prix,OCO,HARD,27,-0.05046144878301204,95.55515904968966
2023_Saudi Arabian Grand Prix__PER__1,2023_Saudi Arabian Grand Prix,PER,MEDIUM,14,-0.07202136472583673,95.12534783534383
2023_Saudi Arabian Grand Prix__PER__2,2023_Saudi Arabian Grand Prix,PER,HARD,29,-0.005045601029233168,93.12726302537808
2023_Saudi Arabian Grand Prix__PIA__1,2023_Saudi Arabian Grand Prix,PIA,HARD,14,0.08389801397645079,95.14835298330703
2023_Saudi Arabian Grand Prix__PIA__2,2023_Saudi Arabian Grand Prix,PIA,HARD,29,-0.06639978822135141,97.9249175532199
2023_Saudi Arabian Grand Prix__RUS__1,2023_Saudi Arabian Grand Prix,RUS,MEDIUM,14,-0.044207864537537195,95.66645230122407
2023_Saudi Arabian Grand Prix__RUS__2,2023_Saudi Arabian Grand Prix,RUS,HARD,29,-0.06396973896026746,94.97338026675742
2023_Saudi Arabian Grand Prix__SAI__1,2023_Saudi Arabian Grand Prix,SAI,MEDIUM,13,-0.021137282892616516,95.77268966701425
2023_Saudi Arabian Grand Prix__SAI__2,2023_Saudi Arabian Grand Prix,SAI,HARD,28,-0.05983903288473398,95.33244531286644
2023_Saudi Arabian Grand Prix__SAR__1,2023_Saudi Arabian Grand Prix,SAR,HARD,14,-0.12039658264186254,97.95806380049918
2023_Saudi Arabian Grand Prix__SAR__2,2023_Saudi Arabian Grand Prix,SAR,MEDIUM,28,-0.03646109090334373,96.30348212773167
2023_Saudi Arabian Grand Prix__STR__1,2023_Saudi Arabian Grand Prix,STR,MEDIUM,11,0.031384228866102815,95.40561430005899
2023_Saudi Arabian Grand Prix__TSU__1,2023_Saudi Arabian Grand Prix,TSU,MEDIUM,13,-0.13581637783704872,97.67810952307892
2023_Saudi Arabian Grand Prix__TSU__2,2023_Saudi Arabian Grand Prix,TSU,HARD,27,-0.06175149664559987,96.16573211854433
2023_Saudi Arabian Grand Prix__VER__1,2023_Saudi Arabian Grand Prix,VER,MEDIUM,15,-0.17419357882325157,97.00758069485092
2023_Saudi Arabian Grand Prix__VER__2,2023_Saudi Arabian Grand Prix,VER,HARD,26,-0.018121924284400386,93.27037423885008
2023_Saudi Arabian Grand Prix__ZHO__1,2023_Saudi Arabian Grand Prix,ZHO,MEDIUM,6,0.00026498444421130414,96.35140692613264
2023_Saudi Arabian Grand Prix__ZHO__3,2023_Saudi Arabian Grand Prix,ZHO,MEDIUM,29,-0.07008993600460264,96.57988864114166
2023_Singapore Grand Prix__ALB__1,2023_Singapore Grand Prix,ALB,MEDIUM,15,-0.062188706888328976,101.6256637219972
2023_Singapore Grand Prix__ALB__2,2023_Singapore Grand Prix,ALB,HARD,20,-0.05798625438676497,102.08978343856464
2023_Singapore Grand Prix__ALO__1,2023_Singapore Grand Prix,ALO,MEDIUM,16,-0.057428779817989974,101.12739207340299
2023_Singapore Grand Prix__ALO__2,2023_Singapore Grand Prix,ALO,HARD,19,-0.06629641244749301,101.92089091309725
2023_Singapore Grand Prix__ALO__3,2023_Singapore Grand Prix,ALO,SOFT,5,0.24058592606436102,96.95857155634152
2023_Singapore Grand Prix__ALO__4,2023_Singapore Grand Prix,ALO,SOFT,5,-0.016114073935636967,98.8894715563415
2023_Singapore Grand Prix__BOT__1,2023_Singapore Grand Prix,BOT,HARD,16,-0.09845083864151963,102.43143619105005
2023_Singapore Grand Prix__BOT__2,2023_Singapore Grand Prix,BOT,HARD,15,0.05214306892150603,99.95886742354303
2023_Singapore Grand Prix__BOT__4,2023_Singapore Grand Prix,BOT,MEDIUM,5,-0.16951407393563472,100.25029970421278
2023_Singapore Grand Prix__GAS__1,2023_Singapore Grand Prix,GAS,MEDIUM,16,-0.04713613275916633,101.40363177928533
2023_Singapore Grand Prix__GAS__2,2023_Singapore Grand Prix,GAS,HARD,19,-0.08964477792206627,102.17573868928686
2023_Singapore Grand Prix__HAM__1,2023_Singapore Grand Prix,HAM,MEDIUM,15,-0.005015520590248175,100.3879518117287
2023_Singapore Grand Prix__HAM__2,2023_Singapore Grand Prix,HAM,HARD,19,-0.0195210914794965,100.13484083204834
2023_Singapore Grand Prix__HAM__5,2023_Singapore Grand Prix,HAM,MEDIUM,5,0.009985926064362596,97.60154340847025
2023_Singapore Grand Prix__HUL__1,2023_Singapore Grand Prix,HUL,MEDIUM,15,-0.032701385493425925,101.18997229312903
2023_Singapore Grand Prix__HUL__2,2023_Singapore Grand Prix,HUL,HARD,20,-0.04727497619127613,101.95749246112102
2023_Singapore Grand Prix__LAW__1,2023_Singapore Grand Prix,LAW,MEDIUM,16,-0.04149054452387229,101.42054060281475
2023_Singapore Grand Prix__LAW__2,2023_Singapore Grand Prix,LAW,HARD,20,-0.051574976191276184,101.96009246112104
2023_Singapore Grand Prix__LAW__4,2023_Singapore Grand Prix,LAW,HARD,5,0.22398592606436415,93.8182811829255
2023_Singapore Grand Prix__LEC__1,2023_Singapore Grand Prix,LEC,SOFT,15,-0.053424636741509934,100.8455583500031
2023_Singapore Grand Prix__LEC__2,2023_Singapore Grand Prix,LEC,HARD,19,-0.04308249498826886,100.5001390776624
2023_Singapore Grand Prix__LEC__4,2023_Singapore Grand Prix,LEC,HARD,5,0.11478592606436278,95.49948118292554
2023_Singapore Grand Prix__LEC__5,2023_Singapore Grand Prix,LEC,HARD,5,-0.3698140739356376,114.30708118292556
2023_Singapore Grand Prix__MAG__1,2023_Singapore Grand Prix,MAG,MEDIUM,15,-0.027059425694431056,101.0968391272999
2023_Singapore Grand Prix__MAG__2,2023_Singapore Grand Prix,MAG,HARD,19,0.003380437767349391,101.49501193353085
2023_Singapore Grand Prix__MAG__4,2023_Singapore Grand Prix,MAG,SOFT,5,-0.278714073935636,101.37649970421279
2023_Singapore Grand Prix__MAG__5,2023_Singapore Grand Prix,MAG,SOFT,5,0.06878592606436057,97.95019970421284
2023_Singapore Grand Prix__NOR__1,2023_Singapore Grand Prix,NOR,MEDIUM,16,-0.04231701511210735,100.74484354399121
2023_Singapore Grand Prix__NOR__2,2023_Singapore Grand Prix,NOR,HARD,19,-0.01865267042686493,100.13065662152201
2023_Singapore Grand Prix__NOR__4,2023_Singapore Grand Prix,NOR,HARD,5,0.04468592606436062,97.1434811829256
2023_Singapore Grand Prix__NOR__5,2023_Singapore Grand Prix,NOR,HARD,5,0.16928592606436293,92.93028118292554
2023_Singapore Grand Prix__OCO__1,2023_Singapore Grand Prix,OCO,MEDIUM,16,-0.04958613275916621,101.10585677928533
2023_Singapore Grand Prix__OCO__2,2023_Singapore Grand Prix,OCO,HARD,20,-0.07287647995067477,102.0321112581135
2023_Singapore Grand Prix__PER__1,2023_Singapore Grand Prix,PER,HARD,15,-0.03607073222709437,101.25076123785269
2023_Singapore Grand Prix__PER__2,2023_Singapore Grand Prix,PER,HARD,14,-0.044022357959305446,102.39701591607614
2023_Singapore Grand Prix__PIA__1,2023_Singapore Grand Prix,PIA,MEDIUM,16,-0.07915230922975483,101.87761413222651
2023_Singapore Grand Prix__PIA__2,2023_Singapore Grand Prix,PIA,HARD,19,-0.09037946833767276,102.22530255697134
2023_Singapore Grand Prix__PIA__4,2023_Singapore Grand Prix,PIA,HARD,5,0.0033859260643637973,99.0208811829255
2023_Singapore Grand Prix__RUS__1,2023_Singapore Grand Prix,RUS,MEDIUM,16,-0.04172289746504883,100.7453553086971
2023_Singapore Grand Prix__RUS__2,2023_Singapore Grand Prix,RUS,HARD,19,-0.009021091479496767,100.04013030573255
2023_Singapore Grand Prix__RUS__5,2023_Singapore Grand Prix,RUS,MEDIUM,5,0.298285926064365,94.27094340847022
2023_Singapore Grand Prix__SAI__1,2023_Singapore Grand Prix,SAI,MEDIUM,16,-0.07162583864151957,100.85646119105003
2023_Singapore Grand Prix__SAI__2,2023_Singapore Grand Prix,SAI,HARD,19,-0.009140389725110745,100.06226013029394
2023_Singapore Grand Prix__SAI__5,2023_Singapore Grand Prix,SAI,HARD,5,0.1721859260643669,92.99568118292538
2023_Singapore Grand Prix__SAR__1,2023_Singapore Grand Prix,SAR,MEDIUM,15,-0.036748046203173866,101.53820063064319
2023_Singapore Grand Prix__SAR__2,2023_Singapore Grand Prix,SAR,HARD,19,0.005896452380152577,100.06007946738747
2023_Singapore Grand Prix__SAR__4,2023_Singapore Grand Prix,SAR,MEDIUM,5,0.010185926064364997,98.91815748240587
2023_Singapore Grand Prix__SAR__5,2023_Singapore Grand Prix,SAR,MEDIUM,5,0.0417859260643624,98.8459574824059
2023_Singapore Grand Prix__VER__1,2023_Singapore Grand Prix,VER,HARD,16,-0.04837583864151977,101.12483619105005
2023_Singapore Grand Prix__VER__2,2023_Singapore Grand Prix,VER,HARD,16,-0.03475083864151932,101.86120824987357
2023_Singapore Grand Prix__ZHO__1,2023_Singapore Grand Prix,ZHO,HARD,13,0.012072573587693798,100.36041111103907
2023_Singapore Grand Prix__ZHO__2,2023_Singapore Grand Prix,ZHO,MEDIUM,18,-0.03973571629941297,101.68062439090711
2023_Spanish Grand Prix__ALB__1,2023_Spanish Grand Prix,ALB,SOFT,13,-0.0026989034295223095,82.20792714176727
2023_Spanish Grand Prix__ALB__2,2023_Spanish Grand Prix,ALB,HARD,18,0.023716125348982348,80.84609700856078
2023_Spanish Grand Prix__ALB__3,2023_Spanish Grand Prix,ALB,MEDIUM,26,-0.0069809955464883635,79.9331572003941
2023_Spanish Grand Prix__ALO__1,2023_Spanish Grand Prix,ALO,SOFT,12,-0.02633329923379226,81.68543420316709
2023_Spanish Grand Prix__ALO__2,2023_Spanish Grand Prix,ALO,SOFT,23,-0.027550832828917612,80.99164736009101
2023_Spanish Grand Prix__ALO__3,2023_Spanish Grand Prix,ALO,HARD,21,0.055156055934492645,78.55141613574298
2023_Spanish Grand Prix__BOT__2,2023_Spanish Grand Prix,BOT,HARD,31,0.03243107351363273,81.03955018357776
2023_Spanish Grand Prix__BOT__3,2023_Spanish Grand Prix,BOT,HARD,23,0.0353581636881251,79.66166090686131
2023_Spanish Grand Prix__DEV__1,2023_Spanish Grand Prix,DEV,SOFT,7,-0.060903788760106034,82.32484514124087
2023_Spanish Grand Prix__DEV__2,2023_Spanish Grand Prix,DEV,HARD,26,-0.007151232367064967,81.18082172493632
2023_Spanish Grand Prix__DEV__3,2023_Spanish Grand Prix,DEV,MEDIUM,24,0.016413297543875608,79.27418815848614
2023_Spanish Grand Prix__GAS__1,2023_Spanish Grand Prix,GAS,SOFT,16,-0.05171606371690972,82.223583332972
2023_Spanish Grand Prix__GAS__2,2023_Spanish Grand Prix,GAS,MEDIUM,18,0.048195007591710484,80.00013323415735
2023_Spanish Grand Prix__GAS__3,2023_Spanish Grand Prix,GAS,HARD,26,0.031030028628465357,78.93521275250741
2023_Spanish Grand Prix__HAM__1,2023_Spanish Grand Prix,HAM,SOFT,21,-0.01649190338147863,80.91164766534625
2023_Spanish Grand Prix__HAM__2,2023_Spanish Grand Prix,HAM,MEDIUM,24,-0.005401465239984993,79.57564633645835
2023_Spanish Grand Prix__HAM__3,2023_Spanish Grand Prix,HAM,SOFT,13,0.06868182384513016,77.83983218868079
2023_Spanish Grand Prix__HUL__1,2023_Spanish Grand Prix,HUL,SOFT,6,0.20343773486983135,80.51342254046446
2023_Spanish Grand Prix__HUL__2,2023_Spanish Grand Prix,HUL,MEDIUM,15,0.08795109194114019,80.23242447773613
2023_Spanish Grand Prix__HUL__3,2023_Spanish Grand Prix,HUL,HARD,14,0.09881665589791014,78.96429379436931
2023_Spanish Grand Prix__HUL__4,2023_Spanish Grand Prix,HUL,MEDIUM,19,0.029180724147866984,79.09621963161875
2023_Spanish Grand Prix__LEC__1,2023_Spanish Grand Prix,LEC,HARD,12,-0.0038965981186655074,81.71611722872416
2023_Spanish Grand Prix__LEC__2,2023_Spanish Grand Prix,LEC,SOFT,22,-0.006321344902486529,80.70694729009324
2023_Spanish Grand Prix__LEC__3,2023_Spanish Grand Prix,LEC,HARD,22,0.027634368604017252,78.10439033953496
2023_Spanish Grand Prix__MAG__1,2023_Spanish Grand Prix,MAG,SOFT,8,-0.04993861403720721,82.19837729949212
2023_Spanish Grand Prix__MAG__2,2023_Spanish Grand Prix,MAG,MEDIUM,12,0.14592089109932763,80.11722635118635
2023_Spanish Grand Prix__MAG__3,2023_Spanish Grand Prix,MAG,HARD,16,0.1525726907702452,79.0658881224771
2023_Spanish Grand Prix__MAG__4,2023_Spanish Grand Prix,MAG,MEDIUM,21,0.11994047151890821,78.35775510612508
2023_Spanish Grand Prix__NOR__1,2023_Spanish Grand Prix,NOR,HARD,19,0.09709645238015213,80.22026964033422
2023_Spanish Grand Prix__NOR__2,2023_Spanish Grand Prix,NOR,MEDIUM,25,0.011555359551104146,80.13760641550572
2023_Spanish Grand Prix__NOR__3,2023_Spanish Grand Prix,NOR,SOFT,14,0.13623647551491264,77.68753415369629
2023_Spanish Grand Prix__OCO__1,2023_Spanish Grand Prix,OCO,SOFT,10,0.012697920042026248,81.1593134750958
2023_Spanish Grand Prix__OCO__2,2023_Spanish Grand Prix,OCO,MEDIUM,18,0.0051752033620847,80.54266312545535
2023_Spanish Grand Prix__OCO__3,2023_Spanish Grand Prix,OCO,HARD,29,-0.009631689402876712,79.85893344660849
2023_Spanish Grand Prix__PER__1,2023_Spanish Grand Prix,PER,MEDIUM,25,-0.027172880135899403,81.52198744197642
2023_Spanish Grand Prix__PER__2,2023_Spanish Grand Prix,PER,HARD,20,0.02591260684398196,79.09507548966982
2023_Spanish Grand Prix__PER__3,2023_Spanish Grand Prix,PER,SOFT,15,0.13815378320722035,77.10028158390404
2023_Spanish Grand Prix__PIA__1,2023_Spanish Grand Prix,PIA,SOFT,15,-0.06423286453753677,82.32599999535458
2023_Spanish Grand Prix__PIA__2,2023_Spanish Grand Prix,PIA,HARD,20,0.024323520049325444,80.42979107390536
2023_Spanish Grand Prix__PIA__3,2023_Spanish Grand Prix,PIA,MEDIUM,21,0.018747474674901315,79.28236345242895
2023_Spanish Grand Prix__RUS__1,2023_Spanish Grand Prix,RUS,SOFT,23,-0.026794321684628027,81.28126402752133
2023_Spanish Grand Prix__RUS__2,2023_Spanish Grand Prix,RUS,MEDIUM,17,0.02627850635229207,79.36213905245
2023_Spanish Grand Prix__RUS__3,2023_Spanish Grand Prix,RUS,SOFT,20,0.03989118922225764,78.22524524055203
2023_Spanish Grand Prix__SAI__1,2023_Spanish Grand Prix,SAI,SOFT,13,0.015126453371119643,80.58866195525255
2023_Spanish Grand Prix__SAI__2,2023_Spanish Grand Prix,SAI,MEDIUM,22,0.014257273016559843,80.23090782700874
2023_Spanish Grand Prix__SAI__3,2023_Spanish Grand Prix,SAI,HARD,23,-0.0045523221550643825,79.17203491047113
2023_Spanish Grand Prix__SAR__1,2023_Spanish Grand Prix,SAR,MEDIUM,14,0.046095701564713605,81.83232385791084
2023_Spanish Grand Prix__SAR__2,2023_Spanish Grand Prix,SAR,HARD,17,0.08261876920161794,80.32301850277167
2023_Spanish Grand Prix__SAR__3,2023_Spanish Grand Prix,SAR,HARD,25,0.05069446359839636,79.61328666895574
2023_Spanish Grand Prix__STR__1,2023_Spanish Grand Prix,STR,SOFT,11,0.05410806599958431,80.49780408760984
2023_Spanish Grand Prix__STR__2,2023_Spanish Grand Prix,STR,SOFT,16,0.03136396528004927,80.18226118167959
2023_Spanish Grand Prix__STR__3,2023_Spanish Grand Prix,STR,HARD,30,-0.01868993600460263,79.98123587196454
2023_Spanish Grand Prix__TSU__1,2023_Spanish Grand Prix,TSU,SOFT,8,-0.09889099498959035,82.03686539473024
2023_Spanish Grand Prix__TSU__2,2023_Spanish Grand Prix,TSU,HARD,19,0.03693298949427715,80.02283022298667
2023_Spanish Grand Prix__TSU__3,2023_Spanish Grand Prix,TSU,MEDIUM,29,-0.026472496815451947,80.30620069601639
2023_Spanish Grand Prix__VER__1,2023_Spanish Grand Prix,VER,MEDIUM,23,-0.013633669696703262,80.43332047028429
2023_Spanish Grand Prix__VER__2,2023_Spanish Grand Prix,VER,HARD,24,0.014657665194797923,79.08070326105084
2023_Spanish Grand Prix__VER__3,2023_Spanish Grand Prix,VER,SOFT,12,0.055302554346260614,77.61200240106093
2023_Spanish Grand Prix__ZHO__1,2023_Spanish Grand Prix,ZHO,SOFT,6,-0.044439503045820915,81.78642936358281
2023_Spanish Grand Prix__ZHO__2,2023_Spanish Grand Prix,ZHO,HARD,24,0.00636350961192064,80.77000823272141
2023_Spanish Grand Prix__ZHO__3,2023_Spanish Grand Prix,ZHO,HARD,26,0.01331932488179709,79.28492418046035
2024_Abu Dhabi Grand Prix__ALB__1,2024_Abu Dhabi Grand Prix,ALB,MEDIUM,8,0.10630926029562328,89.75293599137989
2024_Abu Dhabi Grand Prix__ALB__2,2024_Abu Dhabi Grand Prix,ALB,HARD,16,0.028962396652597554,89.97202964218413
2024_Abu Dhabi Grand Prix__ALB__3,2024_Abu Dhabi Grand Prix,ALB,HARD,25,0.05239746452590124,88.68495342046467
2024_Abu Dhabi Grand Prix__ALO__1,2024_Abu Dhabi Grand Prix,ALO,MEDIUM,9,0.29528841528847755,87.72790292570818
2024_Abu Dhabi Grand Prix__ALO__2,2024_Abu Dhabi Grand Prix,ALO,HARD,15,0.0026930689215058715,90.01395968420093
2024_Abu Dhabi Grand Prix__ALO__3,2024_Abu Dhabi Grand Prix,ALO,HARD,5,0.1161184842038972,87.89715436858631
2024_Abu Dhabi Grand Prix__ALO__4,2024_Abu Dhabi Grand Prix,ALO,HARD,18,-0.02307105361385329,89.12620208581868
2024_Abu Dhabi Grand Prix__BOT__2,2024_Abu Dhabi Grand Prix,BOT,HARD,22,0.08080772166007139,89.34354311143981
2024_Abu Dhabi Grand Prix__COL__1,2024_Abu Dhabi Grand Prix,COL,HARD,19,0.0320085133333566,89.96091712110889
2024_Abu Dhabi Grand Prix__DOO__1,2024_Abu Dhabi Grand Prix,DOO,MEDIUM,16,0.043535216092103576,90.34225235444994
2024_Abu Dhabi Grand Prix__DOO__2,2024_Abu Dhabi Grand Prix,DOO,HARD,5,0.0954126552142915,89.83155995165397
2024_Abu Dhabi Grand Prix__DOO__3,2024_Abu Dhabi Grand Prix,DOO,HARD,23,-0.0038756963584911973,90.37573292832774
2024_Abu Dhabi Grand Prix__GAS__1,2024_Abu Dhabi Grand Prix,GAS,MEDIUM,9,0.09535504371142184,89.0976044117647
2024_Abu Dhabi Grand Prix__GAS__2,2024_Abu Dhabi Grand Prix,GAS,HARD,13,-0.0028049099967034415,90.10623094892374
2024_Abu Dhabi Grand Prix__GAS__3,2024_Abu Dhabi Grand Prix,GAS,HARD,22,0.015748488253417514,89.43219090022447
2024_Abu Dhabi Grand Prix__HAM__1,2024_Abu Dhabi Grand Prix,HAM,HARD,24,-0.022343323277777504,90.47403818462622
2024_Abu Dhabi Grand Prix__HAM__3,2024_Abu Dhabi Grand Prix,HAM,MEDIUM,20,-0.005861255531553502,88.15000884935176
2024_Abu Dhabi Grand Prix__HUL__1,2024_Abu Dhabi Grand Prix,HUL,MEDIUM,9,0.22140819348528734,88.36379696839145
2024_Abu Dhabi Grand Prix__HUL__2,2024_Abu Dhabi Grand Prix,HUL,HARD,14,0.007772598815562464,89.97903907678179
2024_Abu Dhabi Grand Prix__HUL__3,2024_Abu Dhabi Grand Prix,HUL,HARD,23,0.02673255474432479,89.14432663047963
2024_Abu Dhabi Grand Prix__LAW__1,2024_Abu Dhabi Grand Prix,LAW,MEDIUM,17,0.05873443207219033,89.91050554870004
2024_Abu Dhabi Grand Prix__LAW__3,2024_Abu Dhabi Grand Prix,LAW,HARD,23,-0.011189219619334083,89.83575744868754
2024_Abu Dhabi Grand Prix__LEC__1,2024_Abu Dhabi Grand Prix,LEC,MEDIUM,16,0.02513299685225472,89.51720018311077
2024_Abu Dhabi Grand Prix__LEC__2,2024_Abu Dhabi Grand Prix,LEC,HARD,8,-0.20913432742499768,90.5180705808883
2024_Abu Dhabi Grand Prix__LEC__3,2024_Abu Dhabi Grand Prix,LEC,HARD,25,0.0059082337566704795,88.63406313667186
2024_Abu Dhabi Grand Prix__MAG__1,2024_Abu Dhabi Grand Prix,MAG,MEDIUM,8,0.26367875241897654,88.52528513315954
2024_Abu Dhabi Grand Prix__MAG__2,2024_Abu Dhabi Grand Prix,MAG,HARD,12,0.06201263283177777,89.70214742102542
2024_Abu Dhabi Grand Prix__MAG__3,2024_Abu Dhabi Grand Prix,MAG,SOFT,22,0.11643623855031225,88.43278964290836
2024_Abu Dhabi Grand Prix__NOR__1,2024_Abu Dhabi Grand Prix,NOR,MEDIUM,20,0.01859513831970515,88.97272688291031
2024_Abu Dhabi Grand Prix__NOR__3,2024_Abu Dhabi Grand Prix,NOR,HARD,26,-0.0014752705168338315,88.41523544519481
2024_Abu Dhabi Grand Prix__PIA__1,2024_Abu Dhabi Grand Prix,PIA,HARD,24,0.037483512177554586,89.34547006866907
2024_Abu Dhabi Grand Prix__PIA__3,2024_Abu Dhabi Grand Prix,PIA,HARD,21,-0.009636079090996152,88.79001687644312
2024_Abu Dhabi Grand Prix__RUS__1,2024_Abu Dhabi Grand Prix,RUS,MEDIUM,22,0.028081317938217693,89.61160143837057
2024_Abu Dhabi Grand Prix__RUS__3,2024_Abu Dhabi Grand Prix,RUS,HARD,24,0.005672802577679982,88.77298949333124
2024_Abu Dhabi Grand Prix__SAI__1,2024_Abu Dhabi Grand Prix,SAI,MEDIUM,20,0.013402146895324717,89.13982939669891
2024_Abu Dhabi Grand Prix__SAI__3,2024_Abu Dhabi Grand Prix,SAI,HARD,26,-0.002315612397175596,88.64363584391678
2024_Abu Dhabi Grand Prix__STR__1,2024_Abu Dhabi Grand Prix,STR,MEDIUM,7,0.1562827837459762,89.18457140152223
2024_Abu Dhabi Grand Prix__STR__2,2024_Abu Dhabi Grand Prix,STR,HARD,17,0.033150011278172756,89.96361981200884
2024_Abu Dhabi Grand Prix__STR__4,2024_Abu Dhabi Grand Prix,STR,HARD,21,0.005819193741776642,89.43079235676005
2024_Abu Dhabi Grand Prix__TSU__1,2024_Abu Dhabi Grand Prix,TSU,MEDIUM,17,0.07074517403184255,90.03701626016262
2024_Abu Dhabi Grand Prix__TSU__2,2024_Abu Dhabi Grand Prix,TSU,HARD,6,-0.05298550250706618,90.27699513532073
2024_Abu Dhabi Grand Prix__TSU__3,2024_Abu Dhabi Grand Prix,TSU,HARD,26,0.030601675309134612,89.49569648240872
2024_Abu Dhabi Grand Prix__VER__1,2024_Abu Dhabi Grand Prix,VER,MEDIUM,25,0.021486529222513668,89.73026586886618
2024_Abu Dhabi Grand Prix__VER__2,2024_Abu Dhabi Grand Prix,VER,HARD,25,-0.009898784809855624,88.73121248463653
2024_Abu Dhabi Grand Prix__ZHO__1,2024_Abu Dhabi Grand Prix,ZHO,MEDIUM,8,0.11751030773508664,89.52205780287913
2024_Abu Dhabi Grand Prix__ZHO__2,2024_Abu Dhabi Grand Prix,ZHO,HARD,16,0.015506514299656922,90.16873552453706
2024_Abu Dhabi Grand Prix__ZHO__3,2024_Abu Dhabi Grand Prix,ZHO,HARD,8,-0.10361407393563571,92.62738111277233
2024_Abu Dhabi Grand Prix__ZHO__4,2024_Abu Dhabi Grand Prix,ZHO,HARD,15,-0.0031004549778102263,89.09722356744147
2024_Australian Grand Prix__ALB__2,2024_Australian Grand Prix,ALB,HARD,8,-0.10229740726897114,83.92012821802446
2024_Australian Grand Prix__ALB__3,2024_Australian Grand Prix,ALB,HARD,8,0.12937402130245806,81.1803496465959
2024_Australian Grand Prix__ALB__4,2024_Australian Grand Prix,ALB,HARD,25,-0.030995108702485084,83.13500673853476
2024_Australian Grand Prix__ALO__1,2024_Australian Grand Prix,ALO,HARD,15,-0.025990007394680062,83.41080522605513
2024_Australian Grand Prix__ALO__2,2024_Australian Grand Prix,ALO,MEDIUM,21,0.010095016973453946,82.62946475139536
2024_Australian Grand Prix__ALO__3,2024_Australian Grand Prix,ALO,HARD,13,-0.050462157559330874,81.94060109794103
2024_Australian Grand Prix__BOT__1,2024_Australian Grand Prix,BOT,MEDIUM,6,-0.11333369370159688,84.17737420068032
2024_Australian Grand Prix__BOT__2,2024_Australian Grand Prix,BOT,HARD,6,0.0347573546357905,83.0354546202793
2024_Australian Grand Prix__BOT__3,2024_Australian Grand Prix,BOT,HARD,17,0.04757100358374314,82.01848972548416
2024_Australian Grand Prix__BOT__4,2024_Australian Grand Prix,BOT,HARD,16,0.004300737293791553,82.1552558063445
2024_Australian Grand Prix__GAS__1,2024_Australian Grand Prix,GAS,MEDIUM,15,0.051220706891034286,83.71765212342235
2024_Australian Grand Prix__GAS__2,2024_Australian Grand Prix,GAS,HARD,18,0.015550012751669201,82.9520187607696
2024_Australian Grand Prix__GAS__3,2024_Australian Grand Prix,GAS,HARD,11,-0.020174224311576665,81.83504502877341
2024_Australian Grand Prix__HAM__1,2024_Australian Grand Prix,HAM,SOFT,5,-0.1468215416079801,83.97399999999999
2024_Australian Grand Prix__HAM__2,2024_Australian Grand Prix,HAM,HARD,7,0.09488592606436182,82.70902128694598
2024_Australian Grand Prix__HUL__1,2024_Australian Grand Prix,HUL,HARD,12,0.011046138922542996,83.80599554184967
2024_Australian Grand Prix__HUL__2,2024_Australian Grand Prix,HUL,MEDIUM,16,0.07239033782906847,82.31391899296773
2024_Australian Grand Prix__HUL__3,2024_Australian Grand Prix,HUL,HARD,19,0.02521603632729748,81.86900824182992
2024_Australian Grand Prix__LEC__1,2024_Australian Grand Prix,LEC,MEDIUM,7,-0.009368074474391853,82.73330942695516
2024_Australian Grand Prix__LEC__2,2024_Australian Grand Prix,LEC,HARD,6,-0.06455693107849438,82.39051218669374
2024_Australian Grand Prix__LEC__3,2024_Australian Grand Prix,LEC,HARD,14,0.019782491454058734,81.72285079146194
2024_Australian Grand Prix__LEC__4,2024_Australian Grand Prix,LEC,HARD,19,-0.040506924695244126,81.26868745435031
2024_Australian Grand Prix__MAG__1,2024_Australian Grand Prix,MAG,MEDIUM,5,-0.03662154160798253,83.9282
2024_Australian Grand Prix__MAG__2,2024_Australian Grand Prix,MAG,HARD,8,-0.014661692983256489,83.43417604885072
2024_Australian Grand Prix__MAG__3,2024_Australian Grand Prix,MAG,HARD,14,0.047851729173171285,82.50099885911472
2024_Australian Grand Prix__MAG__4,2024_Australian Grand Prix,MAG,HARD,22,0.061230646561257145,81.71523012464199
2024_Australian Grand Prix__NOR__1,2024_Australian Grand Prix,NOR,MEDIUM,12,0.016825049414086603,82.61000568137884
2024_Australian Grand Prix__NOR__3,2024_Australian Grand Prix,NOR,HARD,21,-0.004156931078493989,81.96009398618928
2024_Australian Grand Prix__NOR__4,2024_Australian Grand Prix,NOR,HARD,15,-0.025960502507066403,80.90307806386274
2024_Australian Grand Prix__OCO__1,2024_Australian Grand Prix,OCO,MEDIUM,7,-0.20465378876010776,84.61730942695516
2024_Australian Grand Prix__OCO__2,2024_Australian Grand Prix,OCO,HARD,5,-0.01651407393563887,83.13143599621755
2024_Australian Grand Prix__OCO__3,2024_Australian Grand Prix,OCO,HARD,21,0.03211860319134897,82.67196156988726
2024_Australian Grand Prix__OCO__4,2024_Australian Grand Prix,OCO,HARD,11,0.09775899759311465,80.71412365032856
2024_Australian Grand Prix__PER__1,2024_Australian Grand Prix,PER,MEDIUM,12,0.00873064381968127,83.05896372333686
2024_Australian Grand Prix__PER__3,2024_Australian Grand Prix,PER,HARD,15,0.07380939545211797,81.28581970817203
2024_Australian Grand Prix__PER__4,2024_Australian Grand Prix,PER,HARD,20,0.02992652756812211,81.04260315659775
2024_Australian Grand Prix__PIA__1,2024_Australian Grand Prix,PIA,MEDIUM,7,-0.009368074474392387,82.77702371266945
2024_Australian Grand Prix__PIA__2,2024_Australian Grand Prix,PIA,HARD,6,-0.19015693107849274,83.3795357844389
2024_Australian Grand Prix__PIA__3,2024_Australian Grand Prix,PIA,HARD,18,0.02018135619813892,81.77274121359619
2024_Australian Grand Prix__PIA__4,2024_Australian Grand Prix,PIA,HARD,16,-0.025830250406225157,81.15308520502525
2024_Australian Grand Prix__RIC__2,2024_Australian Grand Prix,RIC,HARD,8,-0.10447121679278143,83.78996372053153
2024_Australian Grand Prix__RIC__3,2024_Australian Grand Prix,RIC,HARD,10,0.10219198667042348,81.53588017074796
2024_Australian Grand Prix__RIC__4,2024_Australian Grand Prix,RIC,HARD,23,-0.021216968433823324,82.6379511846753
2024_Australian Grand Prix__RUS__1,2024_Australian Grand Prix,RUS,MEDIUM,6,-0.0974194079873119,83.53725955459777
2024_Australian Grand Prix__RUS__2,2024_Australian Grand Prix,RUS,HARD,7,0.18777878320722097,82.29980007015318
2024_Australian Grand Prix__RUS__3,2024_Australian Grand Prix,RUS,HARD,24,-0.03512929132694141,83.63763122957347
2024_Australian Grand Prix__RUS__4,2024_Australian Grand Prix,RUS,HARD,10,0.027537441215878193,80.87064448604976
2024_Australian Grand Prix__SAI__1,2024_Australian Grand Prix,SAI,MEDIUM,13,-0.025909049699144603,82.58966956137552
2024_Australian Grand Prix__SAI__2,2024_Australian Grand Prix,SAI,HARD,22,0.012122233235452723,81.5224700591311
2024_Australian Grand Prix__SAI__3,2024_Australian Grand Prix,SAI,HARD,15,0.0376930689215054,80.48142134456288
2024_Australian Grand Prix__STR__1,2024_Australian Grand Prix,STR,MEDIUM,6,-0.1035908365587391,83.7642884863946
2024_Australian Grand Prix__STR__2,2024_Australian Grand Prix,STR,HARD,7,0.25252878320722105,81.78594985837454
2024_Australian Grand Prix__STR__3,2024_Australian Grand Prix,STR,HARD,17,0.03445927935777582,82.49105785666369
2024_Australian Grand Prix__STR__4,2024_Australian Grand Prix,STR,HARD,18,-0.056895807681766886,82.41270704914696
2024_Australian Grand Prix__TSU__1,2024_Australian Grand Prix,TSU,MEDIUM,7,-0.07443950304582155,83.65338085552659
2024_Australian Grand Prix__TSU__2,2024_Australian Grand Prix,TSU,HARD,6,0.10001449749293354,82.56594075812232
2024_Australian Grand Prix__TSU__3,2024_Australian Grand Prix,TSU,HARD,17,0.04102563194671575,82.5434507020999
2024_Australian Grand Prix__TSU__4,2024_Australian Grand Prix,TSU,HARD,18,-0.01126044546527606,82.06621745348733
2024_Australian Grand Prix__ZHO__2,2024_Australian Grand Prix,ZHO,HARD,8,-0.10916169298325641,84.23495181576963
2024_Australian Grand Prix__ZHO__3,2024_Australian Grand Prix,ZHO,HARD,11,-0.04795859006466996,84.2403593887343
2024_Australian Grand Prix__ZHO__4,2024_Australian Grand Prix,ZHO,HARD,17,-0.010169997896733767,82.4520821428565
2024_Azerbaijan Grand Prix__ALB__1,2024_Azerbaijan Grand Prix,ALB,HARD,29,-0.018680613185254664,109.89147713356759
2024_Azerbaijan Grand Prix__ALB__3,2024_Azerbaijan Grand Prix,ALB,MEDIUM,12,-0.07380377055369831,108.81705566270934
2024_Azerbaijan Grand Prix__ALO__1,2024_Azerbaijan Grand Prix,ALO,MEDIUM,9,-0.13486407393563676,110.72925296282453
2024_Azerbaijan Grand Prix__ALO__2,2024_Azerbaijan Grand Prix,ALO,HARD,23,0.005909641479382749,109.32648376657247
2024_Azerbaijan Grand Prix__ALO__3,2024_Azerbaijan Grand Prix,ALO,HARD,12,-0.06537281519437789,110.14410168488605
2024_Azerbaijan Grand Prix__BEA__1,2024_Azerbaijan Grand Prix,BEA,MEDIUM,12,-0.02811289895222624,110.75648807609427
2024_Azerbaijan Grand Prix__BEA__2,2024_Azerbaijan Grand Prix,BEA,HARD,19,-0.033906663356390636,109.1153798614529
2024_Azerbaijan Grand Prix__BEA__3,2024_Azerbaijan Grand Prix,BEA,HARD,12,-0.2769700360769827,116.6689521064755
2024_Azerbaijan Grand Prix__BOT__1,2024_Azerbaijan Grand Prix,BOT,MEDIUM,9,-0.19891345162960733,113.57191119648137
2024_Azerbaijan Grand Prix__BOT__2,2024_Azerbaijan Grand Prix,BOT,HARD,21,-0.01837999807772006,110.09466227087843
2024_Azerbaijan Grand Prix__BOT__3,2024_Azerbaijan Grand Prix,BOT,HARD,12,0.046018793197230685,107.8231739459583
2024_Azerbaijan Grand Prix__COL__1,2024_Azerbaijan Grand Prix,COL,MEDIUM,8,-0.16910439169526137,110.81331708038272
2024_Azerbaijan Grand Prix__COL__2,2024_Azerbaijan Grand Prix,COL,HARD,23,-0.007682477127505151,109.43700612488907
2024_Azerbaijan Grand Prix__COL__3,2024_Azerbaijan Grand Prix,COL,HARD,12,-0.22418750050906353,115.87349562427998
2024_Azerbaijan Grand Prix__GAS__1,2024_Azerbaijan Grand Prix,GAS,HARD,32,-0.03453073209348339,110.68865573599068
2024_Azerbaijan Grand Prix__GAS__2,2024_Azerbaijan Grand Prix,GAS,HARD,12,-0.05882036764193046,111.3983508158508
2024_Azerbaijan Grand Prix__HAM__1,2024_Azerbaijan Grand Prix,HAM,MEDIUM,9,-0.06670176341117108,110.55392641612778
2024_Azerbaijan Grand Prix__HAM__2,2024_Azerbaijan Grand Prix,HAM,HARD,21,-0.03896381633777809,109.0987939874407
2024_Azerbaijan Grand Prix__HAM__3,2024_Azerbaijan Grand Prix,HAM,HARD,12,-0.2266834533439816,115.49864207068252
2024_Azerbaijan Grand Prix__HUL__1,2024_Azerbaijan Grand Prix,HUL,MEDIUM,12,0.002629926433580066,109.7743271058776
2024_Azerbaijan Grand Prix__HUL__2,2024_Azerbaijan Grand Prix,HUL,HARD,19,0.0014935843939253752,108.73496914003901
2024_Azerbaijan Grand Prix__HUL__3,2024_Azerbaijan Grand Prix,HUL,HARD,10,-0.06683268865425201,110.29857893425549
2024_Azerbaijan Grand Prix__LEC__1,2024_Azerbaijan Grand Prix,LEC,MEDIUM,13,-0.02091077723234031,108.5406813186813
2024_Azerbaijan Grand Prix__LEC__2,2024_Azerbaijan Grand Prix,LEC,HARD,16,-0.005416817470105835,107.86313345307522
2024_Azerbaijan Grand Prix__LEC__3,2024_Azerbaijan Grand Prix,LEC,HARD,12,0.07145732327323931,106.26272192685612
2024_Azerbaijan Grand Prix__NOR__1,2024_Azerbaijan Grand Prix,NOR,HARD,32,-0.031128373282881712,109.72315074373421
2024_Azerbaijan Grand Prix__NOR__2,2024_Azerbaijan Grand Prix,NOR,MEDIUM,11,0.03264047151890851,105.95313380983598
2024_Azerbaijan Grand Prix__OCO__1,2024_Azerbaijan Grand Prix,OCO,HARD,30,-0.06415036418794368,112.03915601870084
2024_Azerbaijan Grand Prix__OCO__2,2024_Azerbaijan Grand Prix,OCO,HARD,11,0.019722289700726637,108.73079676726147
2024_Azerbaijan Grand Prix__PER__1,2024_Azerbaijan Grand Prix,PER,MEDIUM,10,-0.003326195147757818,108.82924242424241
2024_Azerbaijan Grand Prix__PER__2,2024_Azerbaijan Grand Prix,PER,HARD,20,0.012393583997357786,107.82405752801955
2024_Azerbaijan Grand Prix__PER__3,2024_Azerbaijan Grand Prix,PER,HARD,13,0.013882848726857902,107.63471325485058
2024_Azerbaijan Grand Prix__PIA__1,2024_Azerbaijan Grand Prix,PIA,MEDIUM,13,0.061185501542737046,108.23528421513863
2024_Azerbaijan Grand Prix__PIA__2,2024_Azerbaijan Grand Prix,PIA,HARD,19,0.008872742553314699,107.93348261081205
2024_Azerbaijan Grand Prix__PIA__3,2024_Azerbaijan Grand Prix,PIA,HARD,13,-0.032751436572999885,108.91071196788853
2024_Azerbaijan Grand Prix__RIC__1,2024_Azerbaijan Grand Prix,RIC,HARD,33,-0.04783205625914395,111.33858900247469
2024_Azerbaijan Grand Prix__RIC__2,2024_Azerbaijan Grand Prix,RIC,HARD,12,0.06662368830212509,106.27893808325966
2024_Azerbaijan Grand Prix__RUS__1,2024_Azerbaijan Grand Prix,RUS,MEDIUM,10,0.045223194873132797,109.18655028507065
2024_Azerbaijan Grand Prix__RUS__2,2024_Azerbaijan Grand Prix,RUS,HARD,22,-0.02712431836698424,108.93599559057812
2024_Azerbaijan Grand Prix__RUS__3,2024_Azerbaijan Grand Prix,RUS,HARD,11,-0.0582832468679688,109.09334539848668
2024_Azerbaijan Grand Prix__SAI__1,2024_Azerbaijan Grand Prix,SAI,MEDIUM,15,0.008301011886399626,108.88136173837755
2024_Azerbaijan Grand Prix__SAI__2,2024_Azerbaijan Grand Prix,SAI,HARD,15,-0.05383875098555808,108.48434013204105
2024_Azerbaijan Grand Prix__SAI__3,2024_Azerbaijan Grand Prix,SAI,HARD,13,0.021482570449093755,107.21242686011243
2024_Azerbaijan Grand Prix__STR__1,2024_Azerbaijan Grand Prix,STR,HARD,19,0.032242445177352086,109.88103166458703
2024_Azerbaijan Grand Prix__STR__2,2024_Azerbaijan Grand Prix,STR,HARD,9,0.01228034720489267,108.98333071904304
2024_Azerbaijan Grand Prix__STR__3,2024_Azerbaijan Grand Prix,STR,HARD,8,0.08120868814870999,107.71967158482121
2024_Azerbaijan Grand Prix__TSU__1,2024_Azerbaijan Grand Prix,TSU,MEDIUM,8,-0.26575285365506457,113.71584821214134
2024_Azerbaijan Grand Prix__VER__1,2024_Azerbaijan Grand Prix,VER,MEDIUM,10,-0.018437184894373352,109.30654648739561
2024_Azerbaijan Grand Prix__VER__2,2024_Azerbaijan Grand Prix,VER,HARD,21,0.04945778583672449,108.01842232616126
2024_Azerbaijan Grand Prix__VER__3,2024_Azerbaijan Grand Prix,VER,HARD,12,0.029606205784642525,106.7933292479705
2024_Azerbaijan Grand Prix__ZHO__1,2024_Azerbaijan Grand Prix,ZHO,HARD,29,-0.05563255991332502,111.71889690363375
2024_Azerbaijan Grand Prix__ZHO__2,2024_Azerbaijan Grand Prix,ZHO,MEDIUM,13,0.009361896484048646,108.41063838967577
2024_Bahrain Grand Prix__ALB__1,2024_Bahrain Grand Prix,ALB,SOFT,7,-0.00018602604548942733,98.52870545684202
2024_Bahrain Grand Prix__ALB__3,2024_Bahrain Grand Prix,ALB,HARD,19,0.030875399748573455,97.72647260523532
2024_Bahrain Grand Prix__ALB__4,2024_Bahrain Grand Prix,ALB,HARD,16,0.05573496396523746,95.79777541686497
2024_Bahrain Grand Prix__ALO__1,2024_Bahrain Grand Prix,ALO,SOFT,8,0.00862090977231507,98.26031218922282
2024_Bahrain Grand Prix__ALO__3,2024_Bahrain Grand Prix,ALO,HARD,24,0.03109809997740634,97.0125538714443
2024_Bahrain Grand Prix__ALO__4,2024_Bahrain Grand Prix,ALO,HARD,15,0.03285021177864828,95.03200705884859
2024_Bahrain Grand Prix__BOT__1,2024_Bahrain Grand Prix,BOT,SOFT,7,0.10818409914983237,98.19066388849947
2024_Bahrain Grand Prix__BOT__3,2024_Bahrain Grand Prix,BOT,HARD,11,0.10846855764330958,96.94809430072642
2024_Bahrain Grand Prix__BOT__4,2024_Bahrain Grand Prix,BOT,HARD,21,0.03737551617496792,96.55131216956602
2024_Bahrain Grand Prix__GAS__1,2024_Bahrain Grand Prix,GAS,SOFT,8,0.08900186215326841,98.43057968044451
2024_Bahrain Grand Prix__GAS__3,2024_Bahrain Grand Prix,GAS,HARD,17,0.08148641626044119,97.33841240186162
2024_Bahrain Grand Prix__GAS__4,2024_Bahrain Grand Prix,GAS,HARD,10,0.051161683640120956,96.4262839453911
2024_Bahrain Grand Prix__GAS__5,2024_Bahrain Grand Prix,GAS,SOFT,12,0.09052578620422218,95.13350853135694
2024_Bahrain Grand Prix__HAM__1,2024_Bahrain Grand Prix,HAM,SOFT,7,0.025295858012481656,98.04827078135533
2024_Bahrain Grand Prix__HAM__3,2024_Bahrain Grand Prix,HAM,HARD,19,0.012142066415240032,96.83427623055098
2024_Bahrain Grand Prix__HAM__4,2024_Bahrain Grand Prix,HAM,HARD,20,0.06064586528948339,94.82723506653308
2024_Bahrain Grand Prix__HUL__1,2024_Bahrain Grand Prix,HUL,HARD,5,0.10872313536668834,97.0044648667724
2024_Bahrain Grand Prix__HUL__2,2024_Bahrain Grand Prix,HUL,HARD,9,0.05143592606436231,97.16431525436931
2024_Bahrain Grand Prix__HUL__3,2024_Bahrain Grand Prix,HUL,HARD,18,0.030299421615868686,96.65776575790677
2024_Bahrain Grand Prix__HUL__4,2024_Bahrain Grand Prix,HUL,SOFT,14,0.048884827163263804,95.35930300091609
2024_Bahrain Grand Prix__LEC__1,2024_Bahrain Grand Prix,LEC,SOFT,7,0.0873103507661043,97.00686498425385
2024_Bahrain Grand Prix__LEC__2,2024_Bahrain Grand Prix,LEC,HARD,18,0.01967192549407478,96.70505330029951
2024_Bahrain Grand Prix__LEC__3,2024_Bahrain Grand Prix,LEC,HARD,22,0.06867954548841702,94.6660502686623
2024_Bahrain Grand Prix__MAG__1,2024_Bahrain Grand Prix,MAG,SOFT,6,0.05313880168016586,98.36478879849147
2024_Bahrain Grand Prix__MAG__2,2024_Bahrain Grand Prix,MAG,HARD,18,0.020954553515343574,97.86650196599332
2024_Bahrain Grand Prix__MAG__3,2024_Bahrain Grand Prix,MAG,HARD,22,0.08954627619903013,95.58860423490528
2024_Bahrain Grand Prix__NOR__1,2024_Bahrain Grand Prix,NOR,SOFT,8,0.03922805262945688,97.4752764749371
2024_Bahrain Grand Prix__NOR__3,2024_Bahrain Grand Prix,NOR,HARD,18,0.03807736053288725,96.4537196385555
2024_Bahrain Grand Prix__NOR__4,2024_Bahrain Grand Prix,NOR,HARD,22,0.07930367801787896,94.75416846820588
2024_Bahrain Grand Prix__OCO__1,2024_Bahrain Grand Prix,OCO,SOFT,8,0.07673995739136313,98.498520156635
2024_Bahrain Grand Prix__OCO__2,2024_Bahrain Grand Prix,OCO,HARD,16,0.07616505903532929,97.4335574386547
2024_Bahrain Grand Prix__OCO__3,2024_Bahrain Grand Prix,OCO,HARD,21,0.05256415583637918,96.44985287092723
2024_Bahrain Grand Prix__PER__1,2024_Bahrain Grand Prix,PER,SOFT,5,0.1852597644079042,95.93627210903178
2024_Bahrain Grand Prix__PER__3,2024_Bahrain Grand Prix,PER,HARD,21,0.03730097723835419,95.87250358777608
2024_Bahrain Grand Prix__PER__4,2024_Bahrain Grand Prix,PER,SOFT,18,0.07932644727029003,94.33388655693032
2024_Bahrain Grand Prix__PIA__1,2024_Bahrain Grand Prix,PIA,SOFT,8,-0.03934337594197028,98.31713361779423
2024_Bahrain Grand Prix__PIA__3,2024_Bahrain Grand Prix,PIA,HARD,20,0.03979870801924973,96.52699678192944
2024_Bahrain Grand Prix__PIA__4,2024_Bahrain Grand Prix,PIA,HARD,22,0.06686701019762081,94.9728887779791
2024_Bahrain Grand Prix__RIC__1,2024_Bahrain Grand Prix,RIC,SOFT,8,0.05038281453421911,98.54758599874661
2024_Bahrain Grand Prix__RIC__3,2024_Bahrain Grand Prix,RIC,HARD,19,0.06153039821731376,97.1886448708823
2024_Bahrain Grand Prix__RIC__4,2024_Bahrain Grand Prix,RIC,SOFT,20,0.1327257756884232,94.92496180321427
2024_Bahrain Grand Prix__RUS__1,2024_Bahrain Grand Prix,RUS,SOFT,8,0.18446614786755275,95.91050266541329
2024_Bahrain Grand Prix__RUS__2,2024_Bahrain Grand Prix,RUS,HARD,17,0.006836025864762165,96.92003619165963
2024_Bahrain Grand Prix__RUS__3,2024_Bahrain Grand Prix,RUS,HARD,25,0.05227592606436291,95.27650636963352
2024_Bahrain Grand Prix__SAI__1,2024_Bahrain Grand Prix,SAI,SOFT,8,0.16214471929612564,96.28435980827041
2024_Bahrain Grand Prix__SAI__3,2024_Bahrain Grand Prix,SAI,HARD,17,0.048273180966323735,95.84889503830406
2024_Bahrain Grand Prix__SAI__4,2024_Bahrain Grand Prix,SAI,HARD,21,0.03416514684358331,94.94878609120701
2024_Bahrain Grand Prix__SAR__1,2024_Bahrain Grand Prix,SAR,SOFT,8,0.16020424310564932,97.9690915852064
2024_Bahrain Grand Prix__SAR__2,2024_Bahrain Grand Prix,SAR,HARD,16,-0.12273760334740186,100.04924545169366
2024_Bahrain Grand Prix__SAR__3,2024_Bahrain Grand Prix,SAR,HARD,9,0.09031509273102963,96.18035192477377
2024_Bahrain Grand Prix__SAR__4,2024_Bahrain Grand Prix,SAR,SOFT,13,0.10398221651424419,95.17435274288682
2024_Bahrain Grand Prix__STR__1,2024_Bahrain Grand Prix,STR,SOFT,5,0.13259098026537813,97.75258586914575
2024_Bahrain Grand Prix__STR__2,2024_Bahrain Grand Prix,STR,HARD,15,0.08568924359990776,96.90192414787633
2024_Bahrain Grand Prix__STR__3,2024_Bahrain Grand Prix,STR,HARD,28,0.04386602942353589,95.97382245865774
2024_Bahrain Grand Prix__TSU__1,2024_Bahrain Grand Prix,TSU,SOFT,8,-0.0057481378467308004,98.40882968044451
2024_Bahrain Grand Prix__TSU__3,2024_Bahrain Grand Prix,TSU,HARD,18,0.02269139562060625,97.5610470850877
2024_Bahrain Grand Prix__TSU__4,2024_Bahrain Grand Prix,TSU,HARD,18,0.08433373152106498,95.70368972315282
2024_Bahrain Grand Prix__VER__1,2024_Bahrain Grand Prix,VER,SOFT,8,0.10509710024850508,95.9475145701752
2024_Bahrain Grand Prix__VER__2,2024_Bahrain Grand Prix,VER,SOFT,5,0.0320859260643644,96.50830488344518
2024_Bahrain Grand Prix__VER__3,2024_Bahrain Grand Prix,VER,HARD,18,0.07019603958345472,94.96696165722642
2024_Bahrain Grand Prix__VER__4,2024_Bahrain Grand Prix,VER,SOFT,17,0.047334455476127565,94.45280074954913
2024_Bahrain Grand Prix__ZHO__1,2024_Bahrain Grand Prix,ZHO,SOFT,7,0.14173906838275027,98.13463085552658
2024_Bahrain Grand Prix__ZHO__2,2024_Bahrain Grand Prix,ZHO,HARD,15,0.06047592606436267,97.10127599621755
2024_Bahrain Grand Prix__ZHO__3,2024_Bahrain Grand Prix,ZHO,HARD,24,0.042842447803493354,96.41427583781726
2024_Belgian Grand Prix__ALB__1,2024_Belgian Grand Prix,ALB,MEDIUM,6,0.01906630629840315,110.58624050697874
2024_Belgian Grand Prix__ALB__2,2024_Belgian Grand Prix,ALB,MEDIUM,5,0.21468592606436518,109.25485007015317
2024_Belgian Grand Prix__ALB__3,2024_Belgian Grand Prix,ALB,MEDIUM,7,-0.019256931078494174,110.29697864158173
2024_Belgian Grand Prix__ALB__4,2024_Belgian Grand Prix,ALB,HARD,20,0.014371640350077035,108.63045324683293
2024_Belgian Grand Prix__ALO__1,2024_Belgian Grand Prix,ALO,MEDIUM,11,0.025366047047921447,110.55774157278624
2024_Belgian Grand Prix__ALO__2,2024_Belgian Grand Prix,ALO,MEDIUM,28,-0.06207881253408008,110.24247480614798
2024_Belgian Grand Prix__BOT__1,2024_Belgian Grand Prix,BOT,MEDIUM,9,0.01900010350691589,110.87772619013427
2024_Belgian Grand Prix__BOT__3,2024_Belgian Grand Prix,BOT,HARD,18,-0.0639016679205998,110.58916336213073
2024_Belgian Grand Prix__BOT__4,2024_Belgian Grand Prix,BOT,MEDIUM,8,0.09204068796912429,107.63174388341479
2024_Belgian Grand Prix__GAS__1,2024_Belgian Grand Prix,GAS,MEDIUM,7,0.06127478266846506,110.56180942695516
2024_Belgian Grand Prix__GAS__3,2024_Belgian Grand Prix,GAS,HARD,12,-0.06248120680277004,110.60694182372337
2024_Belgian Grand Prix__GAS__4,2024_Belgian Grand Prix,GAS,HARD,15,0.028471640350077005,108.0656638295357
2024_Belgian Grand Prix__HAM__1,2024_Belgian Grand Prix,HAM,MEDIUM,8,0.0424191028564825,109.22775997398274
2024_Belgian Grand Prix__HAM__3,2024_Belgian Grand Prix,HAM,HARD,10,0.02531319879163524,107.9270987574372
2024_Belgian Grand Prix__HAM__4,2024_Belgian Grand Prix,HAM,HARD,17,0.016589357436911988,107.13260948440976
2024_Belgian Grand Prix__HUL__1,2024_Belgian Grand Prix,HUL,MEDIUM,5,-0.1683215416079776,111.80219999999998
2024_Belgian Grand Prix__HUL__2,2024_Belgian Grand Prix,HUL,HARD,6,0.18427164035007637,108.94084509646977
2024_Belgian Grand Prix__HUL__4,2024_Belgian Grand Prix,HUL,MEDIUM,23,-0.00843225575381897,109.78140450308365
2024_Belgian Grand Prix__LEC__1,2024_Belgian Grand Prix,LEC,MEDIUM,10,-0.02546459542203382,110.013894785136
2024_Belgian Grand Prix__LEC__3,2024_Belgian Grand Prix,LEC,HARD,9,0.07698592606436255,107.68090488552174
2024_Belgian Grand Prix__LEC__4,2024_Belgian Grand Prix,LEC,HARD,16,0.017023322758577514,107.2368556479581
2024_Belgian Grand Prix__MAG__1,2024_Belgian Grand Prix,MAG,MEDIUM,13,0.014582497327163496,111.18616219448678
2024_Belgian Grand Prix__MAG__3,2024_Belgian Grand Prix,MAG,HARD,26,-0.04602877479033798,109.87519041327946
2024_Belgian Grand Prix__NOR__1,2024_Belgian Grand Prix,NOR,MEDIUM,13,-0.03657134882668306,110.34146988679447
2024_Belgian Grand Prix__NOR__2,2024_Belgian Grand Prix,NOR,HARD,12,-0.017725962047526127,108.20409071344288
2024_Belgian Grand Prix__NOR__3,2024_Belgian Grand Prix,NOR,HARD,11,0.10286108530003213,106.28645770221816
2024_Belgian Grand Prix__OCO__1,2024_Belgian Grand Prix,OCO,MEDIUM,10,0.04345661669917891,110.58510690634814
2024_Belgian Grand Prix__OCO__3,2024_Belgian Grand Prix,OCO,HARD,14,-0.07078330470486828,109.93329926891612
2024_Belgian Grand Prix__OCO__4,2024_Belgian Grand Prix,OCO,HARD,13,-0.07454813986970318,108.5983975864263
2024_Belgian Grand Prix__PER__1,2024_Belgian Grand Prix,PER,MEDIUM,9,0.0031501035069155217,109.91049285680093
2024_Belgian Grand Prix__PER__3,2024_Belgian Grand Prix,PER,MEDIUM,5,0.2614859260643584,106.98610784834631
2024_Belgian Grand Prix__PER__4,2024_Belgian Grand Prix,PER,HARD,19,0.04148768045032794,107.67500044232321
2024_Belgian Grand Prix__PIA__1,2024_Belgian Grand Prix,PIA,MEDIUM,8,0.0006188012210297443,109.95290740617723
2024_Belgian Grand Prix__PIA__3,2024_Belgian Grand Prix,PIA,HARD,14,-0.06804264536420894,108.87706499120343
2024_Belgian Grand Prix__PIA__4,2024_Belgian Grand Prix,PIA,HARD,12,0.02561379253751214,106.54291054516568
2024_Belgian Grand Prix__RIC__1,2024_Belgian Grand Prix,RIC,SOFT,6,-0.07893369370159704,111.29157384031205
2024_Belgian Grand Prix__RIC__3,2024_Belgian Grand Prix,RIC,MEDIUM,5,0.1655859260643609,108.23385007015321
2024_Belgian Grand Prix__RIC__4,2024_Belgian Grand Prix,RIC,SOFT,20,-0.03314654856957575,108.69868342832888
2024_Belgian Grand Prix__RUS__1,2024_Belgian Grand Prix,RUS,MEDIUM,7,-0.007252686410873275,110.05039514556259
2024_Belgian Grand Prix__RUS__3,2024_Belgian Grand Prix,RUS,HARD,28,-0.03193865680549244,108.63335807356111
2024_Belgian Grand Prix__SAI__1,2024_Belgian Grand Prix,SAI,HARD,13,-0.08577464552997921,110.52471164503619
2024_Belgian Grand Prix__SAI__3,2024_Belgian Grand Prix,SAI,MEDIUM,6,0.023985926064363693,108.07348118292552
2024_Belgian Grand Prix__SAI__4,2024_Belgian Grand Prix,SAI,HARD,15,0.00644306892150566,107.27252097239281
2024_Belgian Grand Prix__SAR__1,2024_Belgian Grand Prix,SAR,MEDIUM,6,-0.0965908365587394,111.77936431650254
2024_Belgian Grand Prix__SAR__3,2024_Belgian Grand Prix,SAR,MEDIUM,7,0.09921379491682145,109.79796810294006
2024_Belgian Grand Prix__SAR__4,2024_Belgian Grand Prix,SAR,HARD,16,-0.017408053868747716,108.9440359239723
2024_Belgian Grand Prix__STR__1,2024_Belgian Grand Prix,STR,MEDIUM,10,-0.01557974693718543,111.18534326998451
2024_Belgian Grand Prix__STR__3,2024_Belgian Grand Prix,STR,MEDIUM,28,-0.04192997642395344,110.17573675786397
2024_Belgian Grand Prix__TSU__1,2024_Belgian Grand Prix,TSU,MEDIUM,11,0.008757505106004279,111.27011562473574
2024_Belgian Grand Prix__TSU__2,2024_Belgian Grand Prix,TSU,SOFT,24,-0.035337982459545836,109.81487140707358
2024_Belgian Grand Prix__VER__1,2024_Belgian Grand Prix,VER,MEDIUM,8,0.06297805262945662,109.72346063282548
2024_Belgian Grand Prix__VER__3,2024_Belgian Grand Prix,VER,HARD,12,-0.09233435365591719,109.55327180573178
2024_Belgian Grand Prix__VER__4,2024_Belgian Grand Prix,VER,MEDIUM,15,0.08053949749293433,106.4043864485833
2024_Dutch Grand Prix__ALB__1,2024_Dutch Grand Prix,ALB,MEDIUM,10,-0.11799792875536708,78.3843614518027
2024_Dutch Grand Prix__ALB__2,2024_Dutch Grand Prix,ALB,HARD,31,0.0063078258340915575,76.6683780729487
2024_Dutch Grand Prix__ALB__3,2024_Dutch Grand Prix,ALB,MEDIUM,16,-0.04268003076880396,76.03639476280026
2024_Dutch Grand Prix__ALO__1,2024_Dutch Grand Prix,ALO,MEDIUM,28,0.018159950450716927,77.11474913237076
2024_Dutch Grand Prix__ALO__2,2024_Dutch Grand Prix,ALO,HARD,39,-0.00439490198647262,76.30715118188822
2024_Dutch Grand Prix__BOT__1,2024_Dutch Grand Prix,BOT,SOFT,12,0.054876872644708405,77.20815717587024
2024_Dutch Grand Prix__BOT__2,2024_Dutch Grand Prix,BOT,HARD,24,0.05471762270688733,76.53793504428533
2024_Dutch Grand Prix__BOT__3,2024_Dutch Grand Prix,BOT,MEDIUM,22,0.0171076255864654,76.60946100953701
2024_Dutch Grand Prix__GAS__1,2024_Dutch Grand Prix,GAS,MEDIUM,27,0.021951405331249493,76.83646930783604
2024_Dutch Grand Prix__GAS__2,2024_Dutch Grand Prix,GAS,HARD,36,-0.00813776876549859,76.22168174253574
2024_Dutch Grand Prix__HAM__1,2024_Dutch Grand Prix,HAM,SOFT,21,0.00602094250804905,76.98606564011445
2024_Dutch Grand Prix__HAM__2,2024_Dutch Grand Prix,HAM,HARD,21,-0.01306329887328056,75.68325431278832
2024_Dutch Grand Prix__HAM__3,2024_Dutch Grand Prix,HAM,SOFT,23,0.05419719088649727,74.27541279101037
2024_Dutch Grand Prix__HUL__1,2024_Dutch Grand Prix,HUL,MEDIUM,12,0.07358431288767692,76.75990076172052
2024_Dutch Grand Prix__HUL__2,2024_Dutch Grand Prix,HUL,HARD,54,0.003941122556736107,76.53480241611496
2024_Dutch Grand Prix__LEC__1,2024_Dutch Grand Prix,LEC,MEDIUM,22,0.0019431658799373014,76.50113861917474
2024_Dutch Grand Prix__LEC__2,2024_Dutch Grand Prix,LEC,HARD,46,-0.0023266864560953695,75.62691561138759
2024_Dutch Grand Prix__MAG__1,2024_Dutch Grand Prix,MAG,HARD,36,0.01098713434382124,77.20835133693076
2024_Dutch Grand Prix__MAG__2,2024_Dutch Grand Prix,MAG,MEDIUM,28,0.04330135204646998,76.1013145516385
2024_Dutch Grand Prix__NOR__1,2024_Dutch Grand Prix,NOR,MEDIUM,25,-0.01773301437591619,76.46442853875081
2024_Dutch Grand Prix__NOR__2,2024_Dutch Grand Prix,NOR,HARD,42,0.015746755818839806,74.83680630794547
2024_Dutch Grand Prix__OCO__1,2024_Dutch Grand Prix,OCO,MEDIUM,25,0.025745262527177144,77.34598904207732
2024_Dutch Grand Prix__OCO__2,2024_Dutch Grand Prix,OCO,HARD,38,0.016153263535167297,76.2462316581673
2024_Dutch Grand Prix__PER__1,2024_Dutch Grand Prix,PER,MEDIUM,27,0.013664392661809738,76.53299988880977
2024_Dutch Grand Prix__PER__2,2024_Dutch Grand Prix,PER,HARD,40,0.007631787980897277,75.38152225584032
2024_Dutch Grand Prix__PIA__1,2024_Dutch Grand Prix,PIA,MEDIUM,31,-0.0003176060720470641,76.59579273367999
2024_Dutch Grand Prix__PIA__2,2024_Dutch Grand Prix,PIA,HARD,37,0.02419914688298725,74.85939581291879
2024_Dutch Grand Prix__RIC__1,2024_Dutch Grand Prix,RIC,MEDIUM,24,0.006660462993328832,77.35767684367072
2024_Dutch Grand Prix__RIC__2,2024_Dutch Grand Prix,RIC,HARD,40,-0.004514961382038198,76.33469554511444
2024_Dutch Grand Prix__RUS__1,2024_Dutch Grand Prix,RUS,MEDIUM,23,0.017336518949738623,76.44294664031621
2024_Dutch Grand Prix__RUS__2,2024_Dutch Grand Prix,RUS,HARD,25,-0.020490653609338327,76.11065117461045
2024_Dutch Grand Prix__RUS__3,2024_Dutch Grand Prix,RUS,SOFT,14,0.038116975238870185,74.3333076509051
2024_Dutch Grand Prix__SAI__1,2024_Dutch Grand Prix,SAI,MEDIUM,25,0.0009448500452178191,76.693116121095
2024_Dutch Grand Prix__SAI__2,2024_Dutch Grand Prix,SAI,HARD,41,0.007196917518762936,75.22087593655525
2024_Dutch Grand Prix__SAR__1,2024_Dutch Grand Prix,SAR,MEDIUM,19,-0.003952141885389793,77.95704521683423
2024_Dutch Grand Prix__SAR__2,2024_Dutch Grand Prix,SAR,HARD,44,0.01999304937898128,76.47975614396425
2024_Dutch Grand Prix__STR__1,2024_Dutch Grand Prix,STR,MEDIUM,28,0.03360047614704184,77.04462675781649
2024_Dutch Grand Prix__STR__2,2024_Dutch Grand Prix,STR,HARD,37,0.006599777442365407,76.14255626810628
2024_Dutch Grand Prix__TSU__1,2024_Dutch Grand Prix,TSU,SOFT,11,0.08227547739666366,76.64769158797023
2024_Dutch Grand Prix__TSU__2,2024_Dutch Grand Prix,TSU,MEDIUM,14,0.11365380500211884,75.753067066655
2024_Dutch Grand Prix__TSU__3,2024_Dutch Grand Prix,TSU,HARD,35,0.02835685207401552,76.35567673317703
2024_Dutch Grand Prix__VER__1,2024_Dutch Grand Prix,VER,MEDIUM,24,0.019960661258051574,76.18779638495717
2024_Dutch Grand Prix__VER__2,2024_Dutch Grand Prix,VER,HARD,43,0.012914165267020704,75.26436352533247
2024_Dutch Grand Prix__ZHO__1,2024_Dutch Grand Prix,ZHO,MEDIUM,16,-0.013526967809258918,78.41191549085659
2024_Dutch Grand Prix__ZHO__2,2024_Dutch Grand Prix,ZHO,HARD,30,0.05311932752260415,76.92084108475728
2024_Dutch Grand Prix__ZHO__3,2024_Dutch Grand Prix,ZHO,SOFT,15,-0.004581515796102295,76.64462331455384
2024_Emilia Romagna Grand Prix__ALB__1,2024_Emilia Romagna Grand Prix,ALB,MEDIUM,5,-0.11267742347448123,83.09224886728153
2024_Emilia Romagna Grand Prix__ALB__2,2024_Emilia Romagna Grand Prix,ALB,MEDIUM,12,0.07963417781261387,81.43099077477233
2024_Emilia Romagna Grand Prix__ALB__4,2024_Emilia Romagna Grand Prix,ALB,MEDIUM,20,0.004936039211308121,81.82712647090275
2024_Emilia Romagna Grand Prix__ALO__1,2024_Emilia Romagna Grand Prix,ALO,SOFT,5,-0.33332154160798244,84.40880000000001
2024_Emilia Romagna Grand Prix__ALO__2,2024_Emilia Romagna Grand Prix,ALO,HARD,30,0.057994093790108524,81.6117370488551
2024_Emilia Romagna Grand Prix__ALO__3,2024_Emilia Romagna Grand Prix,ALO,MEDIUM,16,0.17413196528004923,80.00669722912882
2024_Emilia Romagna Grand Prix__BOT__1,2024_Emilia Romagna Grand Prix,BOT,MEDIUM,6,-0.19013369370159655,83.61097384031206
2024_Emilia Romagna Grand Prix__BOT__2,2024_Emilia Romagna Grand Prix,BOT,HARD,49,0.051423130745307896,81.66984762874387
2024_Emilia Romagna Grand Prix__GAS__1,2024_Emilia Romagna Grand Prix,GAS,SOFT,6,-0.1571051222730262,83.30301193555015
2024_Emilia Romagna Grand Prix__GAS__2,2024_Emilia Romagna Grand Prix,GAS,HARD,20,0.08987690350797199,81.34635382955169
2024_Emilia Romagna Grand Prix__GAS__3,2024_Emilia Romagna Grand Prix,GAS,MEDIUM,29,0.05779254977184082,81.67552740595488
2024_Emilia Romagna Grand Prix__HAM__1,2024_Emilia Romagna Grand Prix,HAM,MEDIUM,22,0.04345912469690576,81.24072786690101
2024_Emilia Romagna Grand Prix__HAM__2,2024_Emilia Romagna Grand Prix,HAM,HARD,33,0.013034568820276971,80.94128204398721
2024_Emilia Romagna Grand Prix__HUL__1,2024_Emilia Romagna Grand Prix,HUL,MEDIUM,11,0.062166047047920836,81.76514157278626
2024_Emilia Romagna Grand Prix__HUL__2,2024_Emilia Romagna Grand Prix,HUL,HARD,48,0.018350266055678507,82.39740986402978
2024_Emilia Romagna Grand Prix__LEC__1,2024_Emilia Romagna Grand Prix,LEC,MEDIUM,22,0.051312574118565456,80.75086247704839
2024_Emilia Romagna Grand Prix__LEC__2,2024_Emilia Romagna Grand Prix,LEC,HARD,37,0.01708056807479439,80.60606932439006
2024_Emilia Romagna Grand Prix__MAG__1,2024_Emilia Romagna Grand Prix,MAG,MEDIUM,34,0.023777004779346814,82.56212397080817
2024_Emilia Romagna Grand Prix__MAG__2,2024_Emilia Romagna Grand Prix,MAG,HARD,21,-0.0003203360402206206,81.782560841449
2024_Emilia Romagna Grand Prix__NOR__1,2024_Emilia Romagna Grand Prix,NOR,MEDIUM,20,0.06606434002761644,80.56851276797893
2024_Emilia Romagna Grand Prix__NOR__2,2024_Emilia Romagna Grand Prix,NOR,HARD,40,-0.0061510345360123505,81.02414872249834
2024_Emilia Romagna Grand Prix__OCO__1,2024_Emilia Romagna Grand Prix,OCO,MEDIUM,20,0.05549120535732013,82.14119064911156
2024_Emilia Romagna Grand Prix__OCO__2,2024_Emilia Romagna Grand Prix,OCO,HARD,34,0.026329909593415825,82.38439748398093
2024_Emilia Romagna Grand Prix__PER__1,2024_Emilia Romagna Grand Prix,PER,HARD,32,0.017092160989704848,82.02094262202607
2024_Emilia Romagna Grand Prix__PER__2,2024_Emilia Romagna Grand Prix,PER,MEDIUM,24,0.018951013172376848,80.50322025354585
2024_Emilia Romagna Grand Prix__PIA__1,2024_Emilia Romagna Grand Prix,PIA,MEDIUM,20,0.05588284374797694,80.898151516353
2024_Emilia Romagna Grand Prix__PIA__2,2024_Emilia Romagna Grand Prix,PIA,HARD,39,0.01317094630727792,80.7685415640691
2024_Emilia Romagna Grand Prix__RIC__1,2024_Emilia Romagna Grand Prix,RIC,MEDIUM,9,0.007400103506914967,82.27910396791205
2024_Emilia Romagna Grand Prix__RIC__2,2024_Emilia Romagna Grand Prix,RIC,HARD,41,0.009210878896621227,82.26680172312142
2024_Emilia Romagna Grand Prix__RUS__1,2024_Emilia Romagna Grand Prix,RUS,MEDIUM,19,0.052850248791984876,81.08685707681137
2024_Emilia Romagna Grand Prix__RUS__2,2024_Emilia Romagna Grand Prix,RUS,HARD,28,0.013355737861761134,81.12052195299647
2024_Emilia Romagna Grand Prix__RUS__3,2024_Emilia Romagna Grand Prix,RUS,MEDIUM,10,0.2145677442461814,78.52551351031097
2024_Emilia Romagna Grand Prix__SAI__1,2024_Emilia Romagna Grand Prix,SAI,MEDIUM,25,0.03989019678717781,81.04806436505334
2024_Emilia Romagna Grand Prix__SAI__2,2024_Emilia Romagna Grand Prix,SAI,HARD,30,0.021880456352890144,80.7078177353428
2024_Emilia Romagna Grand Prix__SAR__1,2024_Emilia Romagna Grand Prix,SAR,HARD,28,0.020844541873518023,82.90378993356512
2024_Emilia Romagna Grand Prix__SAR__2,2024_Emilia Romagna Grand Prix,SAR,MEDIUM,30,0.042063122949791226,82.00115262102396
2024_Emilia Romagna Grand Prix__STR__1,2024_Emilia Romagna Grand Prix,STR,MEDIUM,33,0.017596433906766136,82.2904346846413
2024_Emilia Romagna Grand Prix__STR__2,2024_Emilia Romagna Grand Prix,STR,HARD,24,0.00408592606436296,81.40495599995535
2024_Emilia Romagna Grand Prix__TSU__1,2024_Emilia Romagna Grand Prix,TSU,MEDIUM,9,0.04245688074751425,81.88050954683149
2024_Emilia Romagna Grand Prix__TSU__2,2024_Emilia Romagna Grand Prix,TSU,HARD,48,0.010594271046191204,82.3636420865437
2024_Emilia Romagna Grand Prix__VER__1,2024_Emilia Romagna Grand Prix,VER,MEDIUM,21,0.0629889838078408,80.36199237490479
2024_Emilia Romagna Grand Prix__VER__2,2024_Emilia Romagna Grand Prix,VER,HARD,37,0.009930069632994531,80.78572594596615
2024_Emilia Romagna Grand Prix__ZHO__1,2024_Emilia Romagna Grand Prix,ZHO,HARD,31,0.018167958292013696,82.79150802790893
2024_Emilia Romagna Grand Prix__ZHO__2,2024_Emilia Romagna Grand Prix,ZHO,MEDIUM,28,0.05258461243546295,81.9211185830102
2024_Hungarian Grand Prix__ALB__2,2024_Hungarian Grand Prix,ALB,HARD,20,0.06034436762280427,84.64342691932316
2024_Hungarian Grand Prix__ALB__3,2024_Hungarian Grand Prix,ALB,HARD,29,0.013734765775443324,84.39151133324171
2024_Hungarian Grand Prix__ALB__4,2024_Hungarian Grand Prix,ALB,HARD,7,-0.5492926453642087,106.54383308893338
2024_Hungarian Grand Prix__ALO__1,2024_Hungarian Grand Prix,ALO,SOFT,5,-0.15662154160797995,87.03684308321596
2024_Hungarian Grand Prix__ALO__2,2024_Hungarian Grand Prix,ALO,MEDIUM,28,-0.013883367860103564,85.33629299634957
2024_Hungarian Grand Prix__ALO__3,2024_Hungarian Grand Prix,ALO,HARD,23,-0.008069607532474952,84.02245086161543
2024_Hungarian Grand Prix__ALO__4,2024_Hungarian Grand Prix,ALO,HARD,7,0.06225549128175271,83.04529078256407
2024_Hungarian Grand Prix__BOT__1,2024_Hungarian Grand Prix,BOT,MEDIUM,14,-0.10826349239432352,86.55224887795725
2024_Hungarian Grand Prix__BOT__2,2024_Hungarian Grand Prix,BOT,HARD,25,-0.0028047166262799095,85.60146748199809
2024_Hungarian Grand Prix__BOT__3,2024_Hungarian Grand Prix,BOT,HARD,14,0.1541441678226044,83.55538427958956
2024_Hungarian Grand Prix__BOT__4,2024_Hungarian Grand Prix,BOT,HARD,7,0.3521716403500785,77.98825790596317
2024_Hungarian Grand Prix__GAS__1,2024_Hungarian Grand Prix,GAS,HARD,26,-0.01170054691308764,86.04583334051753
2024_Hungarian Grand Prix__HAM__1,2024_Hungarian Grand Prix,HAM,MEDIUM,13,0.027969051379061752,84.13068533870417
2024_Hungarian Grand Prix__HAM__2,2024_Hungarian Grand Prix,HAM,HARD,22,0.094723023749287,82.76806012124288
2024_Hungarian Grand Prix__HAM__3,2024_Hungarian Grand Prix,HAM,HARD,20,0.0032202170019446975,83.18242164205557
2024_Hungarian Grand Prix__HAM__4,2024_Hungarian Grand Prix,HAM,HARD,7,-0.02361407393563754,84.1151139899271
2024_Hungarian Grand Prix__HUL__1,2024_Hungarian Grand Prix,HUL,HARD,25,0.0980036183720551,84.0380868214593
2024_Hungarian Grand Prix__HUL__2,2024_Hungarian Grand Prix,HUL,HARD,26,0.009183867600940783,84.17174994144115
2024_Hungarian Grand Prix__HUL__3,2024_Hungarian Grand Prix,HUL,HARD,7,-0.15057835964992244,92.41840451750478
2024_Hungarian Grand Prix__LEC__1,2024_Hungarian Grand Prix,LEC,MEDIUM,21,0.018085441150574453,84.32880835385906
2024_Hungarian Grand Prix__LEC__2,2024_Hungarian Grand Prix,LEC,HARD,15,0.14737521177864887,82.15680205635672
2024_Hungarian Grand Prix__LEC__3,2024_Hungarian Grand Prix,LEC,MEDIUM,18,-7.098632282676422e-05,83.2607193272461
2024_Hungarian Grand Prix__LEC__4,2024_Hungarian Grand Prix,LEC,MEDIUM,7,-0.03536407393563933,84.58793541849857
2024_Hungarian Grand Prix__MAG__2,2024_Hungarian Grand Prix,MAG,HARD,25,0.04875627793471451,84.8013214525677
2024_Hungarian Grand Prix__MAG__3,2024_Hungarian Grand Prix,MAG,HARD,26,0.06792985768829425,83.71908175466423
2024_Hungarian Grand Prix__MAG__4,2024_Hungarian Grand Prix,MAG,HARD,7,0.4339216403500784,72.68108414782658
2024_Hungarian Grand Prix__NOR__1,2024_Hungarian Grand Prix,NOR,MEDIUM,12,0.02803556445625478,83.86482766231481
2024_Hungarian Grand Prix__NOR__2,2024_Hungarian Grand Prix,NOR,HARD,26,0.0541705414489785,83.00039901712961
2024_Hungarian Grand Prix__NOR__3,2024_Hungarian Grand Prix,NOR,MEDIUM,15,0.00613235463579126,82.32606602751785
2024_Hungarian Grand Prix__NOR__4,2024_Hungarian Grand Prix,NOR,MEDIUM,5,0.21949786636287028,78.37539116966428
2024_Hungarian Grand Prix__OCO__2,2024_Hungarian Grand Prix,OCO,HARD,20,0.0579729317140801,84.68909064740299
2024_Hungarian Grand Prix__OCO__3,2024_Hungarian Grand Prix,OCO,HARD,25,0.026819103913253643,84.32167227087295
2024_Hungarian Grand Prix__PER__1,2024_Hungarian Grand Prix,PER,HARD,25,-0.029640795747760115,85.83238146715995
2024_Hungarian Grand Prix__PER__2,2024_Hungarian Grand Prix,PER,MEDIUM,16,0.009107984887892447,83.12399947379339
2024_Hungarian Grand Prix__PER__3,2024_Hungarian Grand Prix,PER,MEDIUM,13,0.12274856342700029,81.24658470314684
2024_Hungarian Grand Prix__PER__4,2024_Hungarian Grand Prix,PER,MEDIUM,7,0.057327955049869005,82.61010118666337
2024_Hungarian Grand Prix__PIA__1,2024_Hungarian Grand Prix,PIA,MEDIUM,15,0.014855559116485206,83.91037786011621
2024_Hungarian Grand Prix__PIA__2,2024_Hungarian Grand Prix,PIA,HARD,26,0.06398971116814818,82.7907474584565
2024_Hungarian Grand Prix__PIA__3,2024_Hungarian Grand Prix,PIA,MEDIUM,14,0.029794717273153963,82.25454602982974
2024_Hungarian Grand Prix__PIA__4,2024_Hungarian Grand Prix,PIA,MEDIUM,7,-0.0046497882213521234,83.39517954631327
2024_Hungarian Grand Prix__RIC__1,2024_Hungarian Grand Prix,RIC,MEDIUM,5,-0.24792154160798105,87.13839999999999
2024_Hungarian Grand Prix__RIC__2,2024_Hungarian Grand Prix,RIC,HARD,18,0.05358545029867728,84.85149167902786
2024_Hungarian Grand Prix__RIC__3,2024_Hungarian Grand Prix,RIC,HARD,27,0.005373470548348702,83.94692517507032
2024_Hungarian Grand Prix__RIC__4,2024_Hungarian Grand Prix,RIC,HARD,7,-0.06364978822134955,89.12426859144037
2024_Hungarian Grand Prix__RUS__1,2024_Hungarian Grand Prix,RUS,HARD,30,-0.010020869444307539,85.57347095109544
2024_Hungarian Grand Prix__RUS__2,2024_Hungarian Grand Prix,RUS,MEDIUM,18,0.027987577251153393,82.74276977318983
2024_Hungarian Grand Prix__RUS__3,2024_Hungarian Grand Prix,RUS,HARD,7,0.39385021177864876,80.02066674304952
2024_Hungarian Grand Prix__RUS__4,2024_Hungarian Grand Prix,RUS,HARD,8,0.18926687844531614,80.95252388590664
2024_Hungarian Grand Prix__SAI__1,2024_Hungarian Grand Prix,SAI,MEDIUM,18,-0.0031157009111336133,84.82287188316117
2024_Hungarian Grand Prix__SAI__2,2024_Hungarian Grand Prix,SAI,HARD,23,0.04105537920223147,83.23066602185433
2024_Hungarian Grand Prix__SAI__3,2024_Hungarian Grand Prix,SAI,MEDIUM,13,0.09067686683091368,81.74337644798737
2024_Hungarian Grand Prix__SAI__4,2024_Hungarian Grand Prix,SAI,MEDIUM,5,-0.07011407393563618,85.08310118666331
2024_Hungarian Grand Prix__SAR__1,2024_Hungarian Grand Prix,SAR,MEDIUM,6,-0.24579083655874046,87.15109764983585
2024_Hungarian Grand Prix__SAR__2,2024_Hungarian Grand Prix,SAR,HARD,23,0.038183356894402616,85.03159651284093
2024_Hungarian Grand Prix__SAR__3,2024_Hungarian Grand Prix,SAR,HARD,25,0.04702186770892532,84.27837328807524
2024_Hungarian Grand Prix__SAR__5,2024_Hungarian Grand Prix,SAR,SOFT,5,0.2147859260643628,81.37187600369315
2024_Hungarian Grand Prix__STR__1,2024_Hungarian Grand Prix,STR,SOFT,11,-0.14716327158003437,86.93818625321497
2024_Hungarian Grand Prix__STR__2,2024_Hungarian Grand Prix,STR,MEDIUM,29,-0.01346333501938119,85.3277274837262
2024_Hungarian Grand Prix__STR__3,2024_Hungarian Grand Prix,STR,HARD,15,0.045003783207220385,82.78356483704167
2024_Hungarian Grand Prix__STR__4,2024_Hungarian Grand Prix,STR,HARD,8,0.12262402130245846,81.5540862656131
2024_Hungarian Grand Prix__TSU__1,2024_Hungarian Grand Prix,TSU,MEDIUM,27,0.01723056257309173,85.23388708950223
2024_Hungarian Grand Prix__TSU__2,2024_Hungarian Grand Prix,TSU,HARD,31,-0.021211251354991918,84.80620975944028
2024_Hungarian Grand Prix__TSU__3,2024_Hungarian Grand Prix,TSU,HARD,8,0.08510021177864725,81.55561880321913
2024_Hungarian Grand Prix__VER__1,2024_Hungarian Grand Prix,VER,MEDIUM,18,0.04368463866130472,83.92739606474875
2024_Hungarian Grand Prix__VER__2,2024_Hungarian Grand Prix,VER,HARD,23,0.06689426445126409,82.72905725453265
2024_Hungarian Grand Prix__VER__3,2024_Hungarian Grand Prix,VER,MEDIUM,12,0.1366761358545722,81.64177979869882
2024_Hungarian Grand Prix__VER__4,2024_Hungarian Grand Prix,VER,MEDIUM,7,-0.011078359649922773,83.84208732450635
2024_Hungarian Grand Prix__ZHO__1,2024_Hungarian Grand Prix,ZHO,MEDIUM,5,-0.26742154160797893,87.74842154160797
2024_Hungarian Grand Prix__ZHO__2,2024_Hungarian Grand Prix,ZHO,HARD,27,0.08278946696790371,84.63161103053571
2024_Hungarian Grand Prix__ZHO__3,2024_Hungarian Grand Prix,ZHO,HARD,21,0.04651637228621084,84.19259084525106
2024_Hungarian Grand Prix__ZHO__4,2024_Hungarian Grand Prix,ZHO,HARD,8,0.1492549736834103,81.28034409519344
2024_Italian Grand Prix__ALB__1,2024_Italian Grand Prix,ALB,MEDIUM,15,-0.01977755954217158,86.31533554790136
2024_Italian Grand Prix__ALB__2,2024_Italian Grand Prix,ALB,HARD,33,-0.021467395741702734,85.45642937155755
2024_Italian Grand Prix__ALO__1,2024_Italian Grand Prix,ALO,MEDIUM,9,-0.12042442976356418,87.0117457159078
2024_Italian Grand Prix__ALO__2,2024_Italian Grand Prix,ALO,HARD,21,0.012749669976687403,85.05079156203016
2024_Italian Grand Prix__ALO__3,2024_Italian Grand Prix,ALO,HARD,17,-0.008126237322005304,84.06393595154135
2024_Italian Grand Prix__BOT__1,2024_Italian Grand Prix,BOT,HARD,28,0.014644768213283308,86.39094712522392
2024_Italian Grand Prix__BOT__2,2024_Italian Grand Prix,BOT,MEDIUM,15,-0.07559612450409588,85.94412935839946
2024_Italian Grand Prix__COL__1,2024_Italian Grand Prix,COL,MEDIUM,14,-0.014567820146344229,86.81531046040197
2024_Italian Grand Prix__COL__2,2024_Italian Grand Prix,COL,HARD,34,0.0001401950540826016,85.18834141613196
2024_Italian Grand Prix__GAS__1,2024_Italian Grand Prix,GAS,MEDIUM,8,0.019445449873887688,86.27951961527631
2024_Italian Grand Prix__GAS__2,2024_Italian Grand Prix,GAS,HARD,18,0.07631065933676413,84.94030170747607
2024_Italian Grand Prix__GAS__3,2024_Italian Grand Prix,GAS,HARD,20,-0.032680370787700946,85.35596298063427
2024_Italian Grand Prix__HAM__1,2024_Italian Grand Prix,HAM,MEDIUM,11,-0.019229200796950414,85.31918695337019
2024_Italian Grand Prix__HAM__2,2024_Italian Grand Prix,HAM,HARD,20,-0.07444901312899777,85.01478509093482
2024_Italian Grand Prix__HAM__3,2024_Italian Grand Prix,HAM,HARD,14,-0.04741407393563729,83.30877926438141
2024_Italian Grand Prix__HUL__2,2024_Italian Grand Prix,HUL,HARD,25,0.019680570170794897,85.3858831192973
2024_Italian Grand Prix__HUL__3,2024_Italian Grand Prix,HUL,HARD,17,0.03257919658013236,83.86296123381233
2024_Italian Grand Prix__LEC__1,2024_Italian Grand Prix,LEC,MEDIUM,13,0.03816311320909175,84.55999029461958
2024_Italian Grand Prix__LEC__2,2024_Italian Grand Prix,LEC,HARD,36,0.004493688609849024,83.84066101776288
2024_Italian Grand Prix__MAG__1,2024_Italian Grand Prix,MAG,MEDIUM,12,-0.047132964097218844,86.50545011730405
2024_Italian Grand Prix__MAG__2,2024_Italian Grand Prix,MAG,HARD,36,-0.030103730424056337,85.42091465101927
2024_Italian Grand Prix__NOR__1,2024_Italian Grand Prix,NOR,MEDIUM,10,-0.04258015021571308,85.07123810442823
2024_Italian Grand Prix__NOR__2,2024_Italian Grand Prix,NOR,HARD,14,-0.05556792008948342,84.36761065720877
2024_Italian Grand Prix__NOR__3,2024_Italian Grand Prix,NOR,HARD,19,-0.04166773801069463,83.60068500758473
2024_Italian Grand Prix__OCO__1,2024_Italian Grand Prix,OCO,HARD,29,0.02505234858430926,86.04349935323624
2024_Italian Grand Prix__OCO__2,2024_Italian Grand Prix,OCO,MEDIUM,19,0.004723772461829463,85.22724525985589
2024_Italian Grand Prix__PER__1,2024_Italian Grand Prix,PER,HARD,21,0.022090657087630187,85.22010043215442
2024_Italian Grand Prix__PER__2,2024_Italian Grand Prix,PER,HARD,9,-0.03167038477437631,84.20578434164105
2024_Italian Grand Prix__PER__3,2024_Italian Grand Prix,PER,MEDIUM,16,0.03849097525109022,83.54746179312819
2024_Italian Grand Prix__PIA__1,2024_Italian Grand Prix,PIA,MEDIUM,14,-6.462338618609568e-05,84.7699010989011
2024_Italian Grand Prix__PIA__2,2024_Italian Grand Prix,PIA,HARD,20,-0.024162194236389135,84.03322820048845
2024_Italian Grand Prix__PIA__3,2024_Italian Grand Prix,PIA,HARD,14,0.004280677745868583,82.84884284841287
2024_Italian Grand Prix__RIC__1,2024_Italian Grand Prix,RIC,MEDIUM,9,-0.1347332298264185,86.97168174568982
2024_Italian Grand Prix__RIC__2,2024_Italian Grand Prix,RIC,HARD,40,-0.009278651061437463,85.51215074659403
2024_Italian Grand Prix__RUS__1,2024_Italian Grand Prix,RUS,MEDIUM,5,-0.09265634225462648,86.0290376885778
2024_Italian Grand Prix__RUS__2,2024_Italian Grand Prix,RUS,HARD,20,-0.04789703948527777,85.10353808902035
2024_Italian Grand Prix__RUS__3,2024_Italian Grand Prix,RUS,HARD,18,-0.047521027776341394,83.67072829512713
2024_Italian Grand Prix__SAI__1,2024_Italian Grand Prix,SAI,MEDIUM,16,0.055033655764520295,84.60450433720553
2024_Italian Grand Prix__SAI__2,2024_Italian Grand Prix,SAI,HARD,30,0.008400608804296867,83.84880284174868
2024_Italian Grand Prix__STR__1,2024_Italian Grand Prix,STR,HARD,17,0.003643115914958976,86.46618576841387
2024_Italian Grand Prix__STR__2,2024_Italian Grand Prix,STR,HARD,13,0.027403354202260838,84.75320350776707
2024_Italian Grand Prix__STR__3,2024_Italian Grand Prix,STR,MEDIUM,10,0.07189218728919376,83.72134735029178
2024_Italian Grand Prix__TSU__1,2024_Italian Grand Prix,TSU,HARD,5,0.7539859260643639,84.41019167091859
2024_Italian Grand Prix__VER__1,2024_Italian Grand Prix,VER,HARD,20,0.007335640463499422,85.33077455057374
2024_Italian Grand Prix__VER__2,2024_Italian Grand Prix,VER,HARD,15,0.010299679062790902,83.71261127107415
2024_Italian Grand Prix__VER__3,2024_Italian Grand Prix,VER,MEDIUM,9,0.049987396652597375,82.71896855687417
2024_Italian Grand Prix__ZHO__1,2024_Italian Grand Prix,ZHO,MEDIUM,12,-0.0421601480967385,87.0881559253354
2024_Italian Grand Prix__ZHO__2,2024_Italian Grand Prix,ZHO,HARD,36,0.040958512936949784,85.42213715623527
2024_Japanese Grand Prix__ALO__1,2024_Japanese Grand Prix,ALO,SOFT,9,0.20801925939769628,96.59489599497161
2024_Japanese Grand Prix__ALO__2,2024_Japanese Grand Prix,ALO,MEDIUM,18,0.03682245857210269,97.10122944247705
2024_Japanese Grand Prix__ALO__3,2024_Japanese Grand Prix,ALO,HARD,5,0.0797231353666895,95.3164772915297
2024_Japanese Grand Prix__ALO__4,2024_Japanese Grand Prix,ALO,HARD,8,-0.010096832556327802,96.30194822176227
2024_Japanese Grand Prix__BOT__2,2024_Japanese Grand Prix,BOT,HARD,12,0.18858985355680954,96.81726084642327
2024_Japanese Grand Prix__BOT__3,2024_Japanese Grand Prix,BOT,HARD,17,0.05390798488789246,97.40005597623075
2024_Japanese Grand Prix__BOT__4,2024_Japanese Grand Prix,BOT,HARD,8,-0.04670544449401256,99.07302156297304
2024_Japanese Grand Prix__GAS__1,2024_Japanese Grand Prix,GAS,HARD,12,0.2109873246657611,99.12223669959076
2024_Japanese Grand Prix__GAS__2,2024_Japanese Grand Prix,GAS,MEDIUM,13,0.06837088847037825,98.31219011024703
2024_Japanese Grand Prix__GAS__3,2024_Japanese Grand Prix,GAS,HARD,7,0.10974306892150511,97.81981229569789
2024_Japanese Grand Prix__GAS__4,2024_Japanese Grand Prix,GAS,HARD,10,0.10199331867175557,96.02798362436923
2024_Japanese Grand Prix__HAM__1,2024_Japanese Grand Prix,HAM,HARD,17,0.06844591330112115,97.95893697315256
2024_Japanese Grand Prix__HAM__2,2024_Japanese Grand Prix,HAM,HARD,14,0.10005625573469258,95.70949830177797
2024_Japanese Grand Prix__HAM__3,2024_Japanese Grand Prix,HAM,MEDIUM,11,0.1524222897007265,93.75117330662952
2024_Japanese Grand Prix__HUL__2,2024_Japanese Grand Prix,HUL,HARD,25,0.08362179906233273,97.78601080651006
2024_Japanese Grand Prix__HUL__3,2024_Japanese Grand Prix,HUL,HARD,5,-0.026974539051917185,96.1928842682739
2024_Japanese Grand Prix__HUL__4,2024_Japanese Grand Prix,HUL,HARD,11,-0.1103595284810917,98.21231640358043
2024_Japanese Grand Prix__LEC__1,2024_Japanese Grand Prix,LEC,MEDIUM,21,-0.014229047197669101,98.2823722699028
2024_Japanese Grand Prix__LEC__2,2024_Japanese Grand Prix,LEC,HARD,14,-0.017811876133439607,96.45553520085016
2024_Japanese Grand Prix__LEC__3,2024_Japanese Grand Prix,LEC,HARD,10,-0.05935839211745525,97.12982060294807
2024_Japanese Grand Prix__MAG__1,2024_Japanese Grand Prix,MAG,MEDIUM,18,-0.021226045039868073,100.06321958873464
2024_Japanese Grand Prix__MAG__2,2024_Japanese Grand Prix,MAG,HARD,17,0.055040337829069204,97.37873244681896
2024_Japanese Grand Prix__MAG__3,2024_Japanese Grand Prix,MAG,HARD,10,0.06840410788254467,96.51968939869064
2024_Japanese Grand Prix__NOR__1,2024_Japanese Grand Prix,NOR,MEDIUM,6,0.2470877894184016,95.729099307601
2024_Japanese Grand Prix__NOR__2,2024_Japanese Grand Prix,NOR,HARD,13,0.12963867331710996,96.30472433186276
2024_Japanese Grand Prix__NOR__3,2024_Japanese Grand Prix,NOR,HARD,14,-0.022519568441131496,96.48212201403697
2024_Japanese Grand Prix__NOR__4,2024_Japanese Grand Prix,NOR,HARD,11,-0.057504983026546684,97.29441492112991
2024_Japanese Grand Prix__OCO__1,2024_Japanese Grand Prix,OCO,HARD,15,0.09503235463579161,99.47608430198835
2024_Japanese Grand Prix__OCO__2,2024_Japanese Grand Prix,OCO,HARD,12,0.037004807183244066,98.42990364846956
2024_Japanese Grand Prix__OCO__3,2024_Japanese Grand Prix,OCO,MEDIUM,5,0.07092080978529239,96.98483775664599
2024_Japanese Grand Prix__OCO__4,2024_Japanese Grand Prix,OCO,MEDIUM,10,-0.07843025775182128,98.36026965033369
2024_Japanese Grand Prix__PER__1,2024_Japanese Grand Prix,PER,MEDIUM,11,0.18937683515527257,95.8940444798201
2024_Japanese Grand Prix__PER__2,2024_Japanese Grand Prix,PER,MEDIUM,16,0.013691808417303594,97.00509567025078
2024_Japanese Grand Prix__PER__3,2024_Japanese Grand Prix,PER,HARD,7,0.15063592606436255,94.2173053646194
2024_Japanese Grand Prix__PER__4,2024_Japanese Grand Prix,PER,HARD,11,0.006713198791635479,95.19860731267134
2024_Japanese Grand Prix__PIA__1,2024_Japanese Grand Prix,PIA,MEDIUM,8,0.23063592606436406,96.54096266163828
2024_Japanese Grand Prix__PIA__2,2024_Japanese Grand Prix,PIA,HARD,16,0.05144067813047847,96.88483137771642
2024_Japanese Grand Prix__PIA__3,2024_Japanese Grand Prix,PIA,HARD,8,0.12904068796912482,94.92333610522171
2024_Japanese Grand Prix__PIA__4,2024_Japanese Grand Prix,PIA,HARD,10,0.09496234964078666,94.79816244554803
2024_Japanese Grand Prix__RUS__1,2024_Japanese Grand Prix,RUS,HARD,18,0.06866146786002877,97.90867985705249
2024_Japanese Grand Prix__RUS__2,2024_Japanese Grand Prix,RUS,HARD,13,0.07180900298743953,96.0482991889004
2024_Japanese Grand Prix__RUS__4,2024_Japanese Grand Prix,RUS,MEDIUM,9,0.10523445547612688,94.45477805877887
2024_Japanese Grand Prix__SAI__1,2024_Japanese Grand Prix,SAI,MEDIUM,11,0.12228592606436325,96.88133040588447
2024_Japanese Grand Prix__SAI__2,2024_Japanese Grand Prix,SAI,MEDIUM,17,0.02933633629602324,96.67976041418414
2024_Japanese Grand Prix__SAI__4,2024_Japanese Grand Prix,SAI,HARD,11,0.0705677442461811,94.25603781813717
2024_Japanese Grand Prix__SAR__1,2024_Japanese Grand Prix,SAR,HARD,18,-0.034653289621911804,100.20146623476145
2024_Japanese Grand Prix__SAR__2,2024_Japanese Grand Prix,SAR,HARD,10,-0.026808013329576854,98.07171364111488
2024_Japanese Grand Prix__SAR__3,2024_Japanese Grand Prix,SAR,MEDIUM,5,0.1810859260643639,95.55448414782661
2024_Japanese Grand Prix__SAR__4,2024_Japanese Grand Prix,SAR,SOFT,8,0.10669544987388528,95.1858332493248
2024_Japanese Grand Prix__STR__1,2024_Japanese Grand Prix,STR,SOFT,8,-0.05113788345944656,99.28075334960741
2024_Japanese Grand Prix__STR__2,2024_Japanese Grand Prix,STR,MEDIUM,5,0.23836979703210495,97.43688409699128
2024_Japanese Grand Prix__STR__3,2024_Japanese Grand Prix,STR,HARD,10,0.23415562303405948,96.20435000475123
2024_Japanese Grand Prix__STR__4,2024_Japanese Grand Prix,STR,SOFT,5,0.016585926064362884,96.37048414782662
2024_Japanese Grand Prix__STR__5,2024_Japanese Grand Prix,STR,SOFT,10,0.0007495624279995816,96.91833869328114
2024_Japanese Grand Prix__TSU__2,2024_Japanese Grand Prix,TSU,HARD,13,0.15541339859183512,97.66059821002288
2024_Japanese Grand Prix__TSU__3,2024_Japanese Grand Prix,TSU,HARD,15,0.044128553849421916,97.0732762657227
2024_Japanese Grand Prix__TSU__4,2024_Japanese Grand Prix,TSU,HARD,9,-0.1379640739356371,100.70664747949871
2024_Japanese Grand Prix__VER__1,2024_Japanese Grand Prix,VER,MEDIUM,12,0.15003277921121638,95.85056755674316
2024_Japanese Grand Prix__VER__2,2024_Japanese Grand Prix,VER,MEDIUM,14,0.06114897260879177,96.04659163945794
2024_Japanese Grand Prix__VER__3,2024_Japanese Grand Prix,VER,HARD,6,-0.10784264536420908,95.32677938592185
2024_Japanese Grand Prix__VER__4,2024_Japanese Grand Prix,VER,HARD,9,0.07994171553804755,93.98775993730028
2024_Las Vegas Grand Prix__ALB__1,2024_Las Vegas Grand Prix,ALB,MEDIUM,6,-0.41450621525333403,102.35544756773409
2024_Las Vegas Grand Prix__ALB__2,2024_Las Vegas Grand Prix,ALB,HARD,14,0.033355156833593906,98.89958134779461
2024_Las Vegas Grand Prix__ALO__2,2024_Las Vegas Grand Prix,ALO,HARD,18,0.054428344928468576,99.10532833050883
2024_Las Vegas Grand Prix__ALO__3,2024_Las Vegas Grand Prix,ALO,HARD,24,0.007628292668355793,98.19682178624173
2024_Las Vegas Grand Prix__BOT__1,2024_Las Vegas Grand Prix,BOT,HARD,14,0.25832812670855243,98.43266528076468
2024_Las Vegas Grand Prix__BOT__2,2024_Las Vegas Grand Prix,BOT,MEDIUM,16,0.08967058519846871,98.7477081448441
2024_Las Vegas Grand Prix__BOT__3,2024_Las Vegas Grand Prix,BOT,HARD,12,0.04166749355347741,97.47401781380083
2024_Las Vegas Grand Prix__COL__1,2024_Las Vegas Grand Prix,COL,HARD,14,0.13170491775157311,99.66911637623167
2024_Las Vegas Grand Prix__COL__2,2024_Las Vegas Grand Prix,COL,MEDIUM,7,-0.1653846218808433,99.4697535841531
2024_Las Vegas Grand Prix__COL__3,2024_Las Vegas Grand Prix,COL,HARD,22,-0.03226497555462871,98.50570561926672
2024_Las Vegas Grand Prix__GAS__1,2024_Las Vegas Grand Prix,GAS,MEDIUM,8,0.29346970390200283,98.45340955459776
2024_Las Vegas Grand Prix__HAM__1,2024_Las Vegas Grand Prix,HAM,MEDIUM,10,-0.0032931341702823087,99.41209520657854
2024_Las Vegas Grand Prix__HAM__2,2024_Las Vegas Grand Prix,HAM,HARD,9,-0.03617762231416003,97.71820546776969
2024_Las Vegas Grand Prix__HAM__3,2024_Las Vegas Grand Prix,HAM,HARD,22,0.022592382728478726,96.55392703369141
2024_Las Vegas Grand Prix__HUL__1,2024_Las Vegas Grand Prix,HUL,MEDIUM,12,0.1972235487057118,98.86345849559945
2024_Las Vegas Grand Prix__HUL__2,2024_Las Vegas Grand Prix,HUL,HARD,16,0.04049662851001078,98.26307120036843
2024_Las Vegas Grand Prix__HUL__3,2024_Las Vegas Grand Prix,HUL,HARD,16,-0.054386230613515156,98.22830471303057
2024_Las Vegas Grand Prix__LAW__1,2024_Las Vegas Grand Prix,LAW,MEDIUM,8,0.05916961818802104,99.6893370645092
2024_Las Vegas Grand Prix__LAW__2,2024_Las Vegas Grand Prix,LAW,HARD,25,0.0355629227901724,99.21323236148073
2024_Las Vegas Grand Prix__LAW__3,2024_Las Vegas Grand Prix,LAW,HARD,10,0.010022289700727292,97.57017017347232
2024_Las Vegas Grand Prix__LEC__1,2024_Las Vegas Grand Prix,LEC,MEDIUM,5,0.40009712757288013,96.89902158944038
2024_Las Vegas Grand Prix__LEC__2,2024_Las Vegas Grand Prix,LEC,HARD,20,-0.07249552960876153,99.23580447406594
2024_Las Vegas Grand Prix__LEC__3,2024_Las Vegas Grand Prix,LEC,HARD,16,-0.011196274113109602,96.76137530797305
2024_Las Vegas Grand Prix__MAG__1,2024_Las Vegas Grand Prix,MAG,MEDIUM,14,0.231083760352929,98.73750543032396
2024_Las Vegas Grand Prix__MAG__2,2024_Las Vegas Grand Prix,MAG,HARD,30,-0.07031736877051543,99.71703990578072
2024_Las Vegas Grand Prix__NOR__1,2024_Las Vegas Grand Prix,NOR,MEDIUM,7,0.09945468760995367,99.00034380772794
2024_Las Vegas Grand Prix__NOR__2,2024_Las Vegas Grand Prix,NOR,HARD,18,-0.014616192073976252,99.09804412759155
2024_Las Vegas Grand Prix__NOR__3,2024_Las Vegas Grand Prix,NOR,HARD,16,-0.1161214268768135,97.98158513487206
2024_Las Vegas Grand Prix__OCO__1,2024_Las Vegas Grand Prix,OCO,MEDIUM,9,0.1716328145342201,99.0132798521312
2024_Las Vegas Grand Prix__OCO__2,2024_Las Vegas Grand Prix,OCO,HARD,30,0.039496928897639276,98.62250568534166
2024_Las Vegas Grand Prix__PER__1,2024_Las Vegas Grand Prix,PER,HARD,15,0.049312126225989746,99.71004677397657
2024_Las Vegas Grand Prix__PER__2,2024_Las Vegas Grand Prix,PER,MEDIUM,11,0.005122629140378689,98.30802736045317
2024_Las Vegas Grand Prix__PER__3,2024_Las Vegas Grand Prix,PER,HARD,17,-0.0331699173317064,97.89701473320804
2024_Las Vegas Grand Prix__PIA__1,2024_Las Vegas Grand Prix,PIA,MEDIUM,6,0.2837351840692281,97.89272085539876
2024_Las Vegas Grand Prix__PIA__2,2024_Las Vegas Grand Prix,PIA,HARD,13,0.051913603747669734,98.4239426593032
2024_Las Vegas Grand Prix__PIA__3,2024_Las Vegas Grand Prix,PIA,HARD,22,-0.029239192179975837,98.23372985133716
2024_Las Vegas Grand Prix__RUS__1,2024_Las Vegas Grand Prix,RUS,MEDIUM,10,-0.014486801208364458,98.7823595284811
2024_Las Vegas Grand Prix__RUS__2,2024_Las Vegas Grand Prix,RUS,HARD,18,-0.022328212222531143,98.2416799992295
2024_Las Vegas Grand Prix__RUS__3,2024_Las Vegas Grand Prix,RUS,HARD,16,-0.04470083864151951,97.39468723740701
2024_Las Vegas Grand Prix__SAI__1,2024_Las Vegas Grand Prix,SAI,MEDIUM,8,0.17164605280904396,98.17705996831381
2024_Las Vegas Grand Prix__SAI__2,2024_Las Vegas Grand Prix,SAI,HARD,14,-0.059344875257170505,98.80415634902948
2024_Las Vegas Grand Prix__SAI__3,2024_Las Vegas Grand Prix,SAI,HARD,21,-0.047015421128314756,97.45385841333514
2024_Las Vegas Grand Prix__STR__1,2024_Las Vegas Grand Prix,STR,MEDIUM,7,-0.419618074474391,102.68689178714384
2024_Las Vegas Grand Prix__STR__2,2024_Las Vegas Grand Prix,STR,HARD,13,0.00354776181315498,98.87139658725886
2024_Las Vegas Grand Prix__STR__3,2024_Las Vegas Grand Prix,STR,HARD,19,-0.0383768266393302,98.63253186332484
2024_Las Vegas Grand Prix__TSU__1,2024_Las Vegas Grand Prix,TSU,MEDIUM,6,0.1600230319756146,98.5408043585803
2024_Las Vegas Grand Prix__TSU__2,2024_Las Vegas Grand Prix,TSU,HARD,15,0.006102041137878098,99.03029560831257
2024_Las Vegas Grand Prix__TSU__3,2024_Las Vegas Grand Prix,TSU,HARD,19,-0.06387580497389775,98.9388921055054
2024_Las Vegas Grand Prix__VER__1,2024_Las Vegas Grand Prix,VER,MEDIUM,9,0.07470570426117343,98.78485081118319
2024_Las Vegas Grand Prix__VER__2,2024_Las Vegas Grand Prix,VER,HARD,14,-0.03822506294662695,98.53058145044427
2024_Las Vegas Grand Prix__VER__3,2024_Las Vegas Grand Prix,VER,HARD,22,-0.037665335429480036,97.8217795591468
2024_Las Vegas Grand Prix__ZHO__1,2024_Las Vegas Grand Prix,ZHO,MEDIUM,9,0.16970010350691594,98.79571497551625
2024_Las Vegas Grand Prix__ZHO__2,2024_Las Vegas Grand Prix,ZHO,HARD,21,0.040007955495061844,99.06705148026134
2024_Las Vegas Grand Prix__ZHO__3,2024_Las Vegas Grand Prix,ZHO,HARD,14,-0.08898966980526664,98.13359443131424
2024_Mexico City Grand Prix__ALO__1,2024_Mexico City Grand Prix,ALO,MEDIUM,8,0.23935332330879253,80.8135813345582
2024_Mexico City Grand Prix__BOT__1,2024_Mexico City Grand Prix,BOT,HARD,40,-0.0028869166330296727,83.77546309339571
2024_Mexico City Grand Prix__BOT__2,2024_Mexico City Grand Prix,BOT,MEDIUM,18,0.05575847508397078,81.32636758834433
2024_Mexico City Grand Prix__COL__1,2024_Mexico City Grand Prix,COL,HARD,39,-0.004974062350264489,83.6406844081421
2024_Mexico City Grand Prix__COL__2,2024_Mexico City Grand Prix,COL,MEDIUM,20,0.05852373586400718,81.0328740827552
2024_Mexico City Grand Prix__GAS__1,2024_Mexico City Grand Prix,GAS,MEDIUM,19,0.08728902039790844,81.93698663817722
2024_Mexico City Grand Prix__GAS__2,2024_Mexico City Grand Prix,GAS,HARD,38,-0.02260692337403092,82.95891597813778
2024_Mexico City Grand Prix__HAM__1,2024_Mexico City Grand Prix,HAM,MEDIUM,20,0.042608301759198074,82.17694177486406
2024_Mexico City Grand Prix__HAM__2,2024_Mexico City Grand Prix,HAM,HARD,38,-0.007178424739211487,81.64741039145926
2024_Mexico City Grand Prix__HUL__1,2024_Mexico City Grand Prix,HUL,MEDIUM,21,0.07428944480315842,82.04882834476246
2024_Mexico City Grand Prix__HUL__2,2024_Mexico City Grand Prix,HUL,HARD,37,-0.01482440854995858,82.43013921614296
2024_Mexico City Grand Prix__LAW__1,2024_Mexico City Grand Prix,LAW,HARD,30,0.025699720387514204,82.905875779235
2024_Mexico City Grand Prix__LAW__2,2024_Mexico City Grand Prix,LAW,MEDIUM,21,0.0016543202904472946,82.14087015047873
2024_Mexico City Grand Prix__LEC__1,2024_Mexico City Grand Prix,LEC,MEDIUM,24,0.03939082938613028,81.45644628791875
2024_Mexico City Grand Prix__LEC__2,2024_Mexico City Grand Prix,LEC,HARD,34,0.015753746472526173,80.92124591207687
2024_Mexico City Grand Prix__MAG__1,2024_Mexico City Grand Prix,MAG,MEDIUM,23,0.07882368917852577,81.82706217502091
2024_Mexico City Grand Prix__MAG__2,2024_Mexico City Grand Prix,MAG,HARD,38,-0.021162717711052145,82.17892750411514
2024_Mexico City Grand Prix__NOR__1,2024_Mexico City Grand Prix,NOR,MEDIUM,22,0.04316470853601972,81.57491920581835
2024_Mexico City Grand Prix__NOR__2,2024_Mexico City Grand Prix,NOR,HARD,40,-0.015279706476717368,81.24023701464603
2024_Mexico City Grand Prix__OCO__1,2024_Mexico City Grand Prix,OCO,HARD,38,-0.0006389797424233641,83.64247186835452
2024_Mexico City Grand Prix__OCO__2,2024_Mexico City Grand Prix,OCO,MEDIUM,20,0.0003974010831526781,81.81064004770431
2024_Mexico City Grand Prix__PER__1,2024_Mexico City Grand Prix,PER,HARD,13,0.1861405197196131,80.98285674053905
2024_Mexico City Grand Prix__PER__2,2024_Mexico City Grand Prix,PER,MEDIUM,19,0.13026769550135986,81.81365685908887
2024_Mexico City Grand Prix__PER__3,2024_Mexico City Grand Prix,PER,MEDIUM,21,0.049193242451736,81.47687992729367
2024_Mexico City Grand Prix__PIA__1,2024_Mexico City Grand Prix,PIA,MEDIUM,32,-0.010845735051772467,83.52253395546077
2024_Mexico City Grand Prix__PIA__2,2024_Mexico City Grand Prix,PIA,HARD,28,-0.0028176001357929164,81.11095080006693
2024_Mexico City Grand Prix__RUS__1,2024_Mexico City Grand Prix,RUS,MEDIUM,24,0.016023335055159415,82.39673559845129
2024_Mexico City Grand Prix__RUS__2,2024_Mexico City Grand Prix,RUS,HARD,38,0.004253295594783949,81.63404120667387
2024_Mexico City Grand Prix__SAI__1,2024_Mexico City Grand Prix,SAI,MEDIUM,24,0.015215930751440907,81.60245721432439
2024_Mexico City Grand Prix__SAI__2,2024_Mexico City Grand Prix,SAI,HARD,38,-0.008927127880270122,81.31442513466143
2024_Mexico City Grand Prix__STR__1,2024_Mexico City Grand Prix,STR,MEDIUM,17,0.0737636618817033,82.3757454023357
2024_Mexico City Grand Prix__STR__2,2024_Mexico City Grand Prix,STR,HARD,42,-0.02777216069943023,83.26576659800689
2024_Mexico City Grand Prix__VER__1,2024_Mexico City Grand Prix,VER,MEDIUM,18,0.03821552129553447,81.74601289269125
2024_Mexico City Grand Prix__VER__2,2024_Mexico City Grand Prix,VER,HARD,43,-0.007002155884062784,81.99183866616943
2024_Mexico City Grand Prix__ZHO__1,2024_Mexico City Grand Prix,ZHO,HARD,33,0.0156944448221121,83.50225761993076
2024_Mexico City Grand Prix__ZHO__2,2024_Mexico City Grand Prix,ZHO,MEDIUM,23,0.023605833135656326,82.14158772438238
2024_Monaco Grand Prix__ALB__1,2024_Monaco Grand Prix,ALB,HARD,48,-0.04456261931123414,81.90765170682262
2024_Monaco Grand Prix__ALB__2,2024_Monaco Grand Prix,ALB,HARD,24,-0.09718905785846672,85.5022371407573
2024_Monaco Grand Prix__ALO__1,2024_Monaco Grand Prix,ALO,MEDIUM,46,-0.04685683719589307,82.39170827365864
2024_Monaco Grand Prix__ALO__2,2024_Monaco Grand Prix,ALO,MEDIUM,21,-0.04181838878651358,81.94748992411651
2024_Monaco Grand Prix__BOT__1,2024_Monaco Grand Prix,BOT,MEDIUM,11,-0.23335043757199936,84.02351222406627
2024_Monaco Grand Prix__BOT__2,2024_Monaco Grand Prix,BOT,HARD,34,0.07934054791310245,79.26357402990071
2024_Monaco Grand Prix__BOT__3,2024_Monaco Grand Prix,BOT,HARD,22,-0.03507951401519968,80.99059762328454
2024_Monaco Grand Prix__GAS__1,2024_Monaco Grand Prix,GAS,MEDIUM,47,-0.038803828792251346,81.91717583099587
2024_Monaco Grand Prix__GAS__2,2024_Monaco Grand Prix,GAS,MEDIUM,25,-0.11850407393563674,86.81706858770261
2024_Monaco Grand Prix__HAM__1,2024_Monaco Grand Prix,HAM,MEDIUM,47,-0.0849248972473855,81.9949619087017
2024_Monaco Grand Prix__HAM__2,2024_Monaco Grand Prix,HAM,HARD,25,-0.0015504134581835946,76.09433058289356
2024_Monaco Grand Prix__LEC__1,2024_Monaco Grand Prix,LEC,HARD,49,-0.05072040046624935,80.72083164892713
2024_Monaco Grand Prix__LEC__2,2024_Monaco Grand Prix,LEC,HARD,24,-0.049306682631289254,80.2631468485722
2024_Monaco Grand Prix__NOR__1,2024_Monaco Grand Prix,NOR,HARD,49,-0.05540764536420849,80.93920306980154
2024_Monaco Grand Prix__NOR__2,2024_Monaco Grand Prix,NOR,HARD,25,-0.04344330470486782,80.2307318924075
2024_Monaco Grand Prix__PIA__1,2024_Monaco Grand Prix,PIA,HARD,49,-0.050243767813188206,80.77181858000563
2024_Monaco Grand Prix__PIA__2,2024_Monaco Grand Prix,PIA,HARD,25,-0.01717868932025239,78.52714727702288
2024_Monaco Grand Prix__RIC__1,2024_Monaco Grand Prix,RIC,HARD,46,-0.04722153772836787,82.4197010428877
2024_Monaco Grand Prix__RIC__2,2024_Monaco Grand Prix,RIC,HARD,22,-0.047449923687064036,82.32597334107115
2024_Monaco Grand Prix__RUS__1,2024_Monaco Grand Prix,RUS,MEDIUM,48,-0.07208215904202012,81.65171117635512
2024_Monaco Grand Prix__RUS__2,2024_Monaco Grand Prix,RUS,MEDIUM,22,-0.07789027554527703,81.74354151967512
2024_Monaco Grand Prix__SAI__1,2024_Monaco Grand Prix,SAI,HARD,49,-0.0531435637315554,80.81809379178428
2024_Monaco Grand Prix__SAI__2,2024_Monaco Grand Prix,SAI,HARD,23,-0.05282812644549988,80.97792653628107
2024_Monaco Grand Prix__SAR__1,2024_Monaco Grand Prix,SAR,HARD,45,-0.03197685607993378,82.15426755381884
2024_Monaco Grand Prix__SAR__2,2024_Monaco Grand Prix,SAR,HARD,5,0.05058592606436467,78.88176266163818
2024_Monaco Grand Prix__SAR__3,2024_Monaco Grand Prix,SAR,MEDIUM,14,0.08296897078654307,75.84052903637487
2024_Monaco Grand Prix__STR__1,2024_Monaco Grand Prix,STR,MEDIUM,38,-0.06292701845910788,82.42984601867951
2024_Monaco Grand Prix__STR__4,2024_Monaco Grand Prix,STR,SOFT,22,0.05110928935062755,77.84233692017312
2024_Monaco Grand Prix__TSU__1,2024_Monaco Grand Prix,TSU,HARD,48,-0.04082759977150326,81.84050128879126
2024_Monaco Grand Prix__TSU__2,2024_Monaco Grand Prix,TSU,HARD,23,-0.16439389967290258,89.21613558389029
2024_Monaco Grand Prix__VER__1,2024_Monaco Grand Prix,VER,MEDIUM,47,-0.07001688958212082,81.5654202350238
2024_Monaco Grand Prix__VER__2,2024_Monaco Grand Prix,VER,HARD,25,0.017245926064363103,75.90794489092079
2024_Monaco Grand Prix__ZHO__1,2024_Monaco Grand Prix,ZHO,HARD,44,-0.03171753645537947,82.10472511546354
2024_Monaco Grand Prix__ZHO__2,2024_Monaco Grand Prix,ZHO,HARD,18,0.0016594038765402528,80.54290999121143
2024_Monaco Grand Prix__ZHO__3,2024_Monaco Grand Prix,ZHO,SOFT,5,-0.7245140739356374,81.09497748614368
2024_Saudi Arabian Grand Prix__ALB__2,2024_Saudi Arabian Grand Prix,ALB,HARD,40,-0.0871728919468941,96.95082136735336
2024_Saudi Arabian Grand Prix__ALO__2,2024_Saudi Arabian Grand Prix,ALO,HARD,38,-0.06460641445429333,95.28445898178417
2024_Saudi Arabian Grand Prix__BEA__2,2024_Saudi Arabian Grand Prix,BEA,HARD,40,-0.07639090320392973,95.6159446318937
2024_Saudi Arabian Grand Prix__BOT__2,2024_Saudi Arabian Grand Prix,BOT,HARD,24,-0.029569291326941544,96.42059501365405
2024_Saudi Arabian Grand Prix__BOT__3,2024_Saudi Arabian Grand Prix,BOT,SOFT,12,-0.013396201987226358,93.36016192096606
2024_Saudi Arabian Grand Prix__HAM__2,2024_Saudi Arabian Grand Prix,HAM,MEDIUM,26,-0.05500313376469693,95.40910112317674
2024_Saudi Arabian Grand Prix__HAM__3,2024_Saudi Arabian Grand Prix,HAM,SOFT,13,0.07854526672370317,91.74779162835566
2024_Saudi Arabian Grand Prix__HUL__2,2024_Saudi Arabian Grand Prix,HUL,MEDIUM,18,-0.06733028630148406,96.49541978007309
2024_Saudi Arabian Grand Prix__HUL__3,2024_Saudi Arabian Grand Prix,HUL,HARD,15,-0.053910502507065874,93.51249941223844
2024_Saudi Arabian Grand Prix__LEC__2,2024_Saudi Arabian Grand Prix,LEC,HARD,38,-0.05457489374046681,94.58732132581298
2024_Saudi Arabian Grand Prix__MAG__2,2024_Saudi Arabian Grand Prix,MAG,HARD,39,-0.08828553142551557,96.89379997404832
2024_Saudi Arabian Grand Prix__NOR__2,2024_Saudi Arabian Grand Prix,NOR,MEDIUM,24,-0.016124030089462043,94.24609204974675
2024_Saudi Arabian Grand Prix__NOR__3,2024_Saudi Arabian Grand Prix,NOR,SOFT,12,0.05874606592450298,91.77014781485497
2024_Saudi Arabian Grand Prix__OCO__2,2024_Saudi Arabian Grand Prix,OCO,HARD,39,-0.05552439782227683,96.45449902937898
2024_Saudi Arabian Grand Prix__PER__1,2024_Saudi Arabian Grand Prix,PER,MEDIUM,5,-0.1490215416079821,94.635
2024_Saudi Arabian Grand Prix__PER__2,2024_Saudi Arabian Grand Prix,PER,HARD,40,-0.025834336599802225,93.6909903166967
2024_Saudi Arabian Grand Prix__PIA__1,2024_Saudi Arabian Grand Prix,PIA,MEDIUM,5,-0.13422154160797822,95.07039999999999
2024_Saudi Arabian Grand Prix__PIA__2,2024_Saudi Arabian Grand Prix,PIA,HARD,39,-0.050893630585883455,94.85837715070097
2024_Saudi Arabian Grand Prix__RIC__2,2024_Saudi Arabian Grand Prix,RIC,HARD,38,-0.05989465925468394,96.67877417127578
2024_Saudi Arabian Grand Prix__RUS__2,2024_Saudi Arabian Grand Prix,RUS,HARD,37,-0.063076155557377,95.18894438764148
2024_Saudi Arabian Grand Prix__SAR__2,2024_Saudi Arabian Grand Prix,SAR,HARD,39,-0.0592843168506169,96.57256691062054
2024_Saudi Arabian Grand Prix__TSU__2,2024_Saudi Arabian Grand Prix,TSU,HARD,39,-0.059323183247377995,96.61102494031014
2024_Saudi Arabian Grand Prix__VER__1,2024_Saudi Arabian Grand Prix,VER,MEDIUM,5,-0.13202154160798046,94.38499999999999
2024_Saudi Arabian Grand Prix__VER__2,2024_Saudi Arabian Grand Prix,VER,HARD,35,-0.0243461344612689,93.37913584452524
2024_Saudi Arabian Grand Prix__ZHO__2,2024_Saudi Arabian Grand Prix,ZHO,MEDIUM,28,-0.06893088460715432,96.94976408652836
2024_Saudi Arabian Grand Prix__ZHO__3,2024_Saudi Arabian Grand Prix,ZHO,SOFT,6,-0.08896811120271841,93.47899681040138
2024_Singapore Grand Prix__ALB__1,2024_Singapore Grand Prix,ALB,MEDIUM,9,-0.058749896493084715,99.88233730124537
2024_Singapore Grand Prix__ALO__1,2024_Singapore Grand Prix,ALO,MEDIUM,23,0.01580887982186805,98.79470697826486
2024_Singapore Grand Prix__ALO__2,2024_Singapore Grand Prix,ALO,HARD,32,-0.005137315581596543,98.7276096941481
2024_Singapore Grand Prix__BOT__1,2024_Singapore Grand Prix,BOT,HARD,27,0.027634875613057764,99.82152489580533
2024_Singapore Grand Prix__BOT__2,2024_Singapore Grand Prix,BOT,MEDIUM,25,0.0022258650788806486,98.63844538323355
2024_Singapore Grand Prix__COL__1,2024_Singapore Grand Prix,COL,MEDIUM,26,0.03660448530396335,98.68591427973054
2024_Singapore Grand Prix__COL__2,2024_Singapore Grand Prix,COL,HARD,29,0.018147456060597814,98.16644323184899
2024_Singapore Grand Prix__GAS__1,2024_Singapore Grand Prix,GAS,MEDIUM,30,0.059953083240503725,99.03319440281192
2024_Singapore Grand Prix__GAS__2,2024_Singapore Grand Prix,GAS,SOFT,23,0.06338394174048283,97.64190563920887
2024_Singapore Grand Prix__HAM__1,2024_Singapore Grand Prix,HAM,SOFT,14,-0.061622865144427774,99.09574902699217
2024_Singapore Grand Prix__HAM__2,2024_Singapore Grand Prix,HAM,HARD,43,0.016052816760958245,98.43205593051883
2024_Singapore Grand Prix__HUL__1,2024_Singapore Grand Prix,HUL,MEDIUM,25,0.04410328622681851,98.50391362342529
2024_Singapore Grand Prix__HUL__2,2024_Singapore Grand Prix,HUL,HARD,29,0.02367622919616665,98.09352255424199
2024_Singapore Grand Prix__LEC__1,2024_Singapore Grand Prix,LEC,MEDIUM,34,0.014495552498389776,98.8284194372765
2024_Singapore Grand Prix__LEC__2,2024_Singapore Grand Prix,LEC,HARD,25,0.080470161807079,96.00374358317775
2024_Singapore Grand Prix__MAG__1,2024_Singapore Grand Prix,MAG,HARD,24,0.07375963228394543,98.85330635413314
2024_Singapore Grand Prix__MAG__2,2024_Singapore Grand Prix,MAG,MEDIUM,16,0.014086752105258978,98.52993385054725
2024_Singapore Grand Prix__MAG__3,2024_Singapore Grand Prix,MAG,SOFT,6,0.6303287832072186,95.22550085334427
2024_Singapore Grand Prix__NOR__1,2024_Singapore Grand Prix,NOR,MEDIUM,24,0.017127230412188898,97.00356014492755
2024_Singapore Grand Prix__NOR__2,2024_Singapore Grand Prix,NOR,HARD,29,0.023216665137979736,96.75966687732802
2024_Singapore Grand Prix__OCO__1,2024_Singapore Grand Prix,OCO,MEDIUM,25,0.07514797704933084,98.63477588824782
2024_Singapore Grand Prix__OCO__2,2024_Singapore Grand Prix,OCO,HARD,26,0.012620972100723616,98.68497964778132
2024_Singapore Grand Prix__PER__1,2024_Singapore Grand Prix,PER,MEDIUM,26,0.0357763034958241,98.85713285864313
2024_Singapore Grand Prix__PER__2,2024_Singapore Grand Prix,PER,HARD,30,0.019042744714248837,98.11198247967162
2024_Singapore Grand Prix__PIA__1,2024_Singapore Grand Prix,PIA,MEDIUM,35,-0.0070907526800308,98.72188336107946
2024_Singapore Grand Prix__PIA__2,2024_Singapore Grand Prix,PIA,HARD,22,0.03421515256812042,96.61243337127927
2024_Singapore Grand Prix__RIC__1,2024_Singapore Grand Prix,RIC,SOFT,8,-0.12377851808077271,100.48664977550303
2024_Singapore Grand Prix__RIC__2,2024_Singapore Grand Prix,RIC,MEDIUM,24,0.09545427547544888,98.19269738466024
2024_Singapore Grand Prix__RIC__3,2024_Singapore Grand Prix,RIC,SOFT,9,-0.0024474072689704557,97.71158593229401
2024_Singapore Grand Prix__RUS__1,2024_Singapore Grand Prix,RUS,MEDIUM,24,0.00902035919018552,98.45872703333765
2024_Singapore Grand Prix__RUS__2,2024_Singapore Grand Prix,RUS,HARD,32,0.019899777593735405,97.70668833819387
2024_Singapore Grand Prix__SAI__1,2024_Singapore Grand Prix,SAI,MEDIUM,10,-0.10825247420991202,99.83881599725724
2024_Singapore Grand Prix__SAI__2,2024_Singapore Grand Prix,SAI,HARD,47,0.007626938742446243,98.59706588597658
2024_Singapore Grand Prix__STR__1,2024_Singapore Grand Prix,STR,HARD,20,0.051726547926168535,99.18269586541649
2024_Singapore Grand Prix__STR__2,2024_Singapore Grand Prix,STR,MEDIUM,31,0.011938553091389812,98.73762871377122
2024_Singapore Grand Prix__TSU__1,2024_Singapore Grand Prix,TSU,MEDIUM,29,0.052328407802999785,98.76708345048236
2024_Singapore Grand Prix__TSU__2,2024_Singapore Grand Prix,TSU,SOFT,25,-0.05177716299865457,98.83229467300251
2024_Singapore Grand Prix__VER__1,2024_Singapore Grand Prix,VER,MEDIUM,24,0.04142201302088464,97.55481565217391
2024_Singapore Grand Prix__VER__2,2024_Singapore Grand Prix,VER,HARD,32,-0.011860041677572432,97.36387129135039
2024_Singapore Grand Prix__ZHO__1,2024_Singapore Grand Prix,ZHO,HARD,29,0.044254772050743095,99.52225653610726
2024_Singapore Grand Prix__ZHO__2,2024_Singapore Grand Prix,ZHO,MEDIUM,26,0.018188319226756164,98.57306370841056
2024_Spanish Grand Prix__ALB__1,2024_Spanish Grand Prix,ALB,MEDIUM,16,0.04392480830638343,82.23803311398669
2024_Spanish Grand Prix__ALB__2,2024_Spanish Grand Prix,ALB,SOFT,22,0.07608383684923033,80.48127635507689
2024_Spanish Grand Prix__ALB__3,2024_Spanish Grand Prix,ALB,SOFT,15,0.0193026164254661,80.23343493478006
2024_Spanish Grand Prix__ALO__1,2024_Spanish Grand Prix,ALO,SOFT,17,-0.015325590374101956,82.44772708122068
2024_Spanish Grand Prix__ALO__2,2024_Spanish Grand Prix,ALO,MEDIUM,23,-0.0002850127624965707,81.19944833063953
2024_Spanish Grand Prix__ALO__3,2024_Spanish Grand Prix,ALO,HARD,17,0.0669076837435439,78.84218871563748
2024_Spanish Grand Prix__BOT__1,2024_Spanish Grand Prix,BOT,SOFT,8,-0.011911806772021135,82.37116594255633
2024_Spanish Grand Prix__BOT__2,2024_Spanish Grand Prix,BOT,SOFT,15,0.2222287832072199,79.06060245110557
2024_Spanish Grand Prix__BOT__3,2024_Spanish Grand Prix,BOT,HARD,30,0.02001603444097171,80.87424448893422
2024_Spanish Grand Prix__GAS__1,2024_Spanish Grand Prix,GAS,SOFT,12,0.08727609836513604,80.37654451915054
2024_Spanish Grand Prix__GAS__2,2024_Spanish Grand Prix,GAS,MEDIUM,20,0.06433894132229451,80.04383414191838
2024_Spanish Grand Prix__GAS__3,2024_Spanish Grand Prix,GAS,HARD,26,0.012891567090003955,79.70179605721228
2024_Spanish Grand Prix__HAM__1,2024_Spanish Grand Prix,HAM,SOFT,14,0.09968815595732487,80.01133190670197
2024_Spanish Grand Prix__HAM__2,2024_Spanish Grand Prix,HAM,MEDIUM,24,0.017423418025777626,79.90290738220506
2024_Spanish Grand Prix__HAM__3,2024_Spanish Grand Prix,HAM,SOFT,18,0.06806855780118892,77.90623242094112
2024_Spanish Grand Prix__HUL__1,2024_Spanish Grand Prix,HUL,SOFT,10,0.0079838894264514,81.67177963362087
2024_Spanish Grand Prix__HUL__2,2024_Spanish Grand Prix,HUL,MEDIUM,23,0.02625891887671942,80.87802335079847
2024_Spanish Grand Prix__HUL__3,2024_Spanish Grand Prix,HUL,HARD,26,0.01482387478231163,79.66246990336612
2024_Spanish Grand Prix__LEC__1,2024_Spanish Grand Prix,LEC,SOFT,22,0.02825278992342778,80.86603765150733
2024_Spanish Grand Prix__LEC__2,2024_Spanish Grand Prix,LEC,MEDIUM,19,0.035635386440558046,79.44246848878645
2024_Spanish Grand Prix__LEC__3,2024_Spanish Grand Prix,LEC,SOFT,18,0.07628169489821197,77.84651719587994
2024_Spanish Grand Prix__MAG__1,2024_Spanish Grand Prix,MAG,SOFT,7,-0.06501110632961936,82.71203717617072
2024_Spanish Grand Prix__MAG__2,2024_Spanish Grand Prix,MAG,MEDIUM,16,0.07239327900553898,80.95524839287015
2024_Spanish Grand Prix__MAG__3,2024_Spanish Grand Prix,MAG,HARD,33,0.04004703983599861,80.46040025876498
2024_Spanish Grand Prix__NOR__1,2024_Spanish Grand Prix,NOR,SOFT,21,0.01189583076096408,80.8344170118677
2024_Spanish Grand Prix__NOR__2,2024_Spanish Grand Prix,NOR,MEDIUM,21,-0.022967320688883554,80.07590735938699
2024_Spanish Grand Prix__NOR__3,2024_Spanish Grand Prix,NOR,SOFT,18,0.08539315000657167,77.31623477413932
2024_Spanish Grand Prix__OCO__1,2024_Spanish Grand Prix,OCO,SOFT,11,0.059738774320648926,80.94737070436976
2024_Spanish Grand Prix__OCO__2,2024_Spanish Grand Prix,OCO,MEDIUM,21,0.070417661601553,80.35501837816092
2024_Spanish Grand Prix__OCO__3,2024_Spanish Grand Prix,OCO,HARD,26,0.01047515683359355,79.80566654140432
2024_Spanish Grand Prix__PER__1,2024_Spanish Grand Prix,PER,SOFT,11,-0.022433952952078517,81.96264343164249
2024_Spanish Grand Prix__PER__2,2024_Spanish Grand Prix,PER,SOFT,16,0.08770210253495113,79.83268221639956
2024_Spanish Grand Prix__PER__3,2024_Spanish Grand Prix,PER,MEDIUM,16,0.055235926064363276,79.06160136963352
2024_Spanish Grand Prix__PER__4,2024_Spanish Grand Prix,PER,SOFT,16,0.093509455476127,78.08779614295192
2024_Spanish Grand Prix__PIA__1,2024_Spanish Grand Prix,PIA,SOFT,19,0.05020989791479186,80.81700808482135
2024_Spanish Grand Prix__PIA__2,2024_Spanish Grand Prix,PIA,MEDIUM,20,0.003986019829013974,80.00538590880237
2024_Spanish Grand Prix__PIA__3,2024_Spanish Grand Prix,PIA,SOFT,18,0.05484929035744851,77.9938942557117
2024_Spanish Grand Prix__RIC__1,2024_Spanish Grand Prix,RIC,SOFT,14,-0.06805250338333421,83.01204912182668
2024_Spanish Grand Prix__RIC__2,2024_Spanish Grand Prix,RIC,MEDIUM,24,0.028713317368710706,81.11342602939273
2024_Spanish Grand Prix__RIC__3,2024_Spanish Grand Prix,RIC,HARD,21,-0.07324319201556467,81.74442073555583
2024_Spanish Grand Prix__RUS__1,2024_Spanish Grand Prix,RUS,SOFT,12,0.08173634348100976,80.12553673672555
2024_Spanish Grand Prix__RUS__2,2024_Spanish Grand Prix,RUS,MEDIUM,18,0.032340518427623595,79.83211722167837
2024_Spanish Grand Prix__RUS__3,2024_Spanish Grand Prix,RUS,HARD,29,0.02487656645845149,79.02576437433959
2024_Spanish Grand Prix__SAI__1,2024_Spanish Grand Prix,SAI,SOFT,12,0.07865441715965531,80.4545393064497
2024_Spanish Grand Prix__SAI__2,2024_Spanish Grand Prix,SAI,MEDIUM,17,0.026125817023017986,80.0428222023084
2024_Spanish Grand Prix__SAI__3,2024_Spanish Grand Prix,SAI,HARD,27,0.025314825403742396,79.10670521430237
2024_Spanish Grand Prix__SAR__1,2024_Spanish Grand Prix,SAR,SOFT,12,-0.02445816736912992,83.10537980725293
2024_Spanish Grand Prix__SAR__2,2024_Spanish Grand Prix,SAR,MEDIUM,17,0.12078910876601473,80.88864976162196
2024_Spanish Grand Prix__SAR__3,2024_Spanish Grand Prix,SAR,HARD,25,0.06163537391712369,80.63715276132356
2024_Spanish Grand Prix__STR__1,2024_Spanish Grand Prix,STR,SOFT,15,-0.023182864537537234,82.27095093294618
2024_Spanish Grand Prix__STR__2,2024_Spanish Grand Prix,STR,MEDIUM,17,0.027336092177319422,81.0248650534189
2024_Spanish Grand Prix__STR__3,2024_Spanish Grand Prix,STR,HARD,26,-0.02074193718350057,80.87514557260491
2024_Spanish Grand Prix__TSU__1,2024_Spanish Grand Prix,TSU,SOFT,7,0.15241763981132295,82.15480942695514
2024_Spanish Grand Prix__TSU__2,2024_Spanish Grand Prix,TSU,MEDIUM,14,0.004709403557743058,81.7721213448495
2024_Spanish Grand Prix__TSU__3,2024_Spanish Grand Prix,TSU,HARD,13,0.13559383422762838,79.65129975721281
2024_Spanish Grand Prix__TSU__4,2024_Spanish Grand Prix,TSU,SOFT,18,-0.014517761656311938,80.65677491102026
2024_Spanish Grand Prix__VER__1,2024_Spanish Grand Prix,VER,SOFT,14,0.05941554642246387,80.1393679831632
2024_Spanish Grand Prix__VER__2,2024_Spanish Grand Prix,VER,MEDIUM,24,0.022144602022551155,79.70196082633524
2024_Spanish Grand Prix__VER__3,2024_Spanish Grand Prix,VER,SOFT,21,0.06721709489553178,77.9143979539248
2024_Spanish Grand Prix__ZHO__1,2024_Spanish Grand Prix,ZHO,SOFT,7,-0.033653788760109424,82.77288085552658
2024_Spanish Grand Prix__ZHO__2,2024_Spanish Grand Prix,ZHO,MEDIUM,30,0.02888114297203801,80.97226491724092
2024_Spanish Grand Prix__ZHO__3,2024_Spanish Grand Prix,ZHO,HARD,20,0.06122831275168478,79.13291096134506
2025_Abu Dhabi Grand Prix__ALB__1,2025_Abu Dhabi Grand Prix,ALB,SOFT,6,-0.2101336937015966,91.50364050697871
2025_Abu Dhabi Grand Prix__ALB__2,2025_Abu Dhabi Grand Prix,ALB,HARD,22,0.05544371191999376,89.60529954716719
2025_Abu Dhabi Grand Prix__ALB__3,2025_Abu Dhabi Grand Prix,ALB,MEDIUM,23,0.038750819461451036,88.7572667243865
2025_Abu Dhabi Grand Prix__ALO__1,2025_Abu Dhabi Grand Prix,ALO,MEDIUM,13,-0.013075291350156084,90.29553416257681
2025_Abu Dhabi Grand Prix__ALO__2,2025_Abu Dhabi Grand Prix,ALO,HARD,41,-0.03015413936990554,90.65552200497386
2025_Abu Dhabi Grand Prix__ANT__1,2025_Abu Dhabi Grand Prix,ANT,HARD,30,0.01941109545755189,90.5606931461046
2025_Abu Dhabi Grand Prix__ANT__2,2025_Abu Dhabi Grand Prix,ANT,MEDIUM,25,0.06455967979447673,88.41594662709673
2025_Abu Dhabi Grand Prix__BEA__1,2025_Abu Dhabi Grand Prix,BEA,MEDIUM,12,0.04127753445597157,90.28369848842817
2025_Abu Dhabi Grand Prix__BEA__2,2025_Abu Dhabi Grand Prix,BEA,HARD,37,-0.007659386983387575,90.01825381050362
2025_Abu Dhabi Grand Prix__BOR__1,2025_Abu Dhabi Grand Prix,BOR,MEDIUM,13,-0.00016717258807954645,90.23739893958451
2025_Abu Dhabi Grand Prix__BOR__2,2025_Abu Dhabi Grand Prix,BOR,HARD,40,-0.007321582068753549,90.33731371644078
2025_Abu Dhabi Grand Prix__COL__1,2025_Abu Dhabi Grand Prix,COL,MEDIUM,13,0.0017009592800529515,91.13624322068038
2025_Abu Dhabi Grand Prix__COL__2,2025_Abu Dhabi Grand Prix,COL,HARD,22,0.05126678433652537,89.56032361710888
2025_Abu Dhabi Grand Prix__COL__3,2025_Abu Dhabi Grand Prix,COL,MEDIUM,15,0.06622521177864849,88.26588347114593
2025_Abu Dhabi Grand Prix__GAS__1,2025_Abu Dhabi Grand Prix,GAS,MEDIUM,11,0.006170799203049461,90.93158661393055
2025_Abu Dhabi Grand Prix__GAS__2,2025_Abu Dhabi Grand Prix,GAS,HARD,21,0.04157860979500133,89.54737626107114
2025_Abu Dhabi Grand Prix__GAS__3,2025_Abu Dhabi Grand Prix,GAS,MEDIUM,15,0.11389306892150565,87.47275307390525
2025_Abu Dhabi Grand Prix__HAD__1,2025_Abu Dhabi Grand Prix,HAD,MEDIUM,12,0.06829710583285076,89.9246412594952
2025_Abu Dhabi Grand Prix__HAD__2,2025_Abu Dhabi Grand Prix,HAD,HARD,39,-0.003394882131806309,90.38041568802439
2025_Abu Dhabi Grand Prix__HAM__1,2025_Abu Dhabi Grand Prix,HAM,SOFT,5,-0.049119718106593664,90.55949609249703
2025_Abu Dhabi Grand Prix__HAM__2,2025_Abu Dhabi Grand Prix,HAM,HARD,19,0.05618629665533137,89.20405611078483
2025_Abu Dhabi Grand Prix__HAM__3,2025_Abu Dhabi Grand Prix,HAM,MEDIUM,26,0.03871226582637751,88.6778256246989
2025_Abu Dhabi Grand Prix__HUL__1,2025_Abu Dhabi Grand Prix,HUL,SOFT,5,-0.30292154160798224,91.92840000000001
2025_Abu Dhabi Grand Prix__HUL__2,2025_Abu Dhabi Grand Prix,HUL,HARD,32,0.040438273003572875,89.39576644182031
2025_Abu Dhabi Grand Prix__HUL__3,2025_Abu Dhabi Grand Prix,HUL,MEDIUM,15,0.10021870662165636,87.59362728922802
2025_Abu Dhabi Grand Prix__LAW__1,2025_Abu Dhabi Grand Prix,LAW,MEDIUM,19,0.09327872627608458,89.89147140502156
2025_Abu Dhabi Grand Prix__LAW__2,2025_Abu Dhabi Grand Prix,LAW,HARD,34,0.00018767551224743118,89.81823658263069
2025_Abu Dhabi Grand Prix__LEC__1,2025_Abu Dhabi Grand Prix,LEC,MEDIUM,14,0.02622575057172951,89.65863120381809
2025_Abu Dhabi Grand Prix__LEC__2,2025_Abu Dhabi Grand Prix,LEC,HARD,17,-0.04284754291172963,89.52366017936248
2025_Abu Dhabi Grand Prix__LEC__3,2025_Abu Dhabi Grand Prix,LEC,MEDIUM,16,0.10382242289498468,86.3937368921965
2025_Abu Dhabi Grand Prix__NOR__1,2025_Abu Dhabi Grand Prix,NOR,MEDIUM,11,-0.00925840383254387,89.92388191190251
2025_Abu Dhabi Grand Prix__NOR__2,2025_Abu Dhabi Grand Prix,NOR,HARD,22,-0.07134196537750735,89.62431382300385
2025_Abu Dhabi Grand Prix__NOR__3,2025_Abu Dhabi Grand Prix,NOR,HARD,16,0.10323445547612722,86.78183998375098
2025_Abu Dhabi Grand Prix__OCO__1,2025_Abu Dhabi Grand Prix,OCO,MEDIUM,16,0.06416211637952475,89.98932998619819
2025_Abu Dhabi Grand Prix__OCO__2,2025_Abu Dhabi Grand Prix,OCO,HARD,38,-0.007385951765498573,89.87029826405642
2025_Abu Dhabi Grand Prix__PIA__1,2025_Abu Dhabi Grand Prix,PIA,HARD,39,-0.00842662454292442,89.7858584345479
2025_Abu Dhabi Grand Prix__PIA__2,2025_Abu Dhabi Grand Prix,PIA,MEDIUM,14,0.09577705032471806,86.93165077928977
2025_Abu Dhabi Grand Prix__RUS__1,2025_Abu Dhabi Grand Prix,RUS,MEDIUM,12,0.017653749189494056,89.93598510350122
2025_Abu Dhabi Grand Prix__RUS__2,2025_Abu Dhabi Grand Prix,RUS,HARD,40,-0.019449397843060604,90.08571380873913
2025_Abu Dhabi Grand Prix__SAI__1,2025_Abu Dhabi Grand Prix,SAI,MEDIUM,15,0.09960181199415108,89.73535207101843
2025_Abu Dhabi Grand Prix__SAI__2,2025_Abu Dhabi Grand Prix,SAI,HARD,39,0.00988307364568759,89.75814280862231
2025_Abu Dhabi Grand Prix__STR__1,2025_Abu Dhabi Grand Prix,STR,HARD,36,-0.005798691939542583,90.59137757439548
2025_Abu Dhabi Grand Prix__STR__2,2025_Abu Dhabi Grand Prix,STR,MEDIUM,15,0.04595061183252378,88.11962037460691
2025_Abu Dhabi Grand Prix__TSU__1,2025_Abu Dhabi Grand Prix,TSU,HARD,30,0.011374270645013706,90.4685452903533
2025_Abu Dhabi Grand Prix__TSU__2,2025_Abu Dhabi Grand Prix,TSU,MEDIUM,25,0.052277011235115634,88.90319145460015
2025_Abu Dhabi Grand Prix__VER__1,2025_Abu Dhabi Grand Prix,VER,MEDIUM,20,7.164035007722841e-05,89.67842857142858
2025_Abu Dhabi Grand Prix__VER__2,2025_Abu Dhabi Grand Prix,VER,HARD,33,0.022254910021582003,88.04572924065683
2025_Austrian Grand Prix__ALB__1,2025_Austrian Grand Prix,ALB,MEDIUM,7,0.09270428764746763,70.31701603262866
2025_Austrian Grand Prix__ALO__1,2025_Austrian Grand Prix,ALO,MEDIUM,24,0.03804853476001504,70.92231441673333
2025_Austrian Grand Prix__ALO__3,2025_Austrian Grand Prix,ALO,HARD,32,0.023019858151484038,70.36753249703501
2025_Austrian Grand Prix__BEA__1,2025_Austrian Grand Prix,BEA,SOFT,7,-0.15343550250706472,72.39314123306684
2025_Austrian Grand Prix__BEA__2,2025_Austrian Grand Prix,BEA,HARD,17,0.04315207625559104,71.27834399792962
2025_Austrian Grand Prix__BEA__3,2025_Austrian Grand Prix,BEA,HARD,8,-0.006745026316588719,71.73693823306994
2025_Austrian Grand Prix__BEA__4,2025_Austrian Grand Prix,BEA,MEDIUM,25,0.033313599972026264,70.4562944203355
2025_Austrian Grand Prix__BOR__1,2025_Austrian Grand Prix,BOR,MEDIUM,16,0.064373208883169,70.65383012923166
2025_Austrian Grand Prix__BOR__2,2025_Austrian Grand Prix,BOR,MEDIUM,7,0.056028783207219726,70.7300116825735
2025_Austrian Grand Prix__BOR__3,2025_Austrian Grand Prix,BOR,MEDIUM,18,0.02940656589924453,70.58938927707297
2025_Austrian Grand Prix__BOR__4,2025_Austrian Grand Prix,BOR,HARD,19,0.05766590725387338,69.78235100432785
2025_Austrian Grand Prix__COL__1,2025_Austrian Grand Prix,COL,SOFT,9,-0.02305971779343564,71.79964722102548
2025_Austrian Grand Prix__COL__2,2025_Austrian Grand Prix,COL,MEDIUM,14,0.08238502022245123,70.66801946914427
2025_Austrian Grand Prix__COL__3,2025_Austrian Grand Prix,COL,MEDIUM,7,-0.01784958118201265,72.62417283593815
2025_Austrian Grand Prix__COL__4,2025_Austrian Grand Prix,COL,HARD,26,0.03989209322894739,70.31270217888014
2025_Austrian Grand Prix__GAS__1,2025_Austrian Grand Prix,GAS,SOFT,8,0.07773605370697181,70.52526754508344
2025_Austrian Grand Prix__GAS__2,2025_Austrian Grand Prix,GAS,HARD,15,0.08547332431695887,70.68662789695041
2025_Austrian Grand Prix__GAS__3,2025_Austrian Grand Prix,GAS,HARD,7,0.021883259038526247,71.75182731043195
2025_Austrian Grand Prix__GAS__4,2025_Austrian Grand Prix,GAS,MEDIUM,28,0.03645842393479964,70.62292728401515
2025_Austrian Grand Prix__HAD__1,2025_Austrian Grand Prix,HAD,MEDIUM,24,0.03281348324670358,71.55905049243395
2025_Austrian Grand Prix__HAD__2,2025_Austrian Grand Prix,HAD,HARD,38,0.04810272663709237,70.39878451380214
2025_Austrian Grand Prix__HAM__1,2025_Austrian Grand Prix,HAM,MEDIUM,22,0.04554430750675043,70.41756371105251
2025_Austrian Grand Prix__HAM__3,2025_Austrian Grand Prix,HAM,HARD,18,0.0480128610488829,69.69653562566107
2025_Austrian Grand Prix__HAM__4,2025_Austrian Grand Prix,HAM,MEDIUM,19,0.04951048746787165,69.20203139093745
2025_Austrian Grand Prix__HUL__1,2025_Austrian Grand Prix,HUL,SOFT,8,-0.14012597869754173,72.55217694735258
2025_Austrian Grand Prix__HUL__2,2025_Austrian Grand Prix,HUL,MEDIUM,15,0.013109159020302723,71.00805886529379
2025_Austrian Grand Prix__HUL__3,2025_Austrian Grand Prix,HUL,MEDIUM,11,-0.017704983026546283,71.69935838549962
2025_Austrian Grand Prix__HUL__4,2025_Austrian Grand Prix,HUL,MEDIUM,24,-0.00024519342096351404,70.65442209138962
2025_Austrian Grand Prix__LAW__1,2025_Austrian Grand Prix,LAW,MEDIUM,26,0.04529892365129221,71.01677164102597
2025_Austrian Grand Prix__LAW__3,2025_Austrian Grand Prix,LAW,HARD,34,0.003590293691599197,70.72039259249698
2025_Austrian Grand Prix__LEC__1,2025_Austrian Grand Prix,LEC,MEDIUM,21,0.07493749675121072,69.86051254958777
2025_Austrian Grand Prix__LEC__3,2025_Austrian Grand Prix,LEC,HARD,15,0.021750332844023994,69.79539391432094
2025_Austrian Grand Prix__LEC__4,2025_Austrian Grand Prix,LEC,MEDIUM,19,0.007343432425685753,69.58017399038533
2025_Austrian Grand Prix__NOR__1,2025_Austrian Grand Prix,NOR,MEDIUM,16,0.12052563194671592,69.04045588235294
2025_Austrian Grand Prix__NOR__2,2025_Austrian Grand Prix,NOR,HARD,9,-0.04726407393563649,70.21784074350947
2025_Austrian Grand Prix__NOR__3,2025_Austrian Grand Prix,NOR,HARD,19,0.04550332082210722,69.2076589501991
2025_Austrian Grand Prix__NOR__4,2025_Austrian Grand Prix,NOR,MEDIUM,17,0.05715063194671558,68.88018580240569
2025_Austrian Grand Prix__OCO__1,2025_Austrian Grand Prix,OCO,MEDIUM,15,0.03027524083495741,71.37272846783976
2025_Austrian Grand Prix__OCO__2,2025_Austrian Grand Prix,OCO,HARD,7,0.14795500501173164,70.16646746364394
2025_Austrian Grand Prix__OCO__3,2025_Austrian Grand Prix,OCO,HARD,19,0.007162347249320353,70.98465539893229
2025_Austrian Grand Prix__OCO__4,2025_Austrian Grand Prix,OCO,HARD,17,0.043438837654644395,69.96379891489862
2025_Austrian Grand Prix__PIA__1,2025_Austrian Grand Prix,PIA,MEDIUM,20,0.09894110625620514,69.13287519672075
2025_Austrian Grand Prix__PIA__3,2025_Austrian Grand Prix,PIA,HARD,20,0.05206634125147036,69.1819188767329
2025_Austrian Grand Prix__PIA__4,2025_Austrian Grand Prix,PIA,MEDIUM,15,0.08703949749293424,68.43123860522076
2025_Austrian Grand Prix__RUS__1,2025_Austrian Grand Prix,RUS,MEDIUM,13,0.12215741354776381,69.97443097024231
2025_Austrian Grand Prix__RUS__2,2025_Austrian Grand Prix,RUS,MEDIUM,10,-0.0022331609262247793,71.43836326692501
2025_Austrian Grand Prix__RUS__3,2025_Austrian Grand Prix,RUS,MEDIUM,14,0.01676175024018707,70.58954666915854
2025_Austrian Grand Prix__RUS__4,2025_Austrian Grand Prix,RUS,HARD,24,0.03710462525382654,69.98157623321002
2025_Austrian Grand Prix__STR__1,2025_Austrian Grand Prix,STR,MEDIUM,22,0.07113532295680403,71.09975078299641
2025_Austrian Grand Prix__STR__3,2025_Austrian Grand Prix,STR,HARD,19,0.028638721641696653,70.87268207546886
2025_Austrian Grand Prix__STR__4,2025_Austrian Grand Prix,STR,SOFT,13,0.03988949619720796,69.83572759421844
2025_Austrian Grand Prix__TSU__1,2025_Austrian Grand Prix,TSU,MEDIUM,14,0.050482401054871597,71.30145500828962
2025_Austrian Grand Prix__TSU__2,2025_Austrian Grand Prix,TSU,HARD,9,0.10684823658882843,70.42181330918467
2025_Austrian Grand Prix__TSU__3,2025_Austrian Grand Prix,TSU,MEDIUM,23,0.043915055761649203,70.31093970129413
2025_Azerbaijan Grand Prix__ALB__2,2025_Azerbaijan Grand Prix,ALB,MEDIUM,7,-0.05364978822135107,108.42399677889716
2025_Azerbaijan Grand Prix__ALB__3,2025_Azerbaijan Grand Prix,ALB,HARD,32,-0.03012794138567678,106.38535357990837
2025_Azerbaijan Grand Prix__ALO__2,2025_Azerbaijan Grand Prix,ALO,MEDIUM,9,-0.02647700676613288,107.65909465535653
2025_Azerbaijan Grand Prix__ALO__4,2025_Azerbaijan Grand Prix,ALO,HARD,27,-0.04635596102968494,107.02498245571076
2025_Azerbaijan Grand Prix__ANT__2,2025_Azerbaijan Grand Prix,ANT,MEDIUM,9,-0.09996531854769516,108.36223056065053
2025_Azerbaijan Grand Prix__ANT__3,2025_Azerbaijan Grand Prix,ANT,HARD,29,-0.034710304951811904,105.82164896265157
2025_Azerbaijan Grand Prix__BEA__2,2025_Azerbaijan Grand Prix,BEA,HARD,9,-0.00571407393563703,107.95538488386049
2025_Azerbaijan Grand Prix__BEA__3,2025_Azerbaijan Grand Prix,BEA,HARD,9,-0.018114073935637735,107.68579599497163
2025_Azerbaijan Grand Prix__BEA__4,2025_Azerbaijan Grand Prix,BEA,MEDIUM,21,0.020539386585520895,105.0294153537834
2025_Azerbaijan Grand Prix__BOR__2,2025_Azerbaijan Grand Prix,BOR,HARD,9,-0.03058074060230448,107.56171111111112
2025_Azerbaijan Grand Prix__BOR__3,2025_Azerbaijan Grand Prix,BOR,HARD,6,-0.039342645364210255,107.91927142857146
2025_Azerbaijan Grand Prix__BOR__4,2025_Azerbaijan Grand Prix,BOR,MEDIUM,23,-0.03490256769457785,106.52165052358453
2025_Azerbaijan Grand Prix__COL__2,2025_Azerbaijan Grand Prix,COL,MEDIUM,8,0.08031672001446369,107.12079120227862
2025_Azerbaijan Grand Prix__COL__3,2025_Azerbaijan Grand Prix,COL,HARD,31,-0.008808181937840474,107.13190588615471
2025_Azerbaijan Grand Prix__GAS__2,2025_Azerbaijan Grand Prix,GAS,HARD,8,0.19630622715742604,106.04853812568044
2025_Azerbaijan Grand Prix__GAS__3,2025_Azerbaijan Grand Prix,GAS,HARD,16,-0.02326326225966777,108.12463632329158
2025_Azerbaijan Grand Prix__GAS__4,2025_Azerbaijan Grand Prix,GAS,MEDIUM,13,0.021888415151490002,106.26115644685814
2025_Azerbaijan Grand Prix__HAD__2,2025_Azerbaijan Grand Prix,HAD,MEDIUM,8,-0.03597121679277887,107.7668491528854
2025_Azerbaijan Grand Prix__HAD__3,2025_Azerbaijan Grand Prix,HAD,MEDIUM,9,-0.0072818158711222035,106.95555952154902
2025_Azerbaijan Grand Prix__HAD__4,2025_Azerbaijan Grand Prix,HAD,HARD,21,-0.03917641159797466,105.43240203369827
2025_Azerbaijan Grand Prix__HAM__2,2025_Azerbaijan Grand Prix,HAM,HARD,9,0.038971748621810326,106.5030646455943
2025_Azerbaijan Grand Prix__HAM__3,2025_Azerbaijan Grand Prix,HAM,HARD,17,-0.027773387661127392,106.8830661764706
2025_Azerbaijan Grand Prix__HAM__4,2025_Azerbaijan Grand Prix,HAM,MEDIUM,13,0.05449232852508124,104.32348929618452
2025_Azerbaijan Grand Prix__HUL__2,2025_Azerbaijan Grand Prix,HUL,HARD,9,0.0331025927310293,107.5084737727494
2025_Azerbaijan Grand Prix__HUL__3,2025_Azerbaijan Grand Prix,HUL,HARD,16,-0.018662881542514647,107.67344894734359
2025_Azerbaijan Grand Prix__HUL__4,2025_Azerbaijan Grand Prix,HUL,MEDIUM,13,-0.02253833811367027,105.30219305116704
2025_Azerbaijan Grand Prix__LAW__2,2025_Azerbaijan Grand Prix,LAW,MEDIUM,9,-0.06616407393563743,107.98302888805827
2025_Azerbaijan Grand Prix__LAW__3,2025_Azerbaijan Grand Prix,LAW,HARD,30,-0.03809881635777488,106.30928100966491
2025_Azerbaijan Grand Prix__LEC__2,2025_Azerbaijan Grand Prix,LEC,MEDIUM,9,-0.07333634135656222,107.81698467421297
2025_Azerbaijan Grand Prix__LEC__3,2025_Azerbaijan Grand Prix,LEC,HARD,28,-0.03066242521956182,105.98714837670677
2025_Azerbaijan Grand Prix__NOR__2,2025_Azerbaijan Grand Prix,NOR,MEDIUM,9,-0.09384491804485581,107.8685188661404
2025_Azerbaijan Grand Prix__NOR__3,2025_Azerbaijan Grand Prix,NOR,MEDIUM,18,-0.03107640623697895,106.697825249398
2025_Azerbaijan Grand Prix__NOR__4,2025_Azerbaijan Grand Prix,NOR,HARD,11,-0.020909305352186682,105.33220896669292
2025_Azerbaijan Grand Prix__OCO__2,2025_Azerbaijan Grand Prix,OCO,HARD,9,0.004554459649115003,107.87449886697722
2025_Azerbaijan Grand Prix__OCO__3,2025_Azerbaijan Grand Prix,OCO,HARD,27,-0.052019937472397484,108.50454062470173
2025_Azerbaijan Grand Prix__RUS__2,2025_Azerbaijan Grand Prix,RUS,HARD,9,-0.05558074060230379,107.14135288553663
2025_Azerbaijan Grand Prix__RUS__3,2025_Azerbaijan Grand Prix,RUS,HARD,18,-0.03722501304812438,106.51991159270726
2025_Azerbaijan Grand Prix__RUS__4,2025_Azerbaijan Grand Prix,RUS,MEDIUM,11,0.05405865333709005,103.91480828739672
2025_Azerbaijan Grand Prix__SAI__2,2025_Azerbaijan Grand Prix,SAI,MEDIUM,9,-0.06931407393563709,107.71930370301152
2025_Azerbaijan Grand Prix__SAI__3,2025_Azerbaijan Grand Prix,SAI,MEDIUM,7,-0.014649788221352166,106.53735608396393
2025_Azerbaijan Grand Prix__SAI__4,2025_Azerbaijan Grand Prix,SAI,HARD,23,-0.037719805160933574,105.63153364010145
2025_Azerbaijan Grand Prix__STR__2,2025_Azerbaijan Grand Prix,STR,MEDIUM,7,0.026661040380642417,107.50145677560168
2025_Azerbaijan Grand Prix__STR__3,2025_Azerbaijan Grand Prix,STR,MEDIUM,15,-0.03250460648001591,108.2667810778227
2025_Azerbaijan Grand Prix__STR__4,2025_Azerbaijan Grand Prix,STR,HARD,12,-0.027953234774798278,106.1792396373418
2025_Azerbaijan Grand Prix__TSU__2,2025_Azerbaijan Grand Prix,TSU,HARD,8,-0.07856902889059314,107.6516981981982
2025_Azerbaijan Grand Prix__TSU__3,2025_Azerbaijan Grand Prix,TSU,HARD,17,-0.04197974011426086,106.97685980966324
2025_Azerbaijan Grand Prix__TSU__4,2025_Azerbaijan Grand Prix,TSU,MEDIUM,12,-0.012697104590302426,105.31568943259613
2025_Azerbaijan Grand Prix__VER__2,2025_Azerbaijan Grand Prix,VER,HARD,9,-0.0755807406023036,107.04471111111111
2025_Azerbaijan Grand Prix__VER__4,2025_Azerbaijan Grand Prix,VER,HARD,20,-0.033031367168719496,106.26056015037592
2025_Azerbaijan Grand Prix__VER__5,2025_Azerbaijan Grand Prix,VER,MEDIUM,9,0.05921386724083411,103.53165216184645
2025_Bahrain Grand Prix__ALB__1,2025_Bahrain Grand Prix,ALB,SOFT,13,0.1532992449114524,98.43723879665608
2025_Bahrain Grand Prix__ALB__2,2025_Bahrain Grand Prix,ALB,HARD,14,0.13539878462821572,97.42919770827659
2025_Bahrain Grand Prix__ALB__3,2025_Bahrain Grand Prix,ALB,MEDIUM,22,0.051022179690802784,97.71927522508936
2025_Bahrain Grand Prix__ALO__1,2025_Bahrain Grand Prix,ALO,MEDIUM,14,0.03150501769471182,99.91227076840192
2025_Bahrain Grand Prix__ALO__2,2025_Bahrain Grand Prix,ALO,MEDIUM,13,0.05211284203630713,98.35557876975834
2025_Bahrain Grand Prix__ALO__3,2025_Bahrain Grand Prix,ALO,HARD,21,0.035785850213465684,98.32633654768527
2025_Bahrain Grand Prix__ANT__1,2025_Bahrain Grand Prix,ANT,SOFT,10,0.19315901743058075,97.10718665231934
2025_Bahrain Grand Prix__ANT__2,2025_Bahrain Grand Prix,ANT,MEDIUM,13,0.10472539917203359,98.01743368417775
2025_Bahrain Grand Prix__ANT__4,2025_Bahrain Grand Prix,ANT,SOFT,21,0.0972352767137134,96.54491382486412
2025_Bahrain Grand Prix__BEA__1,2025_Bahrain Grand Prix,BEA,SOFT,12,0.05550405230770601,99.3483547185845
2025_Bahrain Grand Prix__BEA__2,2025_Bahrain Grand Prix,BEA,HARD,15,0.10232686732516284,97.91873490038009
2025_Bahrain Grand Prix__BEA__3,2025_Bahrain Grand Prix,BEA,SOFT,22,0.07086398528961156,97.38352358936119
2025_Bahrain Grand Prix__BOR__1,2025_Bahrain Grand Prix,BOR,MEDIUM,11,0.051842847596472834,99.9328856695731
2025_Bahrain Grand Prix__BOR__2,2025_Bahrain Grand Prix,BOR,HARD,17,0.08789637059507874,98.76755745597887
2025_Bahrain Grand Prix__BOR__3,2025_Bahrain Grand Prix,BOR,MEDIUM,20,0.046942404882286334,98.27538724236062
2025_Bahrain Grand Prix__DOO__1,2025_Bahrain Grand Prix,DOO,SOFT,7,0.13691763981132202,98.45588085552659
2025_Bahrain Grand Prix__DOO__2,2025_Bahrain Grand Prix,DOO,MEDIUM,16,0.10854437193151242,97.85409908356505
2025_Bahrain Grand Prix__DOO__4,2025_Bahrain Grand Prix,DOO,HARD,19,0.07164881084118951,97.30485019162657
2025_Bahrain Grand Prix__GAS__1,2025_Bahrain Grand Prix,GAS,SOFT,6,0.22974200211117243,96.76168336250902
2025_Bahrain Grand Prix__GAS__2,2025_Bahrain Grand Prix,GAS,MEDIUM,13,0.07943730040991212,97.70292928682163
2025_Bahrain Grand Prix__GAS__4,2025_Bahrain Grand Prix,GAS,HARD,20,0.1020305457493417,96.14812135147886
2025_Bahrain Grand Prix__HAD__2,2025_Bahrain Grand Prix,HAD,MEDIUM,17,0.08038320224228518,98.31034380272929
2025_Bahrain Grand Prix__HAD__4,2025_Bahrain Grand Prix,HAD,HARD,19,0.0169333779576871,98.36296650519968
2025_Bahrain Grand Prix__HAM__1,2025_Bahrain Grand Prix,HAM,MEDIUM,14,0.05633158358434945,98.61647308016508
2025_Bahrain Grand Prix__HAM__2,2025_Bahrain Grand Prix,HAM,MEDIUM,13,0.011157823859430628,97.7630606353359
2025_Bahrain Grand Prix__HAM__3,2025_Bahrain Grand Prix,HAM,HARD,21,0.09668350047838356,96.33519829453816
2025_Bahrain Grand Prix__HUL__2,2025_Bahrain Grand Prix,HUL,MEDIUM,19,0.043226276941555695,99.14158226190078
2025_Bahrain Grand Prix__HUL__4,2025_Bahrain Grand Prix,HUL,MEDIUM,19,0.0250410158283244,98.13559348674791
2025_Bahrain Grand Prix__LAW__1,2025_Bahrain Grand Prix,LAW,MEDIUM,12,0.0537697865734407,99.58919504492482
2025_Bahrain Grand Prix__LAW__2,2025_Bahrain Grand Prix,LAW,HARD,14,0.09099501036608822,98.3477080140785
2025_Bahrain Grand Prix__LAW__3,2025_Bahrain Grand Prix,LAW,SOFT,22,0.029768584653885013,97.99755683980167
2025_Bahrain Grand Prix__LEC__1,2025_Bahrain Grand Prix,LEC,MEDIUM,15,0.06416132611823873,98.266018910291
2025_Bahrain Grand Prix__LEC__2,2025_Bahrain Grand Prix,LEC,MEDIUM,13,0.0810015158355812,97.17716874209954
2025_Bahrain Grand Prix__LEC__3,2025_Bahrain Grand Prix,LEC,HARD,21,0.10384755616741743,95.85582274171794
2025_Bahrain Grand Prix__NOR__1,2025_Bahrain Grand Prix,NOR,SOFT,8,0.13854948120088706,97.32492866667037
2025_Bahrain Grand Prix__NOR__2,2025_Bahrain Grand Prix,NOR,MEDIUM,18,0.025103071661020784,97.79622842401827
2025_Bahrain Grand Prix__NOR__3,2025_Bahrain Grand Prix,NOR,MEDIUM,21,0.08292045001585162,95.87399900273431
2025_Bahrain Grand Prix__OCO__1,2025_Bahrain Grand Prix,OCO,SOFT,6,0.14058059201268927,98.37625955459775
2025_Bahrain Grand Prix__OCO__2,2025_Bahrain Grand Prix,OCO,MEDIUM,15,0.0952858075809511,97.68624854595565
2025_Bahrain Grand Prix__OCO__4,2025_Bahrain Grand Prix,OCO,HARD,20,0.06261755429282316,97.17237454918757
2025_Bahrain Grand Prix__PIA__1,2025_Bahrain Grand Prix,PIA,SOFT,11,0.09636774424618158,97.51576949453417
2025_Bahrain Grand Prix__PIA__2,2025_Bahrain Grand Prix,PIA,MEDIUM,15,-0.004802462561229862,97.97927816237342
2025_Bahrain Grand Prix__PIA__3,2025_Bahrain Grand Prix,PIA,MEDIUM,22,0.03836390460755865,96.02580530881966
2025_Bahrain Grand Prix__RUS__1,2025_Bahrain Grand Prix,RUS,SOFT,11,0.12333138060981787,97.49456949453418
2025_Bahrain Grand Prix__RUS__2,2025_Bahrain Grand Prix,RUS,MEDIUM,17,-0.0055013288375976585,98.25853664667984
2025_Bahrain Grand Prix__RUS__3,2025_Bahrain Grand Prix,RUS,SOFT,22,0.10293561185457678,95.45138714195943
2025_Bahrain Grand Prix__SAI__1,2025_Bahrain Grand Prix,SAI,SOFT,11,0.18428932258679648,97.67228435298834
2025_Bahrain Grand Prix__SAI__2,2025_Bahrain Grand Prix,SAI,MEDIUM,16,0.1569634828753451,97.39896700695871
2025_Bahrain Grand Prix__SAI__3,2025_Bahrain Grand Prix,SAI,HARD,8,0.02618665664212674,99.13171448743117
2025_Bahrain Grand Prix__STR__1,2025_Bahrain Grand Prix,STR,SOFT,10,0.0852196234911868,99.53726229754479
2025_Bahrain Grand Prix__STR__2,2025_Bahrain Grand Prix,STR,MEDIUM,18,0.042117985143672,99.13038686253063
2025_Bahrain Grand Prix__STR__3,2025_Bahrain Grand Prix,STR,HARD,18,0.04374017959998423,98.36465152497054
2025_Bahrain Grand Prix__TSU__1,2025_Bahrain Grand Prix,TSU,SOFT,8,0.13838571851426298,97.92818634086001
2025_Bahrain Grand Prix__TSU__2,2025_Bahrain Grand Prix,TSU,MEDIUM,17,0.11486421942292588,97.8732251199788
2025_Bahrain Grand Prix__TSU__3,2025_Bahrain Grand Prix,TSU,SOFT,19,0.07866209211642312,96.91472750525428
2025_Bahrain Grand Prix__VER__1,2025_Bahrain Grand Prix,VER,SOFT,8,0.1823149419972415,97.26367224990138
2025_Bahrain Grand Prix__VER__2,2025_Bahrain Grand Prix,VER,HARD,13,0.12829633690605477,97.66851053074838
2025_Bahrain Grand Prix__VER__4,2025_Bahrain Grand Prix,VER,MEDIUM,19,0.09184559985139466,96.04602490938876
2025_Canadian Grand Prix__ALB__1,2025_Canadian Grand Prix,ALB,MEDIUM,19,0.10258591749327682,76.39216309780228
2025_Canadian Grand Prix__ALB__2,2025_Canadian Grand Prix,ALB,HARD,21,0.056615591662787304,76.40553999364171
2025_Canadian Grand Prix__ALO__1,2025_Canadian Grand Prix,ALO,MEDIUM,13,0.17869443899538998,75.24911290631981
2025_Canadian Grand Prix__ALO__2,2025_Canadian Grand Prix,ALO,HARD,30,-0.022583842729354417,77.38321000061346
2025_Canadian Grand Prix__ALO__4,2025_Canadian Grand Prix,ALO,HARD,14,-0.0010829443647699315,75.9482852165816
2025_Canadian Grand Prix__ANT__1,2025_Canadian Grand Prix,ANT,MEDIUM,10,0.03887281118712263,75.99510776062039
2025_Canadian Grand Prix__ANT__2,2025_Canadian Grand Prix,ANT,HARD,21,-0.03335857382722017,76.46469061649098
2025_Canadian Grand Prix__ANT__3,2025_Canadian Grand Prix,ANT,HARD,8,-0.039935502507066234,75.96780804758865
2025_Canadian Grand Prix__ANT__4,2025_Canadian Grand Prix,ANT,HARD,17,-0.024457211190539386,75.7718808767203
2025_Canadian Grand Prix__BEA__1,2025_Canadian Grand Prix,BEA,MEDIUM,16,0.07000847907209228,77.35474290900768
2025_Canadian Grand Prix__BEA__2,2025_Canadian Grand Prix,BEA,HARD,26,0.03303409359121776,76.74537783270445
2025_Canadian Grand Prix__BEA__3,2025_Canadian Grand Prix,BEA,HARD,13,-0.033480216667731724,78.04091265217073
2025_Canadian Grand Prix__BOR__1,2025_Canadian Grand Prix,BOR,HARD,44,-0.0017671961936851367,77.95923933694431
2025_Canadian Grand Prix__BOR__2,2025_Canadian Grand Prix,BOR,MEDIUM,12,0.02844348433085896,76.09820328100595
2025_Canadian Grand Prix__COL__1,2025_Canadian Grand Prix,COL,MEDIUM,12,0.013876480983571438,77.53526554346112
2025_Canadian Grand Prix__COL__2,2025_Canadian Grand Prix,COL,HARD,30,-0.015026402560977635,77.7495230499913
2025_Canadian Grand Prix__COL__3,2025_Canadian Grand Prix,COL,HARD,15,0.04870904266740167,75.58467630137714
2025_Canadian Grand Prix__GAS__1,2025_Canadian Grand Prix,GAS,HARD,45,-0.0036809012393096193,78.08182854657669
2025_Canadian Grand Prix__GAS__3,2025_Canadian Grand Prix,GAS,MEDIUM,10,0.10396570760826908,75.41328176753966
2025_Canadian Grand Prix__HAD__1,2025_Canadian Grand Prix,HAD,MEDIUM,11,0.06234956242799995,77.3126785413404
2025_Canadian Grand Prix__HAD__2,2025_Canadian Grand Prix,HAD,HARD,33,0.01192813980172575,77.32651967512994
2025_Canadian Grand Prix__HAD__3,2025_Canadian Grand Prix,HAD,HARD,15,0.09631395604143475,73.13628523944459
2025_Canadian Grand Prix__HAM__1,2025_Canadian Grand Prix,HAM,MEDIUM,12,0.07689553014560196,76.23041214224918
2025_Canadian Grand Prix__HAM__2,2025_Canadian Grand Prix,HAM,HARD,28,-0.023416853659798304,77.00690788109267
2025_Canadian Grand Prix__HAM__4,2025_Canadian Grand Prix,HAM,HARD,16,-0.031200391071186835,76.18369339923903
2025_Canadian Grand Prix__HUL__1,2025_Canadian Grand Prix,HUL,MEDIUM,17,0.041119938963715734,77.27430253708157
2025_Canadian Grand Prix__HUL__2,2025_Canadian Grand Prix,HUL,HARD,27,-0.042709836318005547,77.93716537514754
2025_Canadian Grand Prix__HUL__3,2025_Canadian Grand Prix,HUL,HARD,16,-0.008903847212664406,76.86353848018062
2025_Canadian Grand Prix__LAW__1,2025_Canadian Grand Prix,LAW,HARD,35,0.0018026804924277022,78.0197976204168
2025_Canadian Grand Prix__LAW__2,2025_Canadian Grand Prix,LAW,MEDIUM,7,0.13277878320722075,77.29612947616006
2025_Canadian Grand Prix__LEC__1,2025_Canadian Grand Prix,LEC,HARD,26,-0.05314196271400412,77.5984976689508
2025_Canadian Grand Prix__LEC__2,2025_Canadian Grand Prix,LEC,HARD,17,-0.004255860987536357,75.69741695173903
2025_Canadian Grand Prix__LEC__4,2025_Canadian Grand Prix,LEC,MEDIUM,11,0.06998592606436312,75.00779953595668
2025_Canadian Grand Prix__NOR__1,2025_Canadian Grand Prix,NOR,HARD,26,-0.022078987341921517,77.02597108029413
2025_Canadian Grand Prix__NOR__2,2025_Canadian Grand Prix,NOR,MEDIUM,16,0.03190945547612785,75.25734332645476
2025_Canadian Grand Prix__NOR__3,2025_Canadian Grand Prix,NOR,HARD,16,-0.01452325084990683,75.04342088073925
2025_Canadian Grand Prix__OCO__1,2025_Canadian Grand Prix,OCO,HARD,43,-0.007386319053672017,77.75050943855969
2025_Canadian Grand Prix__OCO__2,2025_Canadian Grand Prix,OCO,HARD,8,-0.024780740602303362,78.35699999999997
2025_Canadian Grand Prix__OCO__3,2025_Canadian Grand Prix,OCO,MEDIUM,6,0.018700211778647707,75.37475016662107
2025_Canadian Grand Prix__PIA__1,2025_Canadian Grand Prix,PIA,MEDIUM,13,0.06668262936106593,76.16902197802197
2025_Canadian Grand Prix__PIA__2,2025_Canadian Grand Prix,PIA,HARD,27,-0.01190772472928778,76.1192092085642
2025_Canadian Grand Prix__PIA__4,2025_Canadian Grand Prix,PIA,HARD,17,0.0004221416766904414,75.16705257315634
2025_Canadian Grand Prix__RUS__1,2025_Canadian Grand Prix,RUS,MEDIUM,11,0.066613198791636,75.73447858544327
2025_Canadian Grand Prix__RUS__2,2025_Canadian Grand Prix,RUS,HARD,26,-0.006569907545275305,76.09432400816362
2025_Canadian Grand Prix__RUS__4,2025_Canadian Grand Prix,RUS,HARD,17,-0.06138858373955882,76.24595399274246
2025_Canadian Grand Prix__SAI__1,2025_Canadian Grand Prix,SAI,HARD,44,-0.004708432213119037,77.72198390119114
2025_Canadian Grand Prix__SAI__2,2025_Canadian Grand Prix,SAI,HARD,8,0.06026687844531577,74.08374999999998
2025_Canadian Grand Prix__SAI__3,2025_Canadian Grand Prix,SAI,MEDIUM,6,0.05533305044855988,75.14455661315256
2025_Canadian Grand Prix__STR__1,2025_Canadian Grand Prix,STR,HARD,20,0.020205680896638815,77.77150420670817
2025_Canadian Grand Prix__STR__2,2025_Canadian Grand Prix,STR,HARD,21,0.05843975689903627,76.29375825175312
2025_Canadian Grand Prix__STR__4,2025_Canadian Grand Prix,STR,MEDIUM,12,0.01254326872170544,75.52475215935243
2025_Canadian Grand Prix__TSU__1,2025_Canadian Grand Prix,TSU,HARD,44,-0.0052408885877882365,77.8428311325648
2025_Canadian Grand Prix__TSU__2,2025_Canadian Grand Prix,TSU,HARD,6,-0.07268768043596602,81.09480282414647
2025_Canadian Grand Prix__TSU__3,2025_Canadian Grand Prix,TSU,MEDIUM,5,0.11534855191685014,75.6679763201677
2025_Canadian Grand Prix__VER__1,2025_Canadian Grand Prix,VER,MEDIUM,10,0.11771681948125792,75.34328379900171
2025_Canadian Grand Prix__VER__2,2025_Canadian Grand Prix,VER,HARD,23,0.016440642846593204,75.93813556250068
2025_Canadian Grand Prix__VER__3,2025_Canadian Grand Prix,VER,HARD,9,-0.0034307406023029834,75.69162370882587
2025_Canadian Grand Prix__VER__4,2025_Canadian Grand Prix,VER,HARD,17,-0.03596946609250007,75.99627191144025
2025_Dutch Grand Prix__ALB__1,2025_Dutch Grand Prix,ALB,MEDIUM,15,0.002571496569944733,76.68603003231996
2025_Dutch Grand Prix__ALB__4,2025_Dutch Grand Prix,ALB,HARD,17,0.006564847632990483,75.88547188771564
2025_Dutch Grand Prix__ALB__5,2025_Dutch Grand Prix,ALB,SOFT,7,-0.17479264536420858,75.95798817162094
2025_Dutch Grand Prix__ALO__1,2025_Dutch Grand Prix,ALO,MEDIUM,16,0.007308631835795401,76.8286992904573
2025_Dutch Grand Prix__ALO__6,2025_Dutch Grand Prix,ALO,HARD,10,0.3002350404844766,73.58540286349907
2025_Dutch Grand Prix__ALO__7,2025_Dutch Grand Prix,ALO,HARD,7,-0.048221216792779124,77.39800684706991
2025_Dutch Grand Prix__ANT__1,2025_Dutch Grand Prix,ANT,MEDIUM,21,0.007390985961352024,76.81272035677007
2025_Dutch Grand Prix__ANT__4,2025_Dutch Grand Prix,ANT,HARD,15,-0.009589073935636652,75.63317629948033
2025_Dutch Grand Prix__ANT__5,2025_Dutch Grand Prix,ANT,SOFT,7,-0.20075293053974008,76.84536315012467
2025_Dutch Grand Prix__BEA__1,2025_Dutch Grand Prix,BEA,HARD,20,0.03058687806724096,76.85102038278606
2025_Dutch Grand Prix__BEA__4,2025_Dutch Grand Prix,BEA,HARD,16,0.04243449842112061,74.92035909870974
2025_Dutch Grand Prix__BEA__5,2025_Dutch Grand Prix,BEA,MEDIUM,7,-0.26003864482545275,77.77067578707687
2025_Dutch Grand Prix__BOR__1,2025_Dutch Grand Prix,BOR,MEDIUM,20,0.01581798838610425,77.22147381562762
2025_Dutch Grand Prix__BOR__4,2025_Dutch Grand Prix,BOR,HARD,16,0.055627517881070065,75.48465248017592
2025_Dutch Grand Prix__COL__1,2025_Dutch Grand Prix,COL,SOFT,16,0.0215720798466202,76.76861776607448
2025_Dutch Grand Prix__COL__5,2025_Dutch Grand Prix,COL,HARD,16,0.05954524377797422,75.20576930652531
2025_Dutch Grand Prix__COL__6,2025_Dutch Grand Prix,COL,MEDIUM,5,-0.21308422318936834,78.3338719669301
2025_Dutch Grand Prix__GAS__1,2025_Dutch Grand Prix,GAS,MEDIUM,21,0.019448662223662025,76.88550976615021
2025_Dutch Grand Prix__GAS__4,2025_Dutch Grand Prix,GAS,HARD,16,0.05730732597562641,75.52239243023294
2025_Dutch Grand Prix__GAS__5,2025_Dutch Grand Prix,GAS,HARD,7,0.07070735463579018,73.81693705994847
2025_Dutch Grand Prix__HAD__1,2025_Dutch Grand Prix,HAD,MEDIUM,20,0.04567743691313939,75.6931042474722
2025_Dutch Grand Prix__HAD__4,2025_Dutch Grand Prix,HAD,HARD,17,0.023724801967627662,74.89634594443169
2025_Dutch Grand Prix__HAD__5,2025_Dutch Grand Prix,HAD,SOFT,7,-0.08400026351390263,75.13967631410466
2025_Dutch Grand Prix__HAM__1,2025_Dutch Grand Prix,HAM,MEDIUM,21,0.01919160578334681,76.09330517311382
2025_Dutch Grand Prix__HUL__1,2025_Dutch Grand Prix,HUL,SOFT,17,0.030302429640449078,76.8335777063793
2025_Dutch Grand Prix__HUL__5,2025_Dutch Grand Prix,HUL,HARD,11,0.04776079776849226,75.18151863796263
2025_Dutch Grand Prix__HUL__6,2025_Dutch Grand Prix,HUL,MEDIUM,5,-0.19590511871175745,78.16160331021369
2025_Dutch Grand Prix__LAW__1,2025_Dutch Grand Prix,LAW,MEDIUM,19,0.042653396227097545,76.09280697416443
2025_Dutch Grand Prix__LAW__4,2025_Dutch Grand Prix,LAW,SOFT,16,0.026035926064362707,75.7769872255447
2025_Dutch Grand Prix__LAW__5,2025_Dutch Grand Prix,LAW,SOFT,6,0.015348658983618129,74.41935137094259
2025_Dutch Grand Prix__LEC__1,2025_Dutch Grand Prix,LEC,MEDIUM,20,0.032576887668251335,75.84587967162017
2025_Dutch Grand Prix__LEC__4,2025_Dutch Grand Prix,LEC,HARD,16,0.017662463526316036,75.13306518716246
2025_Dutch Grand Prix__NOR__1,2025_Dutch Grand Prix,NOR,MEDIUM,21,-0.01326698124923191,75.67178371268108
2025_Dutch Grand Prix__NOR__4,2025_Dutch Grand Prix,NOR,HARD,17,0.01207710253495125,74.51871453477446
2025_Dutch Grand Prix__NOR__5,2025_Dutch Grand Prix,NOR,HARD,6,-0.08949786630288799,74.29699669565305
2025_Dutch Grand Prix__OCO__1,2025_Dutch Grand Prix,OCO,HARD,19,0.023037158279243655,77.07904147045322
2025_Dutch Grand Prix__OCO__4,2025_Dutch Grand Prix,OCO,HARD,15,0.06299685591754381,74.06021533442087
2025_Dutch Grand Prix__OCO__5,2025_Dutch Grand Prix,OCO,MEDIUM,6,-0.21797432238284192,78.42899976108453
2025_Dutch Grand Prix__PIA__1,2025_Dutch Grand Prix,PIA,MEDIUM,21,0.010211900090337128,75.3375645021645
2025_Dutch Grand Prix__PIA__4,2025_Dutch Grand Prix,PIA,HARD,17,0.013599161358480548,74.4955160053627
2025_Dutch Grand Prix__PIA__5,2025_Dutch Grand Prix,PIA,HARD,6,-0.06096811120271662,73.93481349696178
2025_Dutch Grand Prix__RUS__1,2025_Dutch Grand Prix,RUS,MEDIUM,21,0.022403207678207325,76.0966884924525
2025_Dutch Grand Prix__RUS__4,2025_Dutch Grand Prix,RUS,HARD,16,0.03713808292710804,75.19537747595093
2025_Dutch Grand Prix__RUS__5,2025_Dutch Grand Prix,RUS,SOFT,5,-0.03791407393563589,74.89869630321813
2025_Dutch Grand Prix__SAI__1,2025_Dutch Grand Prix,SAI,MEDIUM,20,0.02393505702753735,76.40488212912416
2025_Dutch Grand Prix__SAI__4,2025_Dutch Grand Prix,SAI,SOFT,15,0.042336986423253384,75.47717902815484
2025_Dutch Grand Prix__SAI__5,2025_Dutch Grand Prix,SAI,SOFT,7,0.2107470694602611,72.13796177598225
2025_Dutch Grand Prix__STR__1,2025_Dutch Grand Prix,STR,MEDIUM,6,-0.12779190336907428,77.70477534020931
2025_Dutch Grand Prix__STR__2,2025_Dutch Grand Prix,STR,HARD,11,0.13164532456060352,75.1928844009961
2025_Dutch Grand Prix__STR__5,2025_Dutch Grand Prix,STR,HARD,16,0.07819180841730392,74.0647285849855
2025_Dutch Grand Prix__STR__6,2025_Dutch Grand Prix,STR,HARD,7,-0.1728600733968832,77.45167871761662
2025_Dutch Grand Prix__TSU__1,2025_Dutch Grand Prix,TSU,SOFT,17,0.02628790678928069,76.72226113215257
2025_Dutch Grand Prix__TSU__5,2025_Dutch Grand Prix,TSU,HARD,16,0.04749769077024482,75.57618202156706
2025_Dutch Grand Prix__TSU__6,2025_Dutch Grand Prix,TSU,SOFT,7,-0.12000693107849553,77.59516782415432
2025_Dutch Grand Prix__VER__1,2025_Dutch Grand Prix,VER,SOFT,20,0.04360294006738713,75.70601327986324
2025_Dutch Grand Prix__VER__4,2025_Dutch Grand Prix,VER,MEDIUM,17,0.01599622018201019,74.97153071124504
2025_Dutch Grand Prix__VER__5,2025_Dutch Grand Prix,VER,SOFT,7,-0.126500263513901,75.45274800618998
2025_Emilia Romagna Grand Prix__ALB__1,2025_Emilia Romagna Grand Prix,ALB,MEDIUM,25,0.02720256496197618,81.62932597179136
2025_Emilia Romagna Grand Prix__ALB__2,2025_Emilia Romagna Grand Prix,ALB,HARD,12,-0.0057838675566502795,81.01510836618546
2025_Emilia Romagna Grand Prix__ALB__3,2025_Emilia Romagna Grand Prix,ALB,HARD,10,0.009470774549211391,80.22112542908756
2025_Emilia Romagna Grand Prix__ALO__1,2025_Emilia Romagna Grand Prix,ALO,MEDIUM,9,0.25615321503705984,79.55271244151493
2025_Emilia Romagna Grand Prix__ALO__2,2025_Emilia Romagna Grand Prix,ALO,HARD,14,0.017188123866559924,82.16012430758713
2025_Emilia Romagna Grand Prix__ALO__3,2025_Emilia Romagna Grand Prix,ALO,HARD,13,-0.0784877003092637,84.92637156033437
2025_Emilia Romagna Grand Prix__ALO__4,2025_Emilia Romagna Grand Prix,ALO,MEDIUM,8,-0.11814978822135275,82.58488584205584
2025_Emilia Romagna Grand Prix__ANT__1,2025_Emilia Romagna Grand Prix,ANT,HARD,26,0.04739351240018482,81.58466569055824
2025_Emilia Romagna Grand Prix__ANT__2,2025_Emilia Romagna Grand Prix,ANT,MEDIUM,10,-0.03861063048420093,81.76835403186112
2025_Emilia Romagna Grand Prix__BEA__1,2025_Emilia Romagna Grand Prix,BEA,HARD,26,0.005849064603261087,82.57492828470397
2025_Emilia Romagna Grand Prix__BEA__2,2025_Emilia Romagna Grand Prix,BEA,HARD,11,0.017301191264880587,80.38231493697326
2025_Emilia Romagna Grand Prix__BEA__3,2025_Emilia Romagna Grand Prix,BEA,HARD,10,-0.19732225967232264,86.87950894506473
2025_Emilia Romagna Grand Prix__BOR__1,2025_Emilia Romagna Grand Prix,BOR,MEDIUM,10,0.03127349006642853,82.07942336631422
2025_Emilia Romagna Grand Prix__BOR__2,2025_Emilia Romagna Grand Prix,BOR,HARD,14,0.043566884405583636,82.07094744270329
2025_Emilia Romagna Grand Prix__BOR__3,2025_Emilia Romagna Grand Prix,BOR,HARD,13,-0.02133621305306404,81.77584929790095
2025_Emilia Romagna Grand Prix__BOR__4,2025_Emilia Romagna Grand Prix,BOR,MEDIUM,10,-0.10126924896181123,84.50425833898491
2025_Emilia Romagna Grand Prix__COL__1,2025_Emilia Romagna Grand Prix,COL,MEDIUM,20,0.04812776893931194,82.10444827083913
2025_Emilia Romagna Grand Prix__COL__3,2025_Emilia Romagna Grand Prix,COL,HARD,14,0.14782191152286267,80.16229869332898
2025_Emilia Romagna Grand Prix__COL__4,2025_Emilia Romagna Grand Prix,COL,HARD,10,-0.15288680120836418,83.38202435150805
2025_Emilia Romagna Grand Prix__GAS__1,2025_Emilia Romagna Grand Prix,GAS,MEDIUM,6,-0.07727228360311443,82.40165222598539
2025_Emilia Romagna Grand Prix__GAS__2,2025_Emilia Romagna Grand Prix,GAS,HARD,15,0.0999284570901617,81.17918668314836
2025_Emilia Romagna Grand Prix__GAS__3,2025_Emilia Romagna Grand Prix,GAS,HARD,14,0.056756451950123646,81.05411114738315
2025_Emilia Romagna Grand Prix__GAS__4,2025_Emilia Romagna Grand Prix,GAS,HARD,10,-0.11311999674130907,84.81969417561682
2025_Emilia Romagna Grand Prix__HAD__1,2025_Emilia Romagna Grand Prix,HAD,MEDIUM,25,0.03224712627779301,81.83197452860817
2025_Emilia Romagna Grand Prix__HAD__2,2025_Emilia Romagna Grand Prix,HAD,HARD,12,0.033010691542786526,80.92996483898096
2025_Emilia Romagna Grand Prix__HAD__3,2025_Emilia Romagna Grand Prix,HAD,HARD,10,-0.09560710815717148,81.97033565604049
2025_Emilia Romagna Grand Prix__HAM__1,2025_Emilia Romagna Grand Prix,HAM,HARD,27,0.03075785770671341,81.87809153941357
2025_Emilia Romagna Grand Prix__HAM__2,2025_Emilia Romagna Grand Prix,HAM,MEDIUM,13,-0.02764519456610116,80.97430947884182
2025_Emilia Romagna Grand Prix__HAM__3,2025_Emilia Romagna Grand Prix,HAM,HARD,10,-0.18896802900359094,82.33245463429309
2025_Emilia Romagna Grand Prix__HUL__1,2025_Emilia Romagna Grand Prix,HUL,HARD,23,0.027769082683563217,82.12538876472583
2025_Emilia Romagna Grand Prix__HUL__2,2025_Emilia Romagna Grand Prix,HUL,MEDIUM,13,-0.03635845450121893,82.39687117568506
2025_Emilia Romagna Grand Prix__HUL__3,2025_Emilia Romagna Grand Prix,HUL,MEDIUM,10,-0.09304478024446666,84.20487902279615
2025_Emilia Romagna Grand Prix__LAW__1,2025_Emilia Romagna Grand Prix,LAW,MEDIUM,8,-0.1498027721088874,83.12026917077202
2025_Emilia Romagna Grand Prix__LAW__2,2025_Emilia Romagna Grand Prix,LAW,HARD,15,0.0822799307654906,81.52250259170171
2025_Emilia Romagna Grand Prix__LAW__3,2025_Emilia Romagna Grand Prix,LAW,HARD,13,0.07945997482026046,80.96789858988723
2025_Emilia Romagna Grand Prix__LAW__4,2025_Emilia Romagna Grand Prix,LAW,HARD,10,-0.16250073276529597,86.31771842065208
2025_Emilia Romagna Grand Prix__LEC__1,2025_Emilia Romagna Grand Prix,LEC,MEDIUM,8,-0.053210201039486954,82.10750069529989
2025_Emilia Romagna Grand Prix__LEC__2,2025_Emilia Romagna Grand Prix,LEC,HARD,15,0.06397704930663452,80.86761392883751
2025_Emilia Romagna Grand Prix__LEC__3,2025_Emilia Romagna Grand Prix,LEC,HARD,13,-0.006618132350296539,80.45036499466227
2025_Emilia Romagna Grand Prix__LEC__4,2025_Emilia Romagna Grand Prix,LEC,HARD,10,0.2122425081568208,74.52681895030284
2025_Emilia Romagna Grand Prix__NOR__1,2025_Emilia Romagna Grand Prix,NOR,MEDIUM,24,-0.009761876063691114,81.63630961940744
2025_Emilia Romagna Grand Prix__NOR__2,2025_Emilia Romagna Grand Prix,NOR,HARD,14,0.004517794196230623,80.10470702870327
2025_Emilia Romagna Grand Prix__NOR__3,2025_Emilia Romagna Grand Prix,NOR,HARD,10,-0.08223871963840627,80.41418072070284
2025_Emilia Romagna Grand Prix__OCO__1,2025_Emilia Romagna Grand Prix,OCO,HARD,22,0.055034616357120876,81.61798608014757
2025_Emilia Romagna Grand Prix__PIA__1,2025_Emilia Romagna Grand Prix,PIA,MEDIUM,11,0.0397586533370906,81.2023
2025_Emilia Romagna Grand Prix__PIA__2,2025_Emilia Romagna Grand Prix,PIA,HARD,14,-0.01695335609743338,81.56059388671956
2025_Emilia Romagna Grand Prix__PIA__3,2025_Emilia Romagna Grand Prix,PIA,HARD,14,0.02247790550733661,79.97350490832821
2025_Emilia Romagna Grand Prix__PIA__4,2025_Emilia Romagna Grand Prix,PIA,HARD,9,0.06449475156818898,78.06791050494812
2025_Emilia Romagna Grand Prix__RUS__1,2025_Emilia Romagna Grand Prix,RUS,MEDIUM,9,0.1631711263157833,80.45277127083727
2025_Emilia Romagna Grand Prix__RUS__2,2025_Emilia Romagna Grand Prix,RUS,HARD,14,0.04432921730750391,81.49351569262632
2025_Emilia Romagna Grand Prix__RUS__3,2025_Emilia Romagna Grand Prix,RUS,HARD,12,-0.07346373422564015,81.65626177039209
2025_Emilia Romagna Grand Prix__RUS__4,2025_Emilia Romagna Grand Prix,RUS,HARD,10,-0.035398332033895044,81.85832000209278
2025_Emilia Romagna Grand Prix__SAI__1,2025_Emilia Romagna Grand Prix,SAI,MEDIUM,7,0.03042629279508988,81.63589748582754
2025_Emilia Romagna Grand Prix__SAI__2,2025_Emilia Romagna Grand Prix,SAI,HARD,14,0.10987952887319992,80.97904795894654
2025_Emilia Romagna Grand Prix__SAI__3,2025_Emilia Romagna Grand Prix,SAI,HARD,14,-0.05700569303851321,81.79350728311177
2025_Emilia Romagna Grand Prix__SAI__4,2025_Emilia Romagna Grand Prix,SAI,HARD,9,0.025622993233868147,79.85161465280262
2025_Emilia Romagna Grand Prix__STR__1,2025_Emilia Romagna Grand Prix,STR,MEDIUM,12,0.0811117627008003,81.26935337695942
2025_Emilia Romagna Grand Prix__STR__2,2025_Emilia Romagna Grand Prix,STR,HARD,11,0.08333196453230689,81.61464187165994
2025_Emilia Romagna Grand Prix__STR__3,2025_Emilia Romagna Grand Prix,STR,HARD,13,-0.05282142905359281,84.1496567108838
2025_Emilia Romagna Grand Prix__STR__4,2025_Emilia Romagna Grand Prix,STR,MEDIUM,10,-0.1501231648447284,84.25721788603099
2025_Emilia Romagna Grand Prix__TSU__1,2025_Emilia Romagna Grand Prix,TSU,HARD,25,0.03998510892255775,82.07921183760483
2025_Emilia Romagna Grand Prix__TSU__2,2025_Emilia Romagna Grand Prix,TSU,MEDIUM,12,-0.019014795957297905,81.8156554454638
2025_Emilia Romagna Grand Prix__TSU__3,2025_Emilia Romagna Grand Prix,TSU,MEDIUM,10,-0.10194984718540981,84.08388969906247
2025_Emilia Romagna Grand Prix__VER__1,2025_Emilia Romagna Grand Prix,VER,MEDIUM,26,0.012878735132729774,81.21420318809777
2025_Emilia Romagna Grand Prix__VER__2,2025_Emilia Romagna Grand Prix,VER,HARD,13,-0.05792176624332903,80.7568072404819
2025_Emilia Romagna Grand Prix__VER__3,2025_Emilia Romagna Grand Prix,VER,HARD,10,0.03774350182193829,78.396782901991
2025_Hungarian Grand Prix__ALB__1,2025_Hungarian Grand Prix,ALB,SOFT,12,-0.09624488065584319,84.54453015690329
2025_Hungarian Grand Prix__ALB__2,2025_Hungarian Grand Prix,ALB,MEDIUM,21,0.09786988328361397,81.91552939729222
2025_Hungarian Grand Prix__ALB__3,2025_Hungarian Grand Prix,ALB,HARD,28,0.03450569524510558,81.6892710308602
2025_Hungarian Grand Prix__ALO__1,2025_Hungarian Grand Prix,ALO,MEDIUM,37,-0.004544846813778423,83.33497111518741
2025_Hungarian Grand Prix__ALO__2,2025_Hungarian Grand Prix,ALO,HARD,29,-0.028470724181942603,81.96456765349997
2025_Hungarian Grand Prix__ANT__1,2025_Hungarian Grand Prix,ANT,MEDIUM,18,-0.020320775784014318,83.99871918868868
2025_Hungarian Grand Prix__ANT__2,2025_Hungarian Grand Prix,ANT,HARD,46,-0.023878886075771166,82.91936487764353
2025_Hungarian Grand Prix__BEA__1,2025_Hungarian Grand Prix,BEA,MEDIUM,28,0.020716170390948436,83.59097635417879
2025_Hungarian Grand Prix__BEA__2,2025_Hungarian Grand Prix,BEA,HARD,16,0.08362122018200979,82.30521748781322
2025_Hungarian Grand Prix__BOR__1,2025_Hungarian Grand Prix,BOR,MEDIUM,36,-0.005333161192151886,83.3960159675948
2025_Hungarian Grand Prix__BOR__2,2025_Hungarian Grand Prix,BOR,HARD,28,-0.003465469666343189,81.59195510497189
2025_Hungarian Grand Prix__COL__1,2025_Hungarian Grand Prix,COL,MEDIUM,11,-0.1242874800876686,84.80286850607389
2025_Hungarian Grand Prix__COL__2,2025_Hungarian Grand Prix,COL,HARD,19,0.10852992327854682,81.42651363105942
2025_Hungarian Grand Prix__COL__3,2025_Hungarian Grand Prix,COL,HARD,30,0.024593980676044253,81.91854246102878
2025_Hungarian Grand Prix__GAS__1,2025_Hungarian Grand Prix,GAS,HARD,29,0.022019891448883076,83.47465670149836
2025_Hungarian Grand Prix__GAS__2,2025_Hungarian Grand Prix,GAS,MEDIUM,35,0.0454470933987523,82.00441917638993
2025_Hungarian Grand Prix__HAD__1,2025_Hungarian Grand Prix,HAD,MEDIUM,31,0.011504477732010751,83.65050048823817
2025_Hungarian Grand Prix__HAD__2,2025_Hungarian Grand Prix,HAD,HARD,33,-0.008735328774012757,81.96861623688179
2025_Hungarian Grand Prix__HAM__1,2025_Hungarian Grand Prix,HAM,HARD,38,-0.020776613186187422,83.99115391889539
2025_Hungarian Grand Prix__HAM__2,2025_Hungarian Grand Prix,HAM,MEDIUM,25,0.06455034168017112,80.55925268098945
2025_Hungarian Grand Prix__HUL__2,2025_Hungarian Grand Prix,HUL,MEDIUM,32,0.035822579731335145,82.35611670142458
2025_Hungarian Grand Prix__HUL__3,2025_Hungarian Grand Prix,HUL,MEDIUM,24,0.01270654023239971,81.56362478836327
2025_Hungarian Grand Prix__LAW__1,2025_Hungarian Grand Prix,LAW,MEDIUM,32,-0.005573420859282275,83.49412176668014
2025_Hungarian Grand Prix__LAW__2,2025_Hungarian Grand Prix,LAW,HARD,28,-0.0002334134378145963,81.41653547134536
2025_Hungarian Grand Prix__LEC__1,2025_Hungarian Grand Prix,LEC,MEDIUM,17,-0.008753779817989988,82.33816176470586
2025_Hungarian Grand Prix__LEC__2,2025_Hungarian Grand Prix,LEC,HARD,19,0.03452511210867086,81.21806274145331
2025_Hungarian Grand Prix__LEC__3,2025_Hungarian Grand Prix,LEC,HARD,29,0.08290563049786047,80.71467349577648
2025_Hungarian Grand Prix__NOR__1,2025_Hungarian Grand Prix,NOR,MEDIUM,28,-0.0013648944966015587,82.36745063323691
2025_Hungarian Grand Prix__NOR__2,2025_Hungarian Grand Prix,NOR,HARD,38,0.0009623567460566955,80.97218452227449
2025_Hungarian Grand Prix__OCO__1,2025_Hungarian Grand Prix,OCO,MEDIUM,11,-0.09832569196219976,84.60254357223282
2025_Hungarian Grand Prix__OCO__2,2025_Hungarian Grand Prix,OCO,HARD,53,0.011746863066371805,82.9063426930453
2025_Hungarian Grand Prix__PIA__1,2025_Hungarian Grand Prix,PIA,MEDIUM,16,-0.05891848570034303,82.9133294117647
2025_Hungarian Grand Prix__PIA__2,2025_Hungarian Grand Prix,PIA,HARD,25,0.01963698251329919,81.33967340282565
2025_Hungarian Grand Prix__PIA__3,2025_Hungarian Grand Prix,PIA,HARD,24,0.05032114907786809,79.7833151609569
2025_Hungarian Grand Prix__RUS__1,2025_Hungarian Grand Prix,RUS,MEDIUM,17,-0.05482976021014674,83.10339215686275
2025_Hungarian Grand Prix__RUS__2,2025_Hungarian Grand Prix,RUS,HARD,20,0.020225376483396895,81.50727406521071
2025_Hungarian Grand Prix__RUS__3,2025_Hungarian Grand Prix,RUS,HARD,25,0.05079941290941864,80.22942352410506
2025_Hungarian Grand Prix__SAI__1,2025_Hungarian Grand Prix,SAI,SOFT,13,-0.07054264536420819,84.30570466973788
2025_Hungarian Grand Prix__SAI__2,2025_Hungarian Grand Prix,SAI,HARD,34,0.0277461008819369,82.71341318536473
2025_Hungarian Grand Prix__SAI__3,2025_Hungarian Grand Prix,SAI,MEDIUM,17,0.06256031173457603,81.13338919344768
2025_Hungarian Grand Prix__STR__1,2025_Hungarian Grand Prix,STR,MEDIUM,33,0.0034854913396448798,83.37088719817721
2025_Hungarian Grand Prix__STR__2,2025_Hungarian Grand Prix,STR,HARD,33,-0.013848846637700748,81.90823968939914
2025_Hungarian Grand Prix__TSU__1,2025_Hungarian Grand Prix,TSU,MEDIUM,17,-0.010562125828834838,83.95088598081514
2025_Hungarian Grand Prix__TSU__2,2025_Hungarian Grand Prix,TSU,SOFT,15,0.1662037832072194,81.32809114033488
2025_Hungarian Grand Prix__TSU__3,2025_Hungarian Grand Prix,TSU,HARD,29,0.03491202664201747,81.85606419608364
2025_Hungarian Grand Prix__VER__1,2025_Hungarian Grand Prix,VER,MEDIUM,15,-0.04077212119551377,83.77326917821262
2025_Hungarian Grand Prix__VER__2,2025_Hungarian Grand Prix,VER,HARD,27,-0.0208532878632771,82.85677950128122
2025_Hungarian Grand Prix__VER__3,2025_Hungarian Grand Prix,VER,HARD,18,0.10116432931381056,79.97239740171457
2025_Italian Grand Prix__ALB__1,2025_Italian Grand Prix,ALB,HARD,37,-0.059815495823649534,85.24958001656267
2025_Italian Grand Prix__ALB__2,2025_Italian Grand Prix,ALB,MEDIUM,11,-0.004038291706042563,82.37105843151141
2025_Italian Grand Prix__ALO__1,2025_Italian Grand Prix,ALO,MEDIUM,16,-0.06807233303299516,85.39806774316416
2025_Italian Grand Prix__ANT__1,2025_Italian Grand Prix,ANT,MEDIUM,25,-0.05734907359992279,85.15425549873508
2025_Italian Grand Prix__ANT__2,2025_Italian Grand Prix,ANT,HARD,8,0.03612402130245771,82.89474640599263
2025_Italian Grand Prix__ANT__3,2025_Italian Grand Prix,ANT,HARD,12,-0.027204785111253606,83.22376045326611
2025_Italian Grand Prix__BEA__1,2025_Italian Grand Prix,BEA,MEDIUM,15,-0.05300047612032143,85.12413674589693
2025_Italian Grand Prix__BEA__2,2025_Italian Grand Prix,BEA,HARD,18,-0.07662370915388975,84.5703894688568
2025_Italian Grand Prix__BEA__3,2025_Italian Grand Prix,BEA,HARD,10,-0.07443356175574907,85.02735766228781
2025_Italian Grand Prix__BOR__1,2025_Italian Grand Prix,BOR,MEDIUM,16,-0.026050450318662544,84.87467717324255
2025_Italian Grand Prix__BOR__2,2025_Italian Grand Prix,BOR,HARD,18,-0.07145346015632903,84.28797444669553
2025_Italian Grand Prix__BOR__3,2025_Italian Grand Prix,BOR,HARD,13,-0.04406339245118495,84.1635395567177
2025_Italian Grand Prix__COL__1,2025_Italian Grand Prix,COL,MEDIUM,28,-0.022825595090969195,85.11627737518076
2025_Italian Grand Prix__COL__2,2025_Italian Grand Prix,COL,HARD,5,0.39848592606436317,82.15473556012397
2025_Italian Grand Prix__COL__3,2025_Italian Grand Prix,COL,HARD,11,0.046116641351881114,82.7527397676976
2025_Italian Grand Prix__GAS__1,2025_Italian Grand Prix,GAS,HARD,33,-0.0457553717509875,85.43880726212328
2025_Italian Grand Prix__GAS__2,2025_Italian Grand Prix,GAS,HARD,8,-0.12468327998553386,89.1155750019252
2025_Italian Grand Prix__HAD__1,2025_Italian Grand Prix,HAD,HARD,27,-0.043179591270720005,85.15220831458629
2025_Italian Grand Prix__HAD__2,2025_Italian Grand Prix,HAD,MEDIUM,6,0.07335735463579211,82.80664487215486
2025_Italian Grand Prix__HAD__3,2025_Italian Grand Prix,HAD,MEDIUM,12,-0.020953234774797495,83.06751746622743
2025_Italian Grand Prix__HAM__1,2025_Italian Grand Prix,HAM,MEDIUM,35,-0.033660972286162175,84.5547037883877
2025_Italian Grand Prix__HAM__2,2025_Italian Grand Prix,HAM,HARD,13,-0.01228764139729142,82.36087539939118
2025_Italian Grand Prix__LAW__1,2025_Italian Grand Prix,LAW,SOFT,7,-0.20176093161725048,86.03455942695514
2025_Italian Grand Prix__LAW__2,2025_Italian Grand Prix,LAW,HARD,25,-0.016438072855543596,84.27069198143607
2025_Italian Grand Prix__LAW__3,2025_Italian Grand Prix,LAW,HARD,13,0.002255288867497032,83.33863385111088
2025_Italian Grand Prix__LEC__1,2025_Italian Grand Prix,LEC,MEDIUM,30,-0.05176473375641674,84.69550196891824
2025_Italian Grand Prix__LEC__3,2025_Italian Grand Prix,LEC,HARD,13,-0.02320748052904387,82.60027402166244
2025_Italian Grand Prix__NOR__1,2025_Italian Grand Prix,NOR,MEDIUM,36,-0.02268675176886552,83.7684893342246
2025_Italian Grand Prix__NOR__3,2025_Italian Grand Prix,NOR,SOFT,6,0.004300211778648801,81.57770455635577
2025_Italian Grand Prix__OCO__1,2025_Italian Grand Prix,OCO,HARD,38,-0.034733882096059716,85.01485059003164
2025_Italian Grand Prix__OCO__2,2025_Italian Grand Prix,OCO,HARD,10,-0.03923225575381916,85.38252727272729
2025_Italian Grand Prix__PIA__1,2025_Italian Grand Prix,PIA,MEDIUM,37,-0.04202937680340926,84.27976886742935
2025_Italian Grand Prix__PIA__3,2025_Italian Grand Prix,PIA,SOFT,5,-0.06607151510527531,82.53642690932371
2025_Italian Grand Prix__RUS__1,2025_Italian Grand Prix,RUS,MEDIUM,24,-0.027387514248661163,84.41245565534496
2025_Italian Grand Prix__RUS__2,2025_Italian Grand Prix,RUS,HARD,11,-0.011606001345502654,82.90081125226835
2025_Italian Grand Prix__RUS__3,2025_Italian Grand Prix,RUS,HARD,12,0.0177249403434976,82.06100130267836
2025_Italian Grand Prix__SAI__1,2025_Italian Grand Prix,SAI,MEDIUM,27,-0.04155095889046361,85.08754031602729
2025_Italian Grand Prix__SAI__2,2025_Italian Grand Prix,SAI,HARD,8,0.031045925166435975,82.74067445039341
2025_Italian Grand Prix__SAI__3,2025_Italian Grand Prix,SAI,HARD,13,-0.03967882176858256,83.3581997235394
2025_Italian Grand Prix__STR__1,2025_Italian Grand Prix,STR,HARD,35,-0.033917410884979154,84.98361770950537
2025_Italian Grand Prix__STR__2,2025_Italian Grand Prix,STR,HARD,8,-0.0939831215546842,88.00428074060227
2025_Italian Grand Prix__TSU__1,2025_Italian Grand Prix,TSU,MEDIUM,15,-0.0332771715404954,84.96790516753023
2025_Italian Grand Prix__TSU__2,2025_Italian Grand Prix,TSU,HARD,18,-0.03383503510217898,84.49478962314879
2025_Italian Grand Prix__TSU__3,2025_Italian Grand Prix,TSU,HARD,13,-0.019405282726845947,84.01448644137675
2025_Italian Grand Prix__VER__1,2025_Italian Grand Prix,VER,MEDIUM,34,-0.007668559855400222,83.33291322023763
2025_Italian Grand Prix__VER__3,2025_Italian Grand Prix,VER,HARD,10,-0.009896494684916496,81.84521874564943
2025_Japanese Grand Prix__ALB__1,2025_Japanese Grand Prix,ALB,MEDIUM,21,-0.008759372441024468,94.3695960542154
2025_Japanese Grand Prix__ALB__2,2025_Japanese Grand Prix,ALB,HARD,26,-0.06463425694361298,93.4798954076851
2025_Japanese Grand Prix__ALO__1,2025_Japanese Grand Prix,ALO,MEDIUM,20,-0.0069744062516976825,94.66381272651597
2025_Japanese Grand Prix__ALO__2,2025_Japanese Grand Prix,ALO,HARD,28,-0.030660598292506232,93.31107252279728
2025_Japanese Grand Prix__ANT__1,2025_Japanese Grand Prix,ANT,MEDIUM,29,-0.03661801482233676,94.40533891625617
2025_Japanese Grand Prix__ANT__2,2025_Japanese Grand Prix,ANT,HARD,19,-0.023145954484466925,92.02670462809209
2025_Japanese Grand Prix__BEA__1,2025_Japanese Grand Prix,BEA,MEDIUM,19,-0.002094237369566211,94.44301529321721
2025_Japanese Grand Prix__BEA__2,2025_Japanese Grand Prix,BEA,HARD,29,-0.035791413837114726,93.55171204829281
2025_Japanese Grand Prix__BOR__1,2025_Japanese Grand Prix,BOR,HARD,27,-0.03624922183701513,95.3732810533239
2025_Japanese Grand Prix__BOR__2,2025_Japanese Grand Prix,BOR,MEDIUM,21,-0.011604713210134043,93.00692705919496
2025_Japanese Grand Prix__DOO__1,2025_Japanese Grand Prix,DOO,SOFT,12,-0.07904933473038618,95.97674968891005
2025_Japanese Grand Prix__DOO__2,2025_Japanese Grand Prix,DOO,HARD,35,-0.016380341881652084,93.8843724932201
2025_Japanese Grand Prix__GAS__1,2025_Japanese Grand Prix,GAS,MEDIUM,20,-0.0007732687335710469,94.66893856012362
2025_Japanese Grand Prix__GAS__2,2025_Japanese Grand Prix,GAS,HARD,27,-0.030353253404397693,93.15168186800719
2025_Japanese Grand Prix__HAD__1,2025_Japanese Grand Prix,HAD,MEDIUM,22,-0.0245013805543624,94.48331731087669
2025_Japanese Grand Prix__HAD__2,2025_Japanese Grand Prix,HAD,HARD,27,-0.06375217887727556,93.47845770066982
2025_Japanese Grand Prix__HAM__1,2025_Japanese Grand Prix,HAM,HARD,26,-0.0228185252812422,94.2578126582461
2025_Japanese Grand Prix__HAM__2,2025_Japanese Grand Prix,HAM,MEDIUM,21,-0.0012275788002528295,92.22040809564884
2025_Japanese Grand Prix__HUL__1,2025_Japanese Grand Prix,HUL,MEDIUM,19,-0.037307304142094044,95.35947076168354
2025_Japanese Grand Prix__HUL__2,2025_Japanese Grand Prix,HUL,HARD,28,0.005593722782955699,93.20642304264166
2025_Japanese Grand Prix__LAW__1,2025_Japanese Grand Prix,LAW,MEDIUM,28,-0.031099840729351718,95.24701381858337
2025_Japanese Grand Prix__LAW__2,2025_Japanese Grand Prix,LAW,SOFT,18,0.047606842734705675,92.42191914201845
2025_Japanese Grand Prix__LEC__1,2025_Japanese Grand Prix,LEC,MEDIUM,18,-0.015686609084167698,94.0676210861528
2025_Japanese Grand Prix__LEC__2,2025_Japanese Grand Prix,LEC,HARD,31,-0.028685219066513758,92.93111916172613
2025_Japanese Grand Prix__NOR__1,2025_Japanese Grand Prix,NOR,MEDIUM,19,-0.036277231830373874,94.06282105263156
2025_Japanese Grand Prix__NOR__2,2025_Japanese Grand Prix,NOR,HARD,30,-0.03177132468208036,92.66421776038948
2025_Japanese Grand Prix__OCO__1,2025_Japanese Grand Prix,OCO,HARD,27,-0.03881533832221013,95.4228483913884
2025_Japanese Grand Prix__OCO__2,2025_Japanese Grand Prix,OCO,MEDIUM,20,-0.003633550820184353,92.99576801747764
2025_Japanese Grand Prix__PIA__1,2025_Japanese Grand Prix,PIA,MEDIUM,18,-0.016967268050187057,93.9244759442134
2025_Japanese Grand Prix__PIA__2,2025_Japanese Grand Prix,PIA,HARD,30,-0.04105528914702384,92.78212199261824
2025_Japanese Grand Prix__RUS__1,2025_Japanese Grand Prix,RUS,MEDIUM,17,-0.003899099845262746,93.9533010799636
2025_Japanese Grand Prix__RUS__2,2025_Japanese Grand Prix,RUS,HARD,32,-0.04629322032165044,93.29892571656664
2025_Japanese Grand Prix__SAI__1,2025_Japanese Grand Prix,SAI,MEDIUM,30,-0.02431116378290878,95.15708774033786
2025_Japanese Grand Prix__SAI__2,2025_Japanese Grand Prix,SAI,SOFT,19,-0.0014983499678505627,92.48070413742681
2025_Japanese Grand Prix__STR__1,2025_Japanese Grand Prix,STR,SOFT,7,-0.20476093161725065,96.5014165698123
2025_Japanese Grand Prix__STR__2,2025_Japanese Grand Prix,STR,HARD,19,-0.044856572234181526,95.08099542292051
2025_Japanese Grand Prix__STR__3,2025_Japanese Grand Prix,STR,MEDIUM,20,-0.015035873948785526,93.1640119860355
2025_Japanese Grand Prix__TSU__1,2025_Japanese Grand Prix,TSU,MEDIUM,18,-0.0028959651042370733,94.64963170713337
2025_Japanese Grand Prix__TSU__2,2025_Japanese Grand Prix,TSU,HARD,28,-0.03705550575398242,93.43030144811296
2025_Japanese Grand Prix__VER__1,2025_Japanese Grand Prix,VER,MEDIUM,19,-0.018973723058444084,93.84727192982454
2025_Japanese Grand Prix__VER__2,2025_Japanese Grand Prix,VER,HARD,31,-0.035878590064669154,92.76624638283549
2025_Las Vegas Grand Prix__ALB__1,2025_Las Vegas Grand Prix,ALB,HARD,9,-0.21466594085372326,99.64127893199245
2025_Las Vegas Grand Prix__ALB__2,2025_Las Vegas Grand Prix,ALB,HARD,17,0.006367121920953611,95.94495396615818
2025_Las Vegas Grand Prix__ALO__1,2025_Las Vegas Grand Prix,ALO,MEDIUM,11,-0.0599820490532373,98.41574689949125
2025_Las Vegas Grand Prix__ALO__2,2025_Las Vegas Grand Prix,ALO,HARD,33,0.012440401954815218,96.66611893588947
2025_Las Vegas Grand Prix__ANT__1,2025_Las Vegas Grand Prix,ANT,HARD,11,-0.1833780497389251,98.38766174290068
2025_Las Vegas Grand Prix__ANT__2,2025_Las Vegas Grand Prix,ANT,HARD,33,-0.060804632374326366,97.46197885197438
2025_Las Vegas Grand Prix__BEA__1,2025_Las Vegas Grand Prix,BEA,MEDIUM,11,-0.13992180708611973,99.26607393710829
2025_Las Vegas Grand Prix__BEA__2,2025_Las Vegas Grand Prix,BEA,HARD,29,-0.04368162153000539,97.15754139124145
2025_Las Vegas Grand Prix__COL__1,2025_Las Vegas Grand Prix,COL,HARD,10,-0.09727535887554718,99.62597847309297
2025_Las Vegas Grand Prix__COL__2,2025_Las Vegas Grand Prix,COL,HARD,8,0.07810989401902242,96.27102898963427
2025_Las Vegas Grand Prix__COL__3,2025_Las Vegas Grand Prix,COL,MEDIUM,20,-0.010276834656307382,96.65209589798764
2025_Las Vegas Grand Prix__GAS__1,2025_Las Vegas Grand Prix,GAS,HARD,11,-0.09828374625149562,98.43981640591035
2025_Las Vegas Grand Prix__GAS__2,2025_Las Vegas Grand Prix,GAS,HARD,34,-0.026776326280145833,97.85441001637122
2025_Las Vegas Grand Prix__HAD__1,2025_Las Vegas Grand Prix,HAD,MEDIUM,11,0.042014895989894885,97.04705017633266
2025_Las Vegas Grand Prix__HAD__3,2025_Las Vegas Grand Prix,HAD,HARD,29,-0.040116044378986755,96.34381901389811
2025_Las Vegas Grand Prix__HAM__1,2025_Las Vegas Grand Prix,HAM,HARD,9,-0.05753791926724392,98.07994792078014
2025_Las Vegas Grand Prix__HAM__2,2025_Las Vegas Grand Prix,HAM,HARD,12,-0.05212881482516148,97.55523900209054
2025_Las Vegas Grand Prix__HAM__3,2025_Las Vegas Grand Prix,HAM,MEDIUM,18,-0.046132932693697296,96.12226146102508
2025_Las Vegas Grand Prix__HUL__1,2025_Las Vegas Grand Prix,HUL,HARD,11,-0.09995111645130512,98.76661260286072
2025_Las Vegas Grand Prix__HUL__2,2025_Las Vegas Grand Prix,HUL,HARD,13,-0.022278909100473004,97.03667582417584
2025_Las Vegas Grand Prix__HUL__3,2025_Las Vegas Grand Prix,HUL,MEDIUM,16,-0.02684183673887173,95.59974220241607
2025_Las Vegas Grand Prix__LAW__1,2025_Las Vegas Grand Prix,LAW,HARD,11,-0.1492521347702612,98.73187124721093
2025_Las Vegas Grand Prix__LAW__2,2025_Las Vegas Grand Prix,LAW,HARD,11,0.05512228970072657,96.12122639758326
2025_Las Vegas Grand Prix__LAW__3,2025_Las Vegas Grand Prix,LAW,HARD,19,-0.036242873414084546,96.36627230867929
2025_Las Vegas Grand Prix__LEC__1,2025_Las Vegas Grand Prix,LEC,MEDIUM,10,-0.06934454420173175,97.66948942309503
2025_Las Vegas Grand Prix__LEC__2,2025_Las Vegas Grand Prix,LEC,MEDIUM,6,0.054871640350076856,95.5621142857143
2025_Las Vegas Grand Prix__LEC__3,2025_Las Vegas Grand Prix,LEC,HARD,25,-0.014796904878927437,95.35168841694055
2025_Las Vegas Grand Prix__NOR__1,2025_Las Vegas Grand Prix,NOR,MEDIUM,11,-0.12137771029927341,97.89399999999999
2025_Las Vegas Grand Prix__NOR__2,2025_Las Vegas Grand Prix,NOR,MEDIUM,5,0.1410859260643605,93.31090000000006
2025_Las Vegas Grand Prix__NOR__3,2025_Las Vegas Grand Prix,NOR,HARD,27,0.04020955977320626,94.88124559599214
2025_Las Vegas Grand Prix__OCO__1,2025_Las Vegas Grand Prix,OCO,MEDIUM,10,-0.07186861939018312,98.5016032464735
2025_Las Vegas Grand Prix__OCO__2,2025_Las Vegas Grand Prix,OCO,MEDIUM,10,0.015538120095181952,96.77741662682888
2025_Las Vegas Grand Prix__OCO__3,2025_Las Vegas Grand Prix,OCO,HARD,22,-0.03485684893612946,96.00449675139288
2025_Las Vegas Grand Prix__PIA__1,2025_Las Vegas Grand Prix,PIA,MEDIUM,11,-0.00480973518167425,97.42030667123792
2025_Las Vegas Grand Prix__PIA__3,2025_Las Vegas Grand Prix,PIA,HARD,27,-0.045017943708328595,95.87688371815145
2025_Las Vegas Grand Prix__RUS__1,2025_Las Vegas Grand Prix,RUS,MEDIUM,11,-0.029319770448208132,96.91749793299418
2025_Las Vegas Grand Prix__RUS__2,2025_Las Vegas Grand Prix,RUS,HARD,32,-0.012023354972726833,95.94700324441943
2025_Las Vegas Grand Prix__SAI__1,2025_Las Vegas Grand Prix,SAI,MEDIUM,11,-0.06015952848109176,97.87836363636363
2025_Las Vegas Grand Prix__SAI__3,2025_Las Vegas Grand Prix,SAI,HARD,26,-0.024035177737544464,95.72288302924841
2025_Las Vegas Grand Prix__TSU__1,2025_Las Vegas Grand Prix,TSU,HARD,11,-0.1627958921174555,98.62502228970072
2025_Las Vegas Grand Prix__TSU__2,2025_Las Vegas Grand Prix,TSU,HARD,7,0.04413618565568595,96.4218950010635
2025_Las Vegas Grand Prix__TSU__3,2025_Las Vegas Grand Prix,TSU,MEDIUM,21,-0.016577184629829662,96.06239929896894
2025_Las Vegas Grand Prix__VER__1,2025_Las Vegas Grand Prix,VER,MEDIUM,11,-0.06386861939018296,97.25318181818182
2025_Las Vegas Grand Prix__VER__2,2025_Las Vegas Grand Prix,VER,MEDIUM,8,-0.016971216792779818,96.38282142857142
2025_Las Vegas Grand Prix__VER__3,2025_Las Vegas Grand Prix,VER,HARD,24,-0.04976581306607202,95.43132162986997
2025_Mexico City Grand Prix__ALB__3,2025_Mexico City Grand Prix,ALB,HARD,32,0.0021052742278394767,84.11406789963786
2025_Mexico City Grand Prix__ALB__4,2025_Mexico City Grand Prix,ALB,SOFT,24,0.0712243672146428,81.12114226557348
2025_Mexico City Grand Prix__ALO__3,2025_Mexico City Grand Prix,ALO,SOFT,13,0.029865794444888547,83.80550509218735
2025_Mexico City Grand Prix__ALO__4,2025_Mexico City Grand Prix,ALO,MEDIUM,10,0.08801026044031209,81.9306309850422
2025_Mexico City Grand Prix__ANT__3,2025_Mexico City Grand Prix,ANT,SOFT,15,0.045303812263529204,82.55721575340405
2025_Mexico City Grand Prix__ANT__4,2025_Mexico City Grand Prix,ANT,MEDIUM,21,0.005652225813933936,82.65281597813426
2025_Mexico City Grand Prix__ANT__5,2025_Mexico City Grand Prix,ANT,SOFT,20,0.0272550989966936,81.29037773931316
2025_Mexico City Grand Prix__BEA__3,2025_Mexico City Grand Prix,BEA,SOFT,17,0.03267023978985322,82.6947833982775
2025_Mexico City Grand Prix__BEA__4,2025_Mexico City Grand Prix,BEA,MEDIUM,19,-0.006701400198496057,82.86937756488992
2025_Mexico City Grand Prix__BEA__5,2025_Mexico City Grand Prix,BEA,SOFT,19,0.035510487467871464,81.15925439219458
2025_Mexico City Grand Prix__BOR__3,2025_Mexico City Grand Prix,BOR,MEDIUM,27,0.013320054661141797,83.87762771020438
2025_Mexico City Grand Prix__BOR__4,2025_Mexico City Grand Prix,BOR,SOFT,29,0.037900515128025905,81.86515182054707
2025_Mexico City Grand Prix__COL__3,2025_Mexico City Grand Prix,COL,HARD,37,-0.0018483196868779184,84.66435847495865
2025_Mexico City Grand Prix__COL__4,2025_Mexico City Grand Prix,COL,SOFT,18,0.04148190129656139,81.89623893337355
2025_Mexico City Grand Prix__GAS__3,2025_Mexico City Grand Prix,GAS,MEDIUM,25,0.015080998631205942,84.49335409866876
2025_Mexico City Grand Prix__GAS__4,2025_Mexico City Grand Prix,GAS,SOFT,29,0.016022014745277063,82.86240206510298
2025_Mexico City Grand Prix__HAD__3,2025_Mexico City Grand Prix,HAD,MEDIUM,27,0.027030214331164867,83.67181378966082
2025_Mexico City Grand Prix__HAD__4,2025_Mexico City Grand Prix,HAD,SOFT,30,0.022016257634980867,82.29542010973995
2025_Mexico City Grand Prix__HAM__3,2025_Mexico City Grand Prix,HAM,SOFT,15,0.0487252409093879,82.2622500521495
2025_Mexico City Grand Prix__HAM__4,2025_Mexico City Grand Prix,HAM,MEDIUM,19,0.033140407819729864,82.1099300904187
2025_Mexico City Grand Prix__HAM__5,2025_Mexico City Grand Prix,HAM,SOFT,18,0.06884103739394194,80.79429373105128
2025_Mexico City Grand Prix__HUL__3,2025_Mexico City Grand Prix,HUL,SOFT,17,0.05696262614155894,83.31027291778565
2025_Mexico City Grand Prix__LEC__3,2025_Mexico City Grand Prix,LEC,SOFT,24,0.06313462171653693,82.09164913043477
2025_Mexico City Grand Prix__LEC__4,2025_Mexico City Grand Prix,LEC,MEDIUM,35,0.003938026904699,82.36435026261708
2025_Mexico City Grand Prix__NOR__3,2025_Mexico City Grand Prix,NOR,SOFT,27,0.0411685878470245,81.9194949124949
2025_Mexico City Grand Prix__NOR__4,2025_Mexico City Grand Prix,NOR,MEDIUM,34,0.015941006278266747,81.73105838458407
2025_Mexico City Grand Prix__OCO__3,2025_Mexico City Grand Prix,OCO,SOFT,20,0.01998861504703831,83.55738136185073
2025_Mexico City Grand Prix__OCO__4,2025_Mexico City Grand Prix,OCO,MEDIUM,37,0.001159621995977504,82.826192707652
2025_Mexico City Grand Prix__PIA__3,2025_Mexico City Grand Prix,PIA,SOFT,17,0.011216533870526589,83.1786318270619
2025_Mexico City Grand Prix__PIA__4,2025_Mexico City Grand Prix,PIA,MEDIUM,17,0.03628864003661724,81.99680202422361
2025_Mexico City Grand Prix__PIA__5,2025_Mexico City Grand Prix,PIA,SOFT,19,0.046219390409491815,80.7191551314736
2025_Mexico City Grand Prix__RUS__3,2025_Mexico City Grand Prix,RUS,SOFT,18,0.0294062828243275,82.8695066568291
2025_Mexico City Grand Prix__RUS__4,2025_Mexico City Grand Prix,RUS,MEDIUM,21,0.03610127858898361,82.12790506201574
2025_Mexico City Grand Prix__RUS__5,2025_Mexico City Grand Prix,RUS,SOFT,17,0.07380924937128654,80.72112139825484
2025_Mexico City Grand Prix__SAI__3,2025_Mexico City Grand Prix,SAI,MEDIUM,10,-0.03468833595239832,84.72753907784808
2025_Mexico City Grand Prix__SAI__4,2025_Mexico City Grand Prix,SAI,SOFT,27,0.024874057978542453,82.49390458932842
2025_Mexico City Grand Prix__SAI__5,2025_Mexico City Grand Prix,SAI,SOFT,8,0.10697325993645211,80.5127134809692
2025_Mexico City Grand Prix__SAI__6,2025_Mexico City Grand Prix,SAI,SOFT,10,0.06908131170962406,80.77953106684883
2025_Mexico City Grand Prix__STR__3,2025_Mexico City Grand Prix,STR,SOFT,18,0.016139211367813145,83.6273734102918
2025_Mexico City Grand Prix__STR__4,2025_Mexico City Grand Prix,STR,MEDIUM,15,0.057208421446126465,82.26787990756164
2025_Mexico City Grand Prix__STR__5,2025_Mexico City Grand Prix,STR,SOFT,23,0.028319617627884406,82.04175107695016
2025_Mexico City Grand Prix__TSU__3,2025_Mexico City Grand Prix,TSU,MEDIUM,28,0.023232379702789133,83.53753789052928
2025_Mexico City Grand Prix__TSU__4,2025_Mexico City Grand Prix,TSU,SOFT,30,0.014452869024290398,82.28364081294086
2025_Mexico City Grand Prix__VER__3,2025_Mexico City Grand Prix,VER,MEDIUM,30,0.02929249434184871,82.87503838153123
2025_Mexico City Grand Prix__VER__4,2025_Mexico City Grand Prix,VER,SOFT,30,0.011874023950903478,81.61453691073415
2025_Monaco Grand Prix__ALB__2,2025_Monaco Grand Prix,ALB,MEDIUM,18,-0.18502436067790234,83.0552075161104
2025_Monaco Grand Prix__ALB__5,2025_Monaco Grand Prix,ALB,HARD,35,-0.15001297440530756,80.4080150846879
2025_Monaco Grand Prix__ALO__3,2025_Monaco Grand Prix,ALO,HARD,18,-0.06869675150334305,77.94919287665782
2025_Monaco Grand Prix__ANT__2,2025_Monaco Grand Prix,ANT,HARD,25,0.007556356891613457,79.19168128299107
2025_Monaco Grand Prix__ANT__3,2025_Monaco Grand Prix,ANT,HARD,27,-0.00504978578172774,79.46250411672851
2025_Monaco Grand Prix__BEA__3,2025_Monaco Grand Prix,BEA,MEDIUM,17,0.20018911404188228,76.01546150726563
2025_Monaco Grand Prix__BEA__4,2025_Monaco Grand Prix,BEA,MEDIUM,38,-0.06709749926638564,81.1342876968371
2025_Monaco Grand Prix__BOR__2,2025_Monaco Grand Prix,BOR,HARD,14,-0.10516262179941956,80.62339541592827
2025_Monaco Grand Prix__BOR__3,2025_Monaco Grand Prix,BOR,SOFT,7,0.7618078299283402,73.99634246167876
2025_Monaco Grand Prix__BOR__4,2025_Monaco Grand Prix,BOR,MEDIUM,38,-0.009313759397778492,78.69178023218966
2025_Monaco Grand Prix__COL__3,2025_Monaco Grand Prix,COL,MEDIUM,11,0.13853138060981765,75.73998949349448
2025_Monaco Grand Prix__COL__4,2025_Monaco Grand Prix,COL,MEDIUM,9,0.29073592606436216,76.22882296656233
2025_Monaco Grand Prix__COL__5,2025_Monaco Grand Prix,COL,MEDIUM,38,-0.0693836709052362,80.71091155213884
2025_Monaco Grand Prix__HAD__4,2025_Monaco Grand Prix,HAD,HARD,12,-0.053104899623710886,77.32191991074873
2025_Monaco Grand Prix__HAD__5,2025_Monaco Grand Prix,HAD,HARD,36,-0.004713397666988243,78.14726122872352
2025_Monaco Grand Prix__HAM__2,2025_Monaco Grand Prix,HAM,HARD,6,-0.4142944541696749,82.35252595699993
2025_Monaco Grand Prix__HAM__3,2025_Monaco Grand Prix,HAM,HARD,18,0.16731059066704607,74.22948265571885
2025_Monaco Grand Prix__HAM__4,2025_Monaco Grand Prix,HAM,HARD,17,0.09423396528004915,73.04911956662357
2025_Monaco Grand Prix__HAM__5,2025_Monaco Grand Prix,HAM,MEDIUM,21,-0.004528359649923025,76.55940646236363
2025_Monaco Grand Prix__HUL__2,2025_Monaco Grand Prix,HUL,HARD,23,0.10099142787667822,77.52466126884129
2025_Monaco Grand Prix__HUL__3,2025_Monaco Grand Prix,HUL,HARD,5,-0.09528974961131365,81.42164782846471
2025_Monaco Grand Prix__HUL__4,2025_Monaco Grand Prix,HUL,SOFT,31,-0.01667751916992029,78.84187393622658
2025_Monaco Grand Prix__LAW__2,2025_Monaco Grand Prix,LAW,MEDIUM,19,-0.22418775814616326,83.17578421052632
2025_Monaco Grand Prix__LAW__5,2025_Monaco Grand Prix,LAW,HARD,35,0.050447251350723164,75.90362895596806
2025_Monaco Grand Prix__LEC__2,2025_Monaco Grand Prix,LEC,MEDIUM,10,-0.13168318051874192,78.02633279094889
2025_Monaco Grand Prix__LEC__3,2025_Monaco Grand Prix,LEC,HARD,12,-0.054134845448989555,75.51583013602726
2025_Monaco Grand Prix__LEC__4,2025_Monaco Grand Prix,LEC,HARD,10,0.028325320003757468,74.279193403719
2025_Monaco Grand Prix__LEC__5,2025_Monaco Grand Prix,LEC,MEDIUM,27,0.0737339687570371,74.52707672709037
2025_Monaco Grand Prix__NOR__2,2025_Monaco Grand Prix,NOR,MEDIUM,7,-0.23797121679277813,79.27264285714281
2025_Monaco Grand Prix__NOR__3,2025_Monaco Grand Prix,NOR,HARD,14,-0.023499570118843568,75.26356923644427
2025_Monaco Grand Prix__NOR__4,2025_Monaco Grand Prix,NOR,HARD,11,0.14838592606436285,71.35533259522289
2025_Monaco Grand Prix__NOR__5,2025_Monaco Grand Prix,NOR,HARD,26,0.05292928881487751,75.42868533801409
2025_Monaco Grand Prix__OCO__3,2025_Monaco Grand Prix,OCO,MEDIUM,10,0.07694594173837783,76.55503601285052
2025_Monaco Grand Prix__OCO__4,2025_Monaco Grand Prix,OCO,HARD,7,0.06456449749293264,75.57277021551646
2025_Monaco Grand Prix__OCO__5,2025_Monaco Grand Prix,OCO,HARD,40,-0.0050004439763104164,78.14794637832968
2025_Monaco Grand Prix__PIA__2,2025_Monaco Grand Prix,PIA,MEDIUM,7,-0.33399763557947243,81.29497260273972
2025_Monaco Grand Prix__PIA__3,2025_Monaco Grand Prix,PIA,HARD,15,0.08318859333380259,74.74047869307749
2025_Monaco Grand Prix__PIA__4,2025_Monaco Grand Prix,PIA,HARD,9,0.03901925939769722,74.09726296573167
2025_Monaco Grand Prix__PIA__5,2025_Monaco Grand Prix,PIA,HARD,28,0.07819473630012075,74.39292265437827
2025_Monaco Grand Prix__RUS__2,2025_Monaco Grand Prix,RUS,HARD,25,0.008648744491089343,79.15830547413813
2025_Monaco Grand Prix__RUS__3,2025_Monaco Grand Prix,RUS,HARD,15,-0.14089645443905519,84.68028223041266
2025_Monaco Grand Prix__RUS__4,2025_Monaco Grand Prix,RUS,MEDIUM,6,-0.08009978822135085,77.22371122426837
2025_Monaco Grand Prix__RUS__6,2025_Monaco Grand Prix,RUS,HARD,7,-0.007006931078494553,74.64663582951954
2025_Monaco Grand Prix__SAI__2,2025_Monaco Grand Prix,SAI,HARD,22,0.0047892168243396215,79.64673581578002
2025_Monaco Grand Prix__SAI__3,2025_Monaco Grand Prix,SAI,HARD,10,-0.376614073935637,93.35719999999999
2025_Monaco Grand Prix__SAI__5,2025_Monaco Grand Prix,SAI,MEDIUM,22,-0.04545145394693019,77.58585114494602
2025_Monaco Grand Prix__STR__2,2025_Monaco Grand Prix,STR,HARD,5,0.1815859260643634,76.79739913859093
2025_Monaco Grand Prix__STR__3,2025_Monaco Grand Prix,STR,HARD,18,0.20851724195393875,75.97837653475476
2025_Monaco Grand Prix__STR__4,2025_Monaco Grand Prix,STR,HARD,23,0.022212762978928654,78.21008104350645
2025_Monaco Grand Prix__STR__5,2025_Monaco Grand Prix,STR,MEDIUM,11,0.22980912551581187,74.80855392689007
2025_Monaco Grand Prix__TSU__2,2025_Monaco Grand Prix,TSU,HARD,25,0.013262309685050227,79.00380221916812
2025_Monaco Grand Prix__TSU__3,2025_Monaco Grand Prix,TSU,HARD,34,-0.05634204397916511,81.72487685065025
2025_Monaco Grand Prix__VER__2,2025_Monaco Grand Prix,VER,HARD,13,-0.1536068282953234,78.74101386416316
2025_Monaco Grand Prix__VER__3,2025_Monaco Grand Prix,VER,MEDIUM,7,-0.0009428410589247221,75.57206620377475
2025_Monaco Grand Prix__VER__4,2025_Monaco Grand Prix,VER,MEDIUM,36,0.06134528245859598,73.97582176161833
2025_Saudi Arabian Grand Prix__ALB__1,2025_Saudi Arabian Grand Prix,ALB,MEDIUM,17,0.06244667142121627,94.61620372123825
2025_Saudi Arabian Grand Prix__ALB__2,2025_Saudi Arabian Grand Prix,ALB,HARD,27,-0.025464328859104254,94.63651975002999
2025_Saudi Arabian Grand Prix__ALO__1,2025_Saudi Arabian Grand Prix,ALO,MEDIUM,15,-0.03151340717917773,96.20185033650776
2025_Saudi Arabian Grand Prix__ALO__2,2025_Saudi Arabian Grand Prix,ALO,HARD,29,-0.051206814757086,95.41846141848356
2025_Saudi Arabian Grand Prix__ANT__1,2025_Saudi Arabian Grand Prix,ANT,MEDIUM,14,0.0672485492170419,93.95142630849799
2025_Saudi Arabian Grand Prix__ANT__2,2025_Saudi Arabian Grand Prix,ANT,HARD,30,-0.03531932507675356,94.38993341649386
2025_Saudi Arabian Grand Prix__BEA__1,2025_Saudi Arabian Grand Prix,BEA,MEDIUM,13,0.07760878362164776,94.9437506142839
2025_Saudi Arabian Grand Prix__BEA__2,2025_Saudi Arabian Grand Prix,BEA,HARD,31,-0.05458633840918699,95.54185623966667
2025_Saudi Arabian Grand Prix__BOR__1,2025_Saudi Arabian Grand Prix,BOR,HARD,44,-0.023304091871292402,96.68316888181283
2025_Saudi Arabian Grand Prix__DOO__1,2025_Saudi Arabian Grand Prix,DOO,HARD,27,0.03714219165579619,95.62432209938822
2025_Saudi Arabian Grand Prix__DOO__2,2025_Saudi Arabian Grand Prix,DOO,HARD,12,0.04292680656750762,93.88006504286464
2025_Saudi Arabian Grand Prix__HAD__1,2025_Saudi Arabian Grand Prix,HAD,HARD,29,-0.009496111210576204,95.38998978729647
2025_Saudi Arabian Grand Prix__HAD__2,2025_Saudi Arabian Grand Prix,HAD,MEDIUM,15,0.01073299233594176,93.87103717494553
2025_Saudi Arabian Grand Prix__HAM__1,2025_Saudi Arabian Grand Prix,HAM,MEDIUM,17,0.031734605416465084,94.54172657378083
2025_Saudi Arabian Grand Prix__HAM__2,2025_Saudi Arabian Grand Prix,HAM,HARD,25,-0.028986000396273175,94.03976593403932
2025_Saudi Arabian Grand Prix__HUL__1,2025_Saudi Arabian Grand Prix,HUL,HARD,27,-0.007507493860697675,96.05864453258008
2025_Saudi Arabian Grand Prix__HUL__2,2025_Saudi Arabian Grand Prix,HUL,MEDIUM,14,0.03632878320722015,94.01664984583827
2025_Saudi Arabian Grand Prix__LAW__1,2025_Saudi Arabian Grand Prix,LAW,MEDIUM,15,-0.007857702129935765,95.6058344686479
2025_Saudi Arabian Grand Prix__LAW__2,2025_Saudi Arabian Grand Prix,LAW,HARD,27,-0.07388039329689927,95.57283476539511
2025_Saudi Arabian Grand Prix__LEC__1,2025_Saudi Arabian Grand Prix,LEC,MEDIUM,25,-0.04179725948769891,94.98392798176405
2025_Saudi Arabian Grand Prix__LEC__2,2025_Saudi Arabian Grand Prix,LEC,HARD,20,0.006513134103316659,92.77087709650047
2025_Saudi Arabian Grand Prix__NOR__1,2025_Saudi Arabian Grand Prix,NOR,HARD,27,-0.05434277080984601,95.06254261001024
2025_Saudi Arabian Grand Prix__NOR__2,2025_Saudi Arabian Grand Prix,NOR,MEDIUM,14,0.011864764195517961,92.46923784741067
2025_Saudi Arabian Grand Prix__OCO__1,2025_Saudi Arabian Grand Prix,OCO,HARD,45,-0.022377237595295068,96.28574823868685
2025_Saudi Arabian Grand Prix__PIA__1,2025_Saudi Arabian Grand Prix,PIA,MEDIUM,15,0.049594402434424256,93.45869431380873
2025_Saudi Arabian Grand Prix__PIA__2,2025_Saudi Arabian Grand Prix,PIA,HARD,28,-0.008440511029972352,93.28687744916945
2025_Saudi Arabian Grand Prix__RUS__1,2025_Saudi Arabian Grand Prix,RUS,MEDIUM,14,0.06766284914128608,93.55196703296703
2025_Saudi Arabian Grand Prix__RUS__2,2025_Saudi Arabian Grand Prix,RUS,HARD,27,0.02751314456078726,93.36404934125096
2025_Saudi Arabian Grand Prix__SAI__1,2025_Saudi Arabian Grand Prix,SAI,MEDIUM,16,0.026871067418305836,94.9447435657805
2025_Saudi Arabian Grand Prix__SAI__2,2025_Saudi Arabian Grand Prix,SAI,HARD,26,-0.021816266520112513,94.6907991334433
2025_Saudi Arabian Grand Prix__STR__1,2025_Saudi Arabian Grand Prix,STR,HARD,32,-0.014198557199736625,96.15022660559268
2025_Saudi Arabian Grand Prix__STR__2,2025_Saudi Arabian Grand Prix,STR,MEDIUM,9,0.11483530375833341,93.29107095343669
2025_Saudi Arabian Grand Prix__VER__1,2025_Saudi Arabian Grand Prix,VER,MEDIUM,17,0.023486416260441456,93.65779411764706
2025_Saudi Arabian Grand Prix__VER__2,2025_Saudi Arabian Grand Prix,VER,HARD,23,-0.01901927624777574,93.34108016989498
2025_Singapore Grand Prix__ALB__2,2025_Singapore Grand Prix,ALB,MEDIUM,33,-0.006320726014209675,98.95076343442115
2025_Singapore Grand Prix__ALB__3,2025_Singapore Grand Prix,ALB,SOFT,16,-0.09474260083724172,98.5644429538817
2025_Singapore Grand Prix__ALO__1,2025_Singapore Grand Prix,ALO,SOFT,5,-0.6050103400994616,103.57440861728135
2025_Singapore Grand Prix__ALO__2,2025_Singapore Grand Prix,ALO,SOFT,19,-0.004759687970725054,98.42396502882445
2025_Singapore Grand Prix__ALO__3,2025_Singapore Grand Prix,ALO,MEDIUM,15,-0.017346350144071973,98.44815186130955
2025_Singapore Grand Prix__ALO__4,2025_Singapore Grand Prix,ALO,MEDIUM,18,-0.10096792310916494,99.80787189234971
2025_Singapore Grand Prix__ANT__1,2025_Singapore Grand Prix,ANT,MEDIUM,5,-0.8709215416079787,102.34119999999999
2025_Singapore Grand Prix__ANT__2,2025_Singapore Grand Prix,ANT,MEDIUM,17,-0.02367152473116193,98.07250305527407
2025_Singapore Grand Prix__ANT__3,2025_Singapore Grand Prix,ANT,HARD,18,0.011220284717065649,96.5626013105642
2025_Singapore Grand Prix__ANT__4,2025_Singapore Grand Prix,ANT,HARD,16,0.011369804503130253,97.01866778245659
2025_Singapore Grand Prix__BEA__1,2025_Singapore Grand Prix,BEA,MEDIUM,5,-0.7344215416079806,102.42099999999999
2025_Singapore Grand Prix__BEA__2,2025_Singapore Grand Prix,BEA,MEDIUM,13,-0.004653142601777867,98.63716535122337
2025_Singapore Grand Prix__BEA__3,2025_Singapore Grand Prix,BEA,HARD,19,0.08591703219717273,97.37753490050878
2025_Singapore Grand Prix__BEA__4,2025_Singapore Grand Prix,BEA,HARD,18,-0.2008785251562416,103.90077124633525
2025_Singapore Grand Prix__BOR__1,2025_Singapore Grand Prix,BOR,MEDIUM,5,-0.3941215416079814,101.52539999999999
2025_Singapore Grand Prix__BOR__3,2025_Singapore Grand Prix,BOR,HARD,26,0.0949103464863173,96.9311342684646
2025_Singapore Grand Prix__BOR__4,2025_Singapore Grand Prix,BOR,HARD,17,-0.027496060814444067,100.85170608232063
2025_Singapore Grand Prix__COL__1,2025_Singapore Grand Prix,COL,SOFT,5,-0.6824215416079809,102.51239999999999
2025_Singapore Grand Prix__COL__2,2025_Singapore Grand Prix,COL,SOFT,6,0.06230341220965192,98.19802683908084
2025_Singapore Grand Prix__COL__3,2025_Singapore Grand Prix,COL,MEDIUM,26,0.06104567660101599,97.66369997249774
2025_Singapore Grand Prix__COL__4,2025_Singapore Grand Prix,COL,MEDIUM,17,0.04083399789816539,98.03051420230267
2025_Singapore Grand Prix__GAS__1,2025_Singapore Grand Prix,GAS,MEDIUM,5,-0.581221541607978,102.58379999999998
2025_Singapore Grand Prix__GAS__2,2025_Singapore Grand Prix,GAS,MEDIUM,16,-0.041468418826625164,99.69786267851511
2025_Singapore Grand Prix__GAS__3,2025_Singapore Grand Prix,GAS,HARD,17,0.1358173785667675,96.685198867615
2025_Singapore Grand Prix__GAS__4,2025_Singapore Grand Prix,GAS,HARD,6,0.42155202058411756,89.9909945556957
2025_Singapore Grand Prix__GAS__5,2025_Singapore Grand Prix,GAS,SOFT,9,0.5922630363374105,93.41995852837233
2025_Singapore Grand Prix__HAD__1,2025_Singapore Grand Prix,HAD,SOFT,5,-0.7642215416079795,104.19664308321595
2025_Singapore Grand Prix__HAD__2,2025_Singapore Grand Prix,HAD,SOFT,11,0.03904522367403639,97.91949674113236
2025_Singapore Grand Prix__HAD__3,2025_Singapore Grand Prix,HAD,HARD,20,0.005475241197335316,98.29318780817829
2025_Singapore Grand Prix__HAD__4,2025_Singapore Grand Prix,HAD,HARD,15,-0.03878842051430735,99.66940031326848
2025_Singapore Grand Prix__HAM__1,2025_Singapore Grand Prix,HAM,MEDIUM,5,-0.8602178077718081,102.39399253232764
2025_Singapore Grand Prix__HAM__2,2025_Singapore Grand Prix,HAM,MEDIUM,16,0.029769761558137195,97.45741854890369
2025_Singapore Grand Prix__HAM__3,2025_Singapore Grand Prix,HAM,HARD,19,-0.005101793233882788,96.635048190457
2025_Singapore Grand Prix__HAM__4,2025_Singapore Grand Prix,HAM,SOFT,14,0.6825388663762969,89.21017689167783
2025_Singapore Grand Prix__HUL__1,2025_Singapore Grand Prix,HUL,MEDIUM,5,-0.5240140739356364,101.77997759698296
2025_Singapore Grand Prix__HUL__2,2025_Singapore Grand Prix,HUL,MEDIUM,16,-0.009066406592837925,98.80519269776876
2025_Singapore Grand Prix__HUL__3,2025_Singapore Grand Prix,HUL,HARD,16,0.013805671956484954,98.63998832868718
2025_Singapore Grand Prix__HUL__4,2025_Singapore Grand Prix,HUL,SOFT,13,0.24513667942711007,94.40819594540005
2025_Singapore Grand Prix__LAW__1,2025_Singapore Grand Prix,LAW,MEDIUM,5,-0.6900215416079819,102.42020000000001
2025_Singapore Grand Prix__LAW__2,2025_Singapore Grand Prix,LAW,MEDIUM,36,0.012490530866203345,98.58738398440175
2025_Singapore Grand Prix__LAW__4,2025_Singapore Grand Prix,LAW,SOFT,12,-0.2824625493018761,99.7831224586855
2025_Singapore Grand Prix__LEC__1,2025_Singapore Grand Prix,LEC,MEDIUM,5,-0.7387140739356356,101.84679999999999
2025_Singapore Grand Prix__LEC__2,2025_Singapore Grand Prix,LEC,MEDIUM,13,0.035424387602824695,97.2676153846154
2025_Singapore Grand Prix__LEC__3,2025_Singapore Grand Prix,LEC,HARD,21,-0.0025964694977336066,96.77483132383752
2025_Singapore Grand Prix__LEC__4,2025_Singapore Grand Prix,LEC,HARD,16,0.1374234569917494,93.60350501288099
2025_Singapore Grand Prix__NOR__1,2025_Singapore Grand Prix,NOR,MEDIUM,5,-0.45431034009946397,100.25437012931062
2025_Singapore Grand Prix__NOR__2,2025_Singapore Grand Prix,NOR,MEDIUM,18,-0.005325116247298359,97.35645442036464
2025_Singapore Grand Prix__NOR__3,2025_Singapore Grand Prix,NOR,HARD,16,0.06830907861228996,95.6337160373654
2025_Singapore Grand Prix__NOR__4,2025_Singapore Grand Prix,NOR,HARD,15,-0.05921830918155731,98.54192171639434
2025_Singapore Grand Prix__OCO__1,2025_Singapore Grand Prix,OCO,MEDIUM,5,-0.46551407393563693,101.78599999999999
2025_Singapore Grand Prix__OCO__2,2025_Singapore Grand Prix,OCO,MEDIUM,22,-0.012346920752905393,99.00918893816105
2025_Singapore Grand Prix__OCO__3,2025_Singapore Grand Prix,OCO,HARD,11,0.24238534623388705,96.77627861661468
2025_Singapore Grand Prix__OCO__4,2025_Singapore Grand Prix,OCO,HARD,17,-0.06801159033712913,101.12775532257821
2025_Singapore Grand Prix__PIA__2,2025_Singapore Grand Prix,PIA,MEDIUM,19,-0.0296702142865145,97.85353333333335
2025_Singapore Grand Prix__PIA__3,2025_Singapore Grand Prix,PIA,HARD,16,0.06535504371142165,95.52777588609074
2025_Singapore Grand Prix__PIA__4,2025_Singapore Grand Prix,PIA,HARD,17,-0.05002583864151971,98.16718470962016
2025_Singapore Grand Prix__RUS__1,2025_Singapore Grand Prix,RUS,MEDIUM,5,-0.5347140739356362,99.9348
2025_Singapore Grand Prix__RUS__2,2025_Singapore Grand Prix,RUS,MEDIUM,15,0.0488482548314858,96.28824863013698
2025_Singapore Grand Prix__RUS__3,2025_Singapore Grand Prix,RUS,HARD,18,0.0926047083141046,95.577573160209
2025_Singapore Grand Prix__RUS__4,2025_Singapore Grand Prix,RUS,HARD,15,-0.007175938342416863,97.05312950754129
2025_Singapore Grand Prix__SAI__1,2025_Singapore Grand Prix,SAI,MEDIUM,5,-0.5105215416079815,102.21940000000001
2025_Singapore Grand Prix__SAI__2,2025_Singapore Grand Prix,SAI,MEDIUM,35,-0.0046490967211877616,98.8698763056525
2025_Singapore Grand Prix__SAI__3,2025_Singapore Grand Prix,SAI,MEDIUM,5,0.16198592606436227,92.26859253232769
2025_Singapore Grand Prix__SAI__4,2025_Singapore Grand Prix,SAI,SOFT,10,-0.04303361351242722,96.31791584279493
2025_Singapore Grand Prix__STR__1,2025_Singapore Grand Prix,STR,SOFT,5,-0.46491407393563405,101.62997759698295
2025_Singapore Grand Prix__STR__2,2025_Singapore Grand Prix,STR,SOFT,30,0.02036924085857855,98.50714208379682
2025_Singapore Grand Prix__STR__4,2025_Singapore Grand Prix,STR,MEDIUM,17,-0.1803998319700026,100.91266394047194
2025_Singapore Grand Prix__TSU__1,2025_Singapore Grand Prix,TSU,SOFT,5,-0.7034215416079774,102.83359999999999
2025_Singapore Grand Prix__TSU__3,2025_Singapore Grand Prix,TSU,HARD,29,0.06780907075818911,97.28644074499007
2025_Singapore Grand Prix__TSU__4,2025_Singapore Grand Prix,TSU,HARD,14,-0.05189227187321832,100.30659987972577
2025_Singapore Grand Prix__VER__1,2025_Singapore Grand Prix,VER,SOFT,5,-0.5627140739356349,102.19374222180689
2025_Singapore Grand Prix__VER__2,2025_Singapore Grand Prix,VER,SOFT,11,0.032013198791635104,96.88653313089783
2025_Singapore Grand Prix__VER__3,2025_Singapore Grand Prix,VER,HARD,23,0.02700001078679745,96.08709242088432
2025_Singapore Grand Prix__VER__4,2025_Singapore Grand Prix,VER,HARD,17,-0.057967015112108174,99.08980318345822
2025_Spanish Grand Prix__ALB__2,2025_Spanish Grand Prix,ALB,SOFT,18,0.15805028915421115,80.46194463199362
2025_Spanish Grand Prix__ALO__1,2025_Spanish Grand Prix,ALO,SOFT,12,0.07518561942469298,81.77305197371422
2025_Spanish Grand Prix__ALO__2,2025_Spanish Grand Prix,ALO,MEDIUM,24,0.05221689303717852,81.00755389732603
2025_Spanish Grand Prix__ALO__3,2025_Spanish Grand Prix,ALO,SOFT,10,0.20051025698131847,78.84055130361821
2025_Spanish Grand Prix__ALO__4,2025_Spanish Grand Prix,ALO,SOFT,6,-0.4440658827411056,85.32829872404943
2025_Spanish Grand Prix__ANT__1,2025_Spanish Grand Prix,ANT,SOFT,19,0.05129073068097385,81.32322562357636
2025_Spanish Grand Prix__ANT__2,2025_Spanish Grand Prix,ANT,MEDIUM,23,0.013391201774027174,80.79450103165448
2025_Spanish Grand Prix__BEA__1,2025_Spanish Grand Prix,BEA,SOFT,6,-0.24241087350463078,83.67390026221294
2025_Spanish Grand Prix__BEA__2,2025_Spanish Grand Prix,BEA,MEDIUM,23,0.0012914013495339393,82.29490307391416
2025_Spanish Grand Prix__BEA__3,2025_Spanish Grand Prix,BEA,MEDIUM,15,0.07687276073192467,80.47403584250651
2025_Spanish Grand Prix__BEA__4,2025_Spanish Grand Prix,BEA,SOFT,6,-0.18860447264262384,83.56835696186685
2025_Spanish Grand Prix__BOR__1,2025_Spanish Grand Prix,BOR,SOFT,16,0.08857364293385098,81.83442776482616
2025_Spanish Grand Prix__BOR__2,2025_Spanish Grand Prix,BOR,MEDIUM,27,0.02504386937868738,81.46722537507416
2025_Spanish Grand Prix__BOR__4,2025_Spanish Grand Prix,BOR,SOFT,6,0.0027034122096539835,80.51577571274561
2025_Spanish Grand Prix__COL__1,2025_Spanish Grand Prix,COL,SOFT,12,0.027039409003808537,82.8085802087733
2025_Spanish Grand Prix__COL__2,2025_Spanish Grand Prix,COL,MEDIUM,22,0.07385934818836805,82.13447911853028
2025_Spanish Grand Prix__COL__3,2025_Spanish Grand Prix,COL,SOFT,10,-0.15393455143793336,82.29168288877828
2025_Spanish Grand Prix__COL__4,2025_Spanish Grand Prix,COL,SOFT,6,-0.2987887029380707,84.26726901675592
2025_Spanish Grand Prix__GAS__1,2025_Spanish Grand Prix,GAS,SOFT,8,0.0021716403500785663,82.03958529072841
2025_Spanish Grand Prix__GAS__2,2025_Spanish Grand Prix,GAS,SOFT,16,0.038244744044307236,81.70254909630233
2025_Spanish Grand Prix__GAS__3,2025_Spanish Grand Prix,GAS,MEDIUM,17,-0.06360708749142453,82.07258862978878
2025_Spanish Grand Prix__GAS__4,2025_Spanish Grand Prix,GAS,SOFT,6,-0.036261615499764914,79.91032954748681
2025_Spanish Grand Prix__HAD__1,2025_Spanish Grand Prix,HAD,SOFT,17,0.04284899826789996,81.67945836011337
2025_Spanish Grand Prix__HAD__2,2025_Spanish Grand Prix,HAD,MEDIUM,25,0.0043422384588868565,81.22498168119742
2025_Spanish Grand Prix__HAD__4,2025_Spanish Grand Prix,HAD,SOFT,6,-0.1023823020760619,80.48071744311423
2025_Spanish Grand Prix__HAM__1,2025_Spanish Grand Prix,HAM,SOFT,14,0.10237054144897853,80.56051914488383
2025_Spanish Grand Prix__HAM__2,2025_Spanish Grand Prix,HAM,MEDIUM,27,0.02605945900915107,80.46883064298524
2025_Spanish Grand Prix__HAM__3,2025_Spanish Grand Prix,HAM,SOFT,7,0.1590644974929347,77.92916624933902
2025_Spanish Grand Prix__HAM__4,2025_Spanish Grand Prix,HAM,SOFT,6,0.19288017483275804,77.10187184838975
2025_Spanish Grand Prix__HUL__1,2025_Spanish Grand Prix,HUL,SOFT,7,-0.05172521733153545,82.29552371266944
2025_Spanish Grand Prix__HUL__2,2025_Spanish Grand Prix,HUL,MEDIUM,33,-0.012858064095140122,82.16283008062693
2025_Spanish Grand Prix__HUL__3,2025_Spanish Grand Prix,HUL,SOFT,7,-0.041792645364210006,81.13040238718206
2025_Spanish Grand Prix__HUL__4,2025_Spanish Grand Prix,HUL,SOFT,6,-0.03640873988396274,79.09854073891533
2025_Spanish Grand Prix__LAW__1,2025_Spanish Grand Prix,LAW,SOFT,16,-0.021981544302031433,82.71628013200467
2025_Spanish Grand Prix__LAW__2,2025_Spanish Grand Prix,LAW,MEDIUM,21,-0.003602757368347961,81.7405902714377
2025_Spanish Grand Prix__LAW__3,2025_Spanish Grand Prix,LAW,SOFT,8,0.1408109414584849,79.80044166860799
2025_Spanish Grand Prix__LAW__4,2025_Spanish Grand Prix,LAW,SOFT,5,-0.035770685800786774,81.33669228437286
2025_Spanish Grand Prix__LEC__1,2025_Spanish Grand Prix,LEC,SOFT,15,0.04456239292857356,80.90583446994886
2025_Spanish Grand Prix__LEC__2,2025_Spanish Grand Prix,LEC,MEDIUM,20,0.064329644583963,79.69721144752515
2025_Spanish Grand Prix__LEC__3,2025_Spanish Grand Prix,LEC,MEDIUM,13,0.04709471727315419,79.68845902059648
2025_Spanish Grand Prix__LEC__4,2025_Spanish Grand Prix,LEC,SOFT,6,0.3892769744017528,74.1513148764066
2025_Spanish Grand Prix__NOR__1,2025_Spanish Grand Prix,NOR,SOFT,18,0.016858424151621434,80.76347906582137
2025_Spanish Grand Prix__NOR__2,2025_Spanish Grand Prix,NOR,MEDIUM,22,0.01117334157771983,80.1014782806313
2025_Spanish Grand Prix__NOR__3,2025_Spanish Grand Prix,NOR,SOFT,5,0.17438592606436176,77.48976667289634
2025_Spanish Grand Prix__NOR__4,2025_Spanish Grand Prix,NOR,SOFT,6,0.3451658891184719,73.41591946743738
2025_Spanish Grand Prix__OCO__1,2025_Spanish Grand Prix,OCO,SOFT,14,0.06617187345930414,82.13635676610748
2025_Spanish Grand Prix__OCO__2,2025_Spanish Grand Prix,OCO,MEDIUM,20,0.0881563485799801,80.7891519363013
2025_Spanish Grand Prix__OCO__3,2025_Spanish Grand Prix,OCO,MEDIUM,7,0.0019735403806439593,80.17335302796923
2025_Spanish Grand Prix__OCO__4,2025_Spanish Grand Prix,OCO,MEDIUM,6,0.030251603404183564,81.07750265584738
2025_Spanish Grand Prix__PIA__1,2025_Spanish Grand Prix,PIA,SOFT,20,0.05294156516210747,80.24276015037593
2025_Spanish Grand Prix__PIA__2,2025_Spanish Grand Prix,PIA,MEDIUM,25,-0.007001766243329135,80.33491806572367
2025_Spanish Grand Prix__PIA__4,2025_Spanish Grand Prix,PIA,SOFT,6,0.34927164035007646,73.09138244106117
2025_Spanish Grand Prix__RUS__1,2025_Spanish Grand Prix,RUS,SOFT,18,0.0592750489492197,81.03078143295234
2025_Spanish Grand Prix__RUS__2,2025_Spanish Grand Prix,RUS,MEDIUM,18,0.04198964123464169,80.25060913016237
2025_Spanish Grand Prix__RUS__3,2025_Spanish Grand Prix,RUS,SOFT,12,0.06933347851191539,79.16646632528223
2025_Spanish Grand Prix__RUS__4,2025_Spanish Grand Prix,RUS,SOFT,6,0.07842303197561355,77.73678321179301
2025_Spanish Grand Prix__SAI__1,2025_Spanish Grand Prix,SAI,SOFT,7,-0.01196854976694234,82.99375104294984
2025_Spanish Grand Prix__SAI__2,2025_Spanish Grand Prix,SAI,SOFT,22,0.050051281092008286,81.28192832110749
2025_Spanish Grand Prix__SAI__3,2025_Spanish Grand Prix,SAI,MEDIUM,16,-0.02534109972619344,81.34236660600584
2025_Spanish Grand Prix__SAI__4,2025_Spanish Grand Prix,SAI,SOFT,6,-0.3296997882213523,83.63808383327348
2025_Spanish Grand Prix__TSU__1,2025_Spanish Grand Prix,TSU,MEDIUM,6,-0.10779083655873928,83.27076431650251
2025_Spanish Grand Prix__TSU__2,2025_Spanish Grand Prix,TSU,SOFT,14,0.16512545441315904,80.56208446481001
2025_Spanish Grand Prix__TSU__3,2025_Spanish Grand Prix,TSU,SOFT,18,0.11250647643401357,80.26948607489622
2025_Spanish Grand Prix__TSU__4,2025_Spanish Grand Prix,TSU,SOFT,8,0.1835341172588936,78.9101563606716
2025_Spanish Grand Prix__TSU__5,2025_Spanish Grand Prix,TSU,SOFT,6,-0.17680553945295766,83.02221732267454
2025_Spanish Grand Prix__VER__1,2025_Spanish Grand Prix,VER,SOFT,11,0.11536910200478952,79.83746161346068
2025_Spanish Grand Prix__VER__2,2025_Spanish Grand Prix,VER,SOFT,14,0.0769683436467803,79.57799506081473
2025_Spanish Grand Prix__VER__3,2025_Spanish Grand Prix,VER,MEDIUM,15,0.15022089028177552,78.39663002679006
2025_Spanish Grand Prix__VER__4,2025_Spanish Grand Prix,VER,SOFT,6,0.30644626935251035,76.50918861577725
2025_Spanish Grand Prix__VER__5,2025_Spanish Grand Prix,VER,HARD,6,0.05092558277621604,78.38812018230834
